|Trinkflasche|,2015,00,00,﻿15.00,True,False,|Eigenbehalt|,True,BMF
|1 Buch, Schokolade|,2015,00,00,00.00,True,False,|Eigenbehalt|,True,BMF
|1 Buch,Schokolade|,2015,00,00,00.00,True,False,|Eigenbehalt|,True,BMF
|Kaffee, Tasse|,2015,00,00,00.00,True,False,|Eigenbehalt|,True,BMF
|1 Flasche Wein|,2015,00,00,33.00,False,True,|Verwertung|,False,BMF
|1 Buch|,2015,00,00,45.00,False,True,|Verwertung|,False,BMF
|1 Christstollen|,2015,00,00,00.00,True,False,|Eigenbehalt|,True,BMF
|1 F. Wein|,2015,00,00,00.00,True,False,|Eigenbehalt|,True,BMF
|1 Buch|,2015,00,00,40.00,False,True,|Verwertung|,False,BMF
|1 Akkuladegerät|,2015,00,00,00.00,True,False,|Eigenbehalt|,True,BMF
|1 Buch, Schokolade|,2015,00,00,00.00,True,False,|Eigenbehalt|,True,BMF
|iPad-Tasche|,2015,00,00,00.00,True,False,|Eigenbehalt|,True,BMF
|Kaffee, Tasse|,2015,00,00,00.00,True,False,|Eigenbehalt|,True,BMF
|Bewirtung|,2015,00,00,00.00,False,False,|Eigenbehalt|,True,BMF
|Bewirtung|,2015,00,00,00.00,False,False,|Eigenbehalt|,True,BMF
|Schokolade|,2015,00,00,00.00,True,False,|Eigenbehalt|,True,BMF
|1 Buch|,2015,00,00,00.00,True,False,|Eigenbehalt|,True,BMF
|1 Buch|,2015,00,00,34.80,False,True,|Verwertung|,False,BMF
|CD-Box (2 CDs)|,2015,00,00,00.00,True,False,|Eigenbehalt|,True,BMF
|Präsentkorb|,2015,00,00,100.00,False,True,|Eigenbehalt|,True,BMF
|1 Buch|,2015,00,00,65.00,False,True,|Aufnahme Bestand Bibliothek|,False,BMF
|Kaffee, Tasse|,2015,00,00,00.00,True,False,|Eigenbehalt|,True,BMF
|Buch|,2015,00,00,189.00,False,True,|Aufnahme Bestand Bibliothek|,False,BMF
|1 Buch, Schokolade|,2015,00,00,00.00,True,False,|Eigenbehalt|,True,BMF
|1 Buch|,2015,00,00,10.00,True,False,|Eigenbehalt|,True,BMF
|1 Buch|,2015,00,00,23.80,True,False,|Verwertung|,False,BMF
|1 Buch|,2015,00,00,179.99,False,True,|Verwertung|,False,BMF
|Krawatte|,2015,00,00,00.00,True,False,|Eigenbehalt|,True,BMF
|Maßband|,2015,00,00,00.00,True,False,|Eigenbehalt|,True,BMF
|3 kl. Fl. Spirituosen|,2015,00,00,50.00,False,True,|Eigenbehalt|,True,BMF
|Schokolade|,2015,00,00,00.00,True,False,|Eigenbehalt|,True,BMF
|Schokolade|,2015,00,00,00.00,True,False,|Eigenbehalt|,True,BMF
|Schokolade|,2015,00,00,60.00,False,True,|Verwertung|,False,BMF
|Schokolade|,2015,00,00,00.00,True,False,|Verwertung|,False,BMF
|Bewirtung|,2015,00,00,00.00,False,False,|Eigenbehalt|,True,BMF
|Bewirtung|,2015,00,00,00.00,False,False,|Eigenbehalt|,True,BMF
|1 Buch|,2015,00,00,79.00,False,True,|Aufnahme Bestand Bibliothek|,False,BMF
|1 Buch|,2015,00,00,38.00,False,True,|Aufnahme Bestand BibliothekBestand Bibliothek|,False,BMF
|CD-Box (2 CDs)|,2015,00,00,00.00,True,False,|Eigenbehalt|,True,BMF
|1 Buch|,2015,00,00,26.00,False,True,|Aufnahme Bestand Bibliothek|,False,BMF
|Bewirtung|,2015,00,00,15.00,True,False,|Eigenbehalt|,True,BMF
|Tuch|,2015,00,00,00.00,True,False,|Verwertung|,False,BMF
|1 Buch|,2015,00,00,39.80,False,True,|Verwertung|,False,BMF
|Keramikpfeife|,2015,00,00,00.00,True,False,|Eigenbehalt|,True,BMF
|1 Buch|,2015,00,00,11.00,True,False,|Aufnahme Bestand Bibliothek|,False,BMF
|1 Buch, Schokolade|,2015,00,00,00.00,True,False,|Eigenbehalt|,True,BMF
|1 Buch|,2015,00,00,39.80,False,True,|Verwertung|,False,BMF
|1 Buch|,2015,00,00,39.80,False,True,|Verwertung|,False,BMF
|1 F. Wein|,2015,00,00,00.00,True,False,|Verwertung|,False,BMF
|Kugelschreiber|,2015,00,00,00.00,True,False,|Eigenbehalt|,True,BMF
|Weihnachtsgebäck, Süßigkeiten|,2015,00,00,00.00,True,False,|Eigenbehalt|,True,BMF
|Bewirtung|,2015,00,00,18.00,True,False,|Eigenbehalt|,True,BMF
|2 Drucke|,2015,00,00,40.00,False,True,|Eigenbehalt|,True,BMF
|Bewirtung|,2015,00,00,00.00,False,False,|Eigenbehalt|,True,BMF
|Bewirtung|,2015,00,00,00.00,False,False,|Eigenbehalt|,True,BMF
|DVD, Kleidungsstück|,2015,00,00,100.00,False,True,|Eigenbehalt|,True,BMF
|Bewirtung|,2015,00,00,15.00,True,False,|Eigenbehalt|,True,BMF
|Bewirtung|,2015,00,00,18.00,True,False,|Eigenbehalt|,True,BMF
|1 Buch|,2015,00,00,40.00,False,True,|Verwertung|,False,BMF
|Bild|,2015,00,00,00.00,False,False,|Verwertung|,False,BMF
|1 F Wein|,2015,00,00,15.00,True,False,|Eigenbehalt|,True,BMF
|Glasskulptur|,2015,00,00,00.00,False,False,|Eigenbehalt|,True,BMF
|Bewirtung|,2015,00,00,18.00,True,False,|Eigenbehalt|,True,BMF
|Bewirtung|,2015,00,00,00.00,False,False,|Eigenbehalt|,True,BMF
|Bewirtung|,2015,00,00,00.00,False,False,|Eigenbehalt|,True,BMF
|1 Fl. Wein|,2015,00,00,8.00,True,False,|Eigenbehalt|,True,BMF
|1 Taschenmesser|,2015,00,00,00.00,True,False,|Eigenbehalt|,True,BMF
|Bewirtung|,2015,00,00,00.00,False,False,|Eigenbehalt|,True,BMF
|Bewirtung|,2015,00,00,00.00,False,False,|Eigenbehalt|,True,BMF
|1 Buch|,2015,00,00,138.00,False,True,|Aufnahme Bestand Bibliothek|,False,BMF
|1 Buch|,2015,00,00,138.00,False,True,|Aufnahme Bestand Bibliothek|,False,BMF
|1 Buch|,2015,00,00,138.00,False,True,|Aufnahme Bestand Bibliothek|,False,BMF
|Bewirtung|,2015,00,00,00.00,False,False,|Eigenbehalt|,True,BMF
|Bewirtung|,2015,00,00,00.00,False,False,|Eigenbehalt|,True,BMF
|Briefmarken|,2015,00,00,00.00,True,False,|Eigenbehalt|,True,BMF
|1 kl. Porzellanglocke|,2015,00,00,00.00,True,False,|Eigenbehalt|,True,BMF
|1 Fl. Wein, Senf|,2015,00,00,00.00,True,False,|Eigenbehalt|,True,BMF
|Tagungsteilnahme|,2015,00,00,00.00,False,False,|Eigenbehalt|,True,BMF
|1 Fl. Wein, Senf|,2015,00,00,00.00,True,False,|Eigenbehalt|,True,BMF
|kl. Stickbild|,2015,00,00,00.00,True,False,|Eigenbehalt|,True,BMF
|1 Buch|,2015,00,00,138.00,False,True,|Aufnahme Bestand Bibliothek|,False,BMF
|Bewirtung|,2015,00,00,00.00,False,False,|Eigenbehalt|,True,BMF
|Bewirtung|,2015,00,00,00.00,False,False,|Eigenbehalt|,True,BMF
|Bewirtung|,2015,00,00,00.00,False,False,|Eigenbehalt|,True,BMF
|Krawatte|,2015,00,00,00.00,True,False,|Eigenbehalt|,True,BMF
|Bewirtung|,2015,00,00,00.00,False,False,|Eigenbehalt|,True,BMF
|1 Buch|,2015,00,00,00.00,True,False,|Eigenbehalt|,True,BMF
|1 Buch|,2015,00,00,9.20,True,False,|Verwertung|,False,BMF
|1 Buch|,2015,00,00,00.00,True,False,|Eigenbehalt|,True,BMF
|Erinnerungsbrett Bahn|,2015,00,00,00.00,True,False,|Eigenbehalt|,True,BMF
|gerahmtes Plakat|,2015,00,00,80.00–150.00,False,False,|Aufnahme Bestand Bibliothek|,False,BMF
|1 Krawatte|,2015,00,00,00.00,True,False,|Eigenbehalt|,True,BMF
|Tagungsteilnahme|,2015,00,00,00.00,False,False,|Eigenbehalt|,True,BMF
|kl. Holzfigur, Stofftasche|,2015,00,00,00.00,True,False,|Eigenbehalt|,True,BMF
|kl. Holzfigur, Stofftasche|,2015,00,00,00.00,True,False,|Eigenbehalt|,True,BMF
|kl. Holzfigur, Stofftasche|,2015,00,00,00.00,True,False,|Eigenbehalt|,True,BMF
|1 Festschrift, 1 Kugelschreiber, 1 Notizbuch|,2015,00,00,00.00,True,False,|Eigenbehalt|,True,BMF
|Bewirtung|,2015,00,00,00.00,False,False,|Eigenbehalt|,True,BMF
|3 Eintrittskarten|,2015,00,00,150.00,False,True,|Verwertung|,False,BMF
|1 Fl. Wein|,2015,00,00,00.00,True,False,|Verwertung 102|,False,BMF
|Bewirtung|,2015,00,00,00.00,False,False,|Eigenbehalt|,True,BMF
|Bewirtung|,2015,00,00,00.00,False,False,|Eigenbehalt|,True,BMF
|Kugelschreiber, Duschgel, Notizblock|,2015,00,00,00.00,True,False,|Eigenbehalt|,True,BMF
|Bewirtung|,2015,00,00,00.00,False,False,|Eigenbehalt|,True,BMF
|1 Buch|,2015,00,00,101.00,False,True,|Aufnahme Bestand Bibliothek|,False,BMF
|1 Flasche Sekt, Konfekt|,2015,00,00,15.00,True,False,|Eigenbehalt|,True,BMF
|Eintrittskarte|,2015,00,00,30.00,False,True,|Eigenbehalt|,True,BMF
|Bewirtung|,2015,00,00,00.00,False,False,|Eigenbehalt|,True,BMF
|kl. Schmuckkästchen|,2015,00,00,00.00,True,False,|Verwertung|,False,BMF
|1 Buch|,2015,00,00,24.00,True,False,|Aufnahme Bestand Bibliothek|,False,BMF
|Miniatur-Wandschirm|,2015,00,00,00.00,True,False,|Verwertung|,False,BMF
|Computermouse|,2015,00,00,00.00,True,False,|Eigenbehalt|,True,BMF
|Computermouse|,2015,00,00,00.00,True,False,|Eigenbehalt|,True,BMF
|Stoffbild|,2015,00,00,00.00,False,False,|Eigenbehalt|,True,BMF
|Trinkflasche|,2015,00,00,00.00,True,False,|Eigenbehalt|,True,BMF
|Bewirtung|,2015,00,00,00.00,False,False,|Eigenbehalt|,True,BMF
|Bewirtung|,2015,00,00,30.00,False,True,|Eigenbehalt|,True,BMF
|Schokolade|,2015,00,00,00.00,True,False,|Eigenbehalt|,True,BMF
|Blumenstrauß|,2015,00,00,00.00,True,False,|Eigenbehalt|,True,BMF
|Keramikpfeife|,2015,00,00,00.00,True,False,|Eigenbehalt|,True,BMF
|Tagungsteilnahme, Bewirtung|,2015,00,00,00.00,False,False,|Eigenbehalt|,True,BMF
|Tagungsteilnahme, Bewirtung|,2015,00,00,00.00,False,False,|Eigenbehalt|,True,BMF
|Bild auf Leder|,2015,00,00,10.00,True,False,|Eigenbehalt|,True,BMF
|Schokolade|,2015,00,00,00.00,True,False,|Eigenbehalt|,True,BMF
|1 Buch|,2015,00,00,15.00,True,False,|Eigenbehalt|,True,BMF
|1 Flasche Wein|,2015,00,00,10.00,True,False,|Eigenbehalt|,True,BMF
|1 kl. Handgefertigte Skulptur|,2015,00,00,10.00,True,False,|Eigenbehalt|,True,BMF
|Bewirtung|,2015,00,00,20.00,True,False,|Eigenbehalt|,True,BMF
|2 F. Wein|,2015,00,00,00.00,True,False,|Eigenbehalt|,True,BMF
|Präsentkorb|,2015,00,00,20.00,True,False,|Eigenbehalt|,True,BMF
|Bewirtung|,2015,00,00,20.00,True,False,|Eigenbehalt|,True,BMF
|Bewirtung|,2015,00,00,00.00,False,False,|Eigenbehalt|,True,BMF
|Bewirtung|,2015,00,00,00.00,False,False,|Eigenbehalt|,True,BMF
|Bewirtung|,2015,00,00,00.00,False,False,|Eigenbehalt|,True,BMF
|Halstuch|,2015,00,00,20.00,True,False,|Eigenbehalt|,True,BMF
|1 Münze|,2015,00,00,00.00,True,False,|Eigenbehalt|,True,BMF
|1 Kugelschreiber|,2015,00,00,00.00,True,False,|Eigenbehalt|,True,BMF
|Bewirtung|,2015,00,00,00.00,False,False,|Eigenbehalt|,True,BMF
|1 FI. Spirituose|,2015,00,00,00.00,True,False,|Eigenbehalt|,True,BMF
|Schokolade|,2015,00,00,00.00,True,False,|Eigenbehalt|,True,BMF
|Bewirtung|,2015,00,00,00.00,False,False,|Eigenbehalt|,True,BMF
|Tagungsteilnahme|,2015,00,00,00.00,False,False,|Eigenbehalt|,True,BMF
|Porzellanfigur,Krawatte|,2015,00,00,00.00,False,False,|Verwertung|,False,BMF
|Bewirtung|,2015,00,00,00.00,False,False,|Eigenbehalt|,True,BMF
|Bewirtung|,2015,00,00,00.00,False,False,|Eigenbehalt|,True,BMF
|Bewirtung|,2015,00,00,00.00,False,False,|Eigenbehalt|,True,BMF
|Bewirtung|,2015,00,00,00.00,False,False,|Eigenbehalt|,True,BMF
|Kaffee|,2015,00,00,00.00,True,False,|Eigenbehalt|,True,BMF
|Kaffee|,2015,00,00,00.00,True,False,|Eigenbehalt|,True,BMF
|1 Buch|,2015,00,00,00.00,True,False,|Eigenbehalt|,True,BMF
|1 FI. Spirituose|,2015,00,00,00.00,True,False,|Eigenbehalt|,True,BMF
|1 Buch|,2015,00,00,32.90,False,True,|Aufnahme Bestand Bibliothek|,False,BMF
|Bewirtung|,2015,00,00,10.00,True,False,|Eigenbehalt|,True,BMF
|1 Fl. Spirituose|,2015,00,00,00.00,True,False,|Eigenbehalt|,True,BMF
|Briefmarken|,2015,00,00,00.00,True,False,|Eigenbehalt|,True,BMF
|Münzen|,2015,00,00,00.00,True,False,|Eigenbehalt|,True,BMF
|Bewirtung|,2015,00,00,00.00,False,False,|Eigenbehalt|,True,BMF
|Bewirtung|,2015,00,00,00.00,False,False,|Eigenbehalt|,True,BMF
|Bewirtung|,2015,00,00,00.00,False,False,|Eigenbehalt|,True,BMF
|Buch|,2015,00,00,00.00,True,False,|Eigenbehalt|,True,BMF
|Roll-on Eau de Toilette|,2015,00,00,00.00,True,False,|Eigenbehalt|,True,BMF
|Bewirtung|,2015,00,00,00.00,False,False,|Eigenbehalt|,True,BMF
|Tee|,2015,00,00,00.00,True,False,|Eigenbehalt|,True,BMF
|1 FI. Sekt|,2015,00,00,50.00,False,True,|Eigenbehalt|,True,BMF
|Bewirtung|,2015,00,00,00.00,False,False,|Eigenbehalt|,True,BMF
|kl. Quarz-Uhr|,2015,00,00,10.00,True,False,|Eigenbehalt|,True,BMF
|1 Fl. Wein, Wurst|,2015,00,00,00.00,True,False,|Eigenbehalt|,True,BMF
|diverse Kleinigkeiten|,2015,00,00,00.00,True,False,|Eigenbehalt|,True,BMF
|diverse Kleinigkeiten|,2015,00,00,00.00,True,False,|Eigenbehalt|,True,BMF
|Briefbeschwerer, Stofftasche|,2015,00,00,00.00,True,False,|Eigenbehalt|,True,BMF
|kl. Quarz-Uhr|,2015,00,00,00.00,True,False,|Verwertung|,False,BMF
|Kaffeetassen|,2015,00,00,00.00,True,False,|Eigenbehalt|,True,BMF
|1 Buch, 1 Fl. Wein|,2015,00,00,00.00,False,False,|Verwertung|,False,BMF
|Bewirtung|,2015,00,00,00.00,False,False,|Eigenbehalt|,True,BMF
|Bewirtung|,2015,00,00,00.00,False,False,|Eigenbehalt|,True,BMF
|Tee|,2015,00,00,00.00,True,False,|Eigenbehalt|,True,BMF
|Krawatte, Kaffee|,2015,00,00,00.00,True,False,|Eigenbehalt|,True,BMF
|Krawatte, Kaffee|,2015,00,00,00.00,True,False,|Eigenbehalt|,True,BMF
|kl. Quarz-Uhr, gerahmtes Bild|,2015,00,00,00.00,False,False,|Eigenbehalt|,True,BMF
|Holzschnitt mit Zollemblem|,2015,00,00,00.00,True,False,|Eigenbehalt|,True,BMF
|1 Buch|,2015,00,00,00.00,False,False,|Verwertung|,False,BMF
|1 Buch|,2015,00,00,00.00,True,False,|Eigenbehalt|,True,BMF
|1 Buch|,2015,00,00,00.00,True,False,|Eigenbehalt|,True,BMF
|1 Bild|,2015,00,00,00.00,True,False,|Verwertung|,False,BMF
|1 Dose, 3 Medaillen, 1 Schachtel|,2015,00,00,00.00,True,False,|teilweise Verwertung|,False,BMF
|1 Buch|,2015,00,00,68.00,False,True,|Verwertung|,False,BMF
|Bewirtung|,2015,00,00,00.00,False,False,|Eigenbehalt|,True,BMF
|Halstuch|,2015,00,00,00.00,True,False,|Eigenbehalt|,True,BMF
|Halstuch|,2015,00,00,00.00,True,False,|Eigenbehalt|,True,BMF
|Bewirtung|,2015,00,00,18.00,True,False,|Eigenbehalt|,True,BMF
|1 Uhr (Werbeprodukt)|,2015,00,00,00.00,True,False,|Eigenbehalt|,True,BMF
|2 Tassen, Kaffee|,2015,00,00,00.00,True,False,|Eigenbehalt|,True,BMF
|1 Buch|,2015,00,00,60.00,False,True,|Aufnahme Bestand Bibliothek|,False,BMF
|1 Fl. Spirituose|,2015,00,00,00.00,True,False,|Eigenbehalt|,True,BMF
|1 Buch|,2015,00,00,00.00,True,False,|Aufnahme Bestand Bibliothek|,False,BMF
|Tagungsteilnahme|,2015,00,00,00.00,False,False,|Eigenbehalt|,True,BMF
|Bewirtung|,2015,00,00,00.00,False,False,|Eigenbehalt|,True,BMF
|Bewirtung|,2015,00,00,00.00,False,False,|Eigenbehalt|,True,BMF
|Bewirtung|,2015,00,00,00.00,True,False,|Eigenbehalt|,True,BMF
|Bewirtung|,2015,00,00,00.00,True,False,|Eigenbehalt|,True,BMF
|Bewirtung|,2015,00,00,00.00,True,False,|Eigenbehalt|,True,BMF
|Bewirtung|,2015,00,00,00.00,True,False,|Eigenbehalt|,True,BMF
|kl. Wandbild, kl. Holzteller|,2015,00,00,00.00,False,False,|Verwertung|,False,BMF
|2 Lesezeichen|,2015,00,00,00.00,True,False,|Eigenbehalt|,True,BMF
|Briefbeschwerer, Stofftasche|,2015,00,00,00.00,True,False,|Eigenbehalt|,True,BMF
|Schokolade|,2015,00,00,00.00,True,False,|Eigenbehalt|,True,BMF
|1 kl. Schmuckkästchen|,2015,00,00,00.00,True,False,|Eigenbehalt|,True,BMF
|Blumenstrauß|,2015,00,00,00.00,True,False,|Eigenbehalt|,True,BMF
|Teilnahme Kongress|,2015,00,00,00.00,False,False,|Eigenbehalt|,True,BMF
|Nussknacker|,2015,00,00,00.00,True,False,|Eigenbehalt|,True,BMF
|USB-Speicherstick|,2015,00,00,00.00,True,False,|Eigenbehalt|,True,BMF
|2 F. Wein|,2015,00,00,20.00,True,False,|Eigenbehalt|,True,BMF
|Nussknacker|,2015,00,00,00.00,True,False,|Eigenbehalt|,True,BMF
|USB-Speicherstick|,2015,00,00,00.00,True,False,|Eigenbehalt|,True,BMF
|2 FI. Wein|,2015,00,00,20.00,True,False,|Eigenbehalt|,True,BMF
|Nussknacker|,2015,00,00,00.00,True,False,|Eigenbehalt|,True,BMF
|USB-Speicherstick|,2015,00,00,00.00,True,False,|Eigenbehalt|,True,BMF
|2 F. Wein|,2015,00,00,20.00,True,False,|Eigenbehalt|,True,BMF
|Nussknacker|,2015,00,00,00.00,True,False,|Eigenbehalt|,True,BMF
|USB-Speicherstick|,2015,00,00,00.00,True,False,|Eigenbehalt|,True,BMF
|2 F. Wein|,2015,00,00,20.00,True,False,|Eigenbehalt|,True,BMF
|Bewirtung|,2015,00,00,00.00,False,False,|Eigenbehalt|,True,BMF
|kl. Modellschiff, Zucker|,2015,00,00,50.00,False,True,|Eigenbehalt|,True,BMF
|Bewirtung|,2015,00,00,20.00,True,False,|Eigenbehalt|,True,BMF
|Zierteller, 2 Stoffsets|,2015,00,00,00.00,True,False,|Verwertung|,False,BMF
|Zierteller, 2 Stoffsets|,2015,00,00,00.00,True,False,|Verwertung|,False,BMF
|Zierteller, 2 Stoffsets|,2015,00,00,00.00,True,False,|Verwertung|,False,BMF
|1 Brieföffner|,2015,00,00,00.00,True,False,|Eigenbehalt|,True,BMF
|1 Bild, Nachbildung Volkstrachtkappe, Keramikfigur, Seidenstoff|,2015,00,00,00.00,False,False,|Verwertung|,False,BMF
|1 FI. Sekt|,2015,00,00,00.00,True,False,|Eigenbehalt|,True,BMF
|1 Krawatte|,2015,00,00,00.00,True,False,|Eigenbehalt|,True,BMF
|1 KraWatte|,2015,00,00,00.00,True,False,|Eigenbehalt|,True,BMF
|1 Krawatte|,2015,00,00,00.00,True,False,|Eigenbehalt|,True,BMF
|1 KraWatte|,2015,00,00,00.00,True,False,|Eigenbehalt|,True,BMF
|1 Krawatte|,2015,00,00,00.00,True,False,|Eigenbehalt|,True,BMF
|1 KraWatte|,2015,00,00,00.00,True,False,|Eigenbehalt|,True,BMF
|1 KraWatte|,2015,00,00,00.00,True,False,|Eigenbehalt|,True,BMF
|1 Krawatte|,2015,00,00,00.00,True,False,|Eigenbehalt|,True,BMF
|1 Uhr|,2015,00,00,00.00,True,False,|Eigenbehalt|,True,BMF
|1 Սhr|,2015,00,00,00.00,True,False,|Eigenbehalt|,True,BMF
|1 Powerbank-Akku|,2015,00,00,00.00,True,False,|Eigenbehalt|,True,BMF
|1 Buch|,2015,00,00,169.00,False,True,|Aufnahme Bestand Bibliothek|,False,BMF
|1 Buch|,2015,00,00,169.00,False,True,|Aufnahme Bestand Bibliothek|,False,BMF
|Bewirtung|,2015,00,00,00.00,False,False,|Eigenbehalt|,True,BMF
|1 Buch|,2015,00,00,169.00,False,True,|Aufnahme Bestand Bibliothek|,False,BMF
|Schal, Kalender|,2015,00,00,00.00,True,False,|Eigenbehalt|,True,BMF
|1 kl. Bild|,2015,00,00,00.00,True,False,|Eigenbehalt|,True,BMF
|1 Schale|,2015,00,00,00.00,True,False,|Eigenbehalt|,True,BMF
|1 kl. Bild|,2015,00,00,00.00,True,False,|Eigenbehalt|,True,BMF
|Nüsse, 1 Wandteller|,2015,00,00,00.00,True,False,|Eigenbehalt|,True,BMF
|1 Gemälde|,2015,00,00,00.00,False,False,|Verwertung|,False,BMF
|1 Schal|,2015,00,00,00.00,True,False,|Verwertung|,False,BMF
|1 Buch|,2015,00,00,00.00,True,False,|Aufnahme Bestand Bibliothek|,False,BMF
|Schokolade, kl. Blumenstrauß|,2015,00,00,00.00,True,False,|Eigenbehalt|,True,BMF
|1 FI. Wein|,2015,00,00,00.00,True,False,|Verwertung|,False,BMF
|1 Buch|,2015,00,00,80.00,False,True,|Aufnahme Bestand Bibliothek|,False,BMF
|1 Bild|,2015,00,00,00.00,True,False,|Eigenbehalt|,True,BMF
|Lebensmittel|,2015,00,00,00.00,True,False,|Eigenbehalt|,True,BMF
|1 DVD|,2015,00,00,00.00,True,False,|Verwertung|,False,BMF
|Bewirtung|,2015,00,00,00.00,False,False,|Eigenbehalt|,True,BMF
|Schokolade, Wimpel|,2015,00,00,00.00,True,False,|Eigenbehalt|,True,BMF
|1 Fl. Wein|,2015,00,00,00.00,True,False,|Eigenbehalt|,True,BMF
|1 Fl. Wein|,2015,00,00,00.00,True,False,|Eigenbehalt|,True,BMF
|1 F. Wein|,2015,00,00,00.00,True,False,|Eigenbehalt|,True,BMF
|1 Ikone|,2015,00,00,00.00,False,False,|Verwertung|,False,BMF
|DVD|,2015,00,00,00.00,True,False,|Eigenbehalt|,True,BMF
|Lebensmittel|,2015,00,00,00.00,True,False,|Eigenbehalt|,True,BMF
|Bewirtung|,2015,00,00,45,False,True,|Eigenbehalt|,True,BMF
|Bewirtung|,2015,00,00,00.00,False,False,|Eigenbehalt|,True,BMF
|Bewirtung|,2015,00,00,00.00,False,False,|Eigenbehalt|,True,BMF
|Bewirtung|,2015,00,00,00.00,False,False,|Eigenbehalt|,True,BMF
|1 Buch|,2015,00,00,00.00,True,False,|Aufnahme Bestand Bibliothek|,False,BMF
|1 Schal|,2015,00,00,00.00,True,False,|Eigenbehalt|,True,BMF
|1 Journal|,2015,00,00,00.00,True,False,|Eigenbehalt|,True,BMF
|1 Buch|,2015,00,00,80.οο,False,False,|Aufnahme Bestand Bibliothek|,False,BMF
|1 Buch|,2015,00,00,00.00,True,False,|Verwertung|,False,BMF
|Bewirtung|,2015,00,00,00.00,False,False,|Eigenbehalt|,True,BMF
|Kaffeetasse, Regenschirm, Schokolade|,2015,00,00,15.00,True,False,|Eigenbehalt|,True,BMF
|Bewirtung|,2015,00,00,00.00,False,False,|Eigenbehalt|,True,BMF
|1 Schal, Tasse, Broschüre|,2015,00,00,00.00,True,False,|Eigenbehalt|,True,BMF
|Bewirtung|,2015,00,00,00.00,False,False,|Eigenbehalt|,True,BMF
|Bewirtung|,2015,00,00,00.00,False,False,|Eigenbehalt|,True,BMF
|Bewirtung|,2015,00,00,00.00,False,False,|Eigenbehalt|,True,BMF
|Bewirtung|,2015,00,00,00.00,False,False,|Eigenbehalt|,True,BMF
|Bewirtung|,2015,00,00,00.00,False,False,|Eigenbehalt|,True,BMF
|Bewirtung|,2015,00,00,00.00,False,False,|Eigenbehalt|,True,BMF
|1 Buch|,2015,00,00,35.00,False,True,|Aufnahme Bestand Bibliothek|,False,BMF
|Bewirtung|,2015,00,00,00.00,False,False,|Eigenbehalt|,True,BMF
|Bewirtung|,2015,00,00,00.00,False,False,|Eigenbehalt|,True,BMF
|Wandteller|,2015,00,00,00.00,True,False,|Eigenbehalt|,True,BMF
|Bewirtung|,2015,00,00,15.00,True,False,|Eigenbehalt|,True,BMF
|Bewirtung|,2015,00,00,00.00,False,False,|Eigenbehalt|,True,BMF
|Bewirtung|,2015,00,00,00.00,False,False,|Eigenbehalt|,True,BMF
|2 Eintrittskarten|,2015,00,00,99.00,False,True,|Eigenbehalt|,True,BMF
|Kalender, 2 Mini-Christstollen|,2015,00,00,00.00,True,False,|Eigenbehalt|,True,BMF
|Eintrittskarte|,2015,00,00,15.00,True,False,|Eigenbehalt|,True,BMF
|Eintrittskarte|,2015,00,00,15.00,True,False,|Eigenbehalt|,True,BMF
|Eintrittskarte|,2015,00,00,15.00,True,False,|Eigenbehalt|,True,BMF
|Eintrittskarte|,2015,00,00,15.00,True,False,|Eigenbehalt|,True,BMF
|Eintrittskarte|,2015,00,00,15.00,True,False,|Eigenbehalt|,True,BMF
|Eintrittskarte|,2015,00,00,15.00,True,False,|Eigenbehalt|,True,BMF
|Eintrittskarte|,2015,00,00,15.00,True,False,|Eigenbehalt|,True,BMF
|Eintrittskarte|,2015,00,00,15.00,True,False,|Eigenbehalt|,True,BMF
|Eintrittskarte|,2015,00,00,15.00,True,False,|Eigenbehalt|,True,BMF
|1 Buch|,2015,00,00,22.00,True,False,|Aufnahme Bestand Bibliothek|,False,BMF
|1 Buch|,2015,00,00,33.00,False,True,|Aufnahme Bestand Bibliothek|,False,BMF
|1 Messingkännchen|,2015,00,00,00.00,True,False,|Eigenbehalt|,True,BMF
|1 Buch|,2015,00,00,33.00,False,True,|Aufnahme Bestand Bibliothek|,False,BMF
|1 Buch|,2015,00,00,35.00,False,True,|Aufnahme Bestand Bibliothek|,False,BMF
|1 Buch|,2015,00,00,37.80,False,True,|Aufnahme Bestand Bibliothek|,False,BMF
|1 Buch|,2015,00,00,35.00,False,True,|Aufnahme Bestand Bibliothek|,False,BMF
|1 Buch|,2015,00,00,37.80,False,True,|Aufnahme Bestand Bibliothek|,False,BMF
|1 Buch|,2015,00,00,22.00,True,False,|Verwertung|,False,BMF
|1 kl. Christstollen|,2015,00,00,10.00,True,False,|Eigenbehalt|,True,BMF
|1 Buch|,2015,00,00,37.80,False,True,|Verwertung|,False,BMF
|1 Buch|,2015,00,00,37.80,False,True,|Verwertung|,False,BMF
|1 Lebensmittelpräsent|,2015,00,00,00.00,True,False,|Eigenbehalt|,True,BMF
|1 Lebensmittelpräsent|,2015,00,00,00.00,True,False,|Eigenbehalt|,True,BMF
|1 Buch|,2015,00,00,00.00,True,False,|Aufnahme Bestand Bibliothek|,False,BMF
|Schokolade|,2015,00,00,00.00,True,False,|Eigenbehalt|,True,BMF
|1 Blumenstrauß, Schokolade|,2015,00,00,40.00,False,True,|Eigenbehalt|,True,BMF
|Schokolade|,2015,00,00,00.00,True,False,|Eigenbehalt|,True,BMF
|Weihnachtskalender|,2015,00,00,00.00,True,False,|Eigenbehalt|,True,BMF
|1 Buch|,2015,00,00,29.00,False,True,|Aufnahme Bestand Bibliothek|,False,BMF
|Bewirtung|,2015,00,00,20.00,True,False,|Eigenbehalt|,True,BMF
|1 Lebensmittelpräsent|,2015,00,00,00.00,True,False,|Eigenbehalt|,True,BMF
|1 Lebensmittelpräsent|,2015,00,00,00.00,True,False,|Eigenbehalt|,True,BMF
|1 Lebensmittelpräsent|,2015,00,00,00.00,True,False,|Eigenbehalt|,True,BMF
|1 Lebensmittelpräsent|,2015,00,00,00.00,True,False,|Eigenbehalt|,True,BMF
|1 Buch|,2015,00,00,39.80,False,True,|Verwertung|,False,BMF
|Schokolade|,2015,00,00,00.00,True,False,|Eigenbehalt|,True,BMF
|Kalender|,2015,00,00,00.00,True,False,|Eigenbehalt|,True,BMF
|1 Lebensmittelpräsent|,2015,00,00,00.00,True,False,|Eigenbehalt|,True,BMF
|2 Fl. Wein|,2015,00,00,00.00,True,False,|Eigenbehalt|,True,BMF
|1 Lebensmittelpräsent|,2015,00,00,00.00,True,False,|Eigenbehalt|,True,BMF
|1 Fl. Wein|,2015,00,00,00.00,True,False,|Eigenbehalt|,True,BMF
|1 Buch|,2015,00,00,15.00,True,False,|Aufnahme Bestand Bibliothek|,False,BMF
|1 Buch|,2015,00,00,00.00,True,False,|Eigenbehalt|,True,BMF
|1 Buch|,2015,00,00,00.00,True,False,|Eigenbehalt|,True,BMF
|Schokolade|,2015,00,00,00.00,True,False,|Eigenbehalt|,True,BMF
|1 Buch|,2015,00,00,00.00,True,False,|Eigenbehalt|,True,BMF
|Kalender|,2015,00,00,00.00,True,False,|Eigenbehalt|,True,BMF
|1 Sperrholz-Weihnachtsbäumchen|,2015,00,00,20.00,True,False,|Eigenbehalt|,True,BMF
|1 Buch|,2015,00,00,15.00,True,False,|Aufnahme Bestand Bibliothek|,False,BMF
|Weihnachsgebäck, Deko|,2015,00,00,25.00,False,False,|Eigenbehalt|,True,BMF
|1 Tischuhr (Plastik)|,2015,00,00,00.00,True,False,|Eigenbehalt|,True,BMF
|1 Dresdner Stollen|,2015,00,00,15.00,True,False,|Eigenbehalt|,True,BMF
|Schokolade|,2015,00,00,25.00,False,False,|Eigenbehalt|,True,BMF
|CD|,2015,00,00,00.00,True,False,|Verwertung|,False,BMF
|1 Buch|,2015,00,00,29.00,False,True,|Verwertung|,False,BMF
|1 Computertasche (Kunststoff), 1 Bild|,2015,00,00,00.00,True,False,|Eigenbehalt|,True,BMF
|1 Kugelschreiber-Set|,2015,00,00,00.00,True,False,|Eigenbehalt|,True,BMF
|CD|,2015,00,00,00.00,True,False,|Verwertung|,False,BMF
|1 Buch|,2015,00,00,29.00,False,True,|Aufnahme Bestand Bibliothek|,False,BMF
|1 Buch|,2015,00,00,30.00,False,True,|Aufnahme Bestand Bibliothek|,False,BMF
|Schokolade|,2015,00,00,00.00,True,False,|Eigenbehalt|,True,BMF
|Schokolade|,2015,00,00,00.00,True,False,|Eigenbehalt|,True,BMF
|Präsentkorb|,2015,00,00,100.00,False,True,|Eigenbehalt|,True,BMF
|1 Computertasche, Buch|,2015,00,00,00.00,False,False,|Verwertung|,False,BMF
|1 Kugelschreiber-Set|,2015,00,00,00.00,True,False,|Verwertung|,False,BMF
|1 Schal|,2015,00,00,00.00,True,False,|Verwertung|,False,BMF
|1 Schal, 1 Keramikflöte|,2015,00,00,00.00,True,False,|teilweise Eigenbehalt, Verwertung|,False,BMF
|1 gerahmte Mosaikschachtel|,2015,00,00,15.00,True,False,|teilweise Eigenbehalt, Verwertung|,False,BMF
|Schokolade|,2015,00,00,20.00,True,False,|Eigenbehalt|,True,BMF
|Glasschälchen, Tasche|,2015,00,00,00.00,True,False,|Verwertung|,False,BMF
|1 Schal, Schreibuntensil|,2015,00,00,00.00,True,False,|Verwertung|,False,BMF
|Schokolade|,2015,00,00,20.00,True,False,|Eigenbehalt|,True,BMF
|2 Bücher je 20 €|,2015,00,00,40.00,False,True,|teilweise Verwertung|,True,BMF
|1 FI. Spirituose|,2015,00,00,00.00,True,False,|Eigenbehalt|,True,BMF
|Schokolade|,2015,00,00,10.00,True,False,|Eigenbehalt|,True,BMF
