Das neue Wörterbuch für Leichte Sprache, 2010, 2, 17, 00,00, Behalten, success, BMAS
Taschenrechner, 2010, 5, 26, 00,00, Behalten, success, BMAS
1 Krawatte für Vortrag vor einer Delegation der vietnamesich-deutschen Wirtschaftsförderungsgesellschaft über Soziale Sicherung in Deutschland, 2010, 9, 21, 00,00, Behalten, success, BMAS
"1 Krawatte, 2010, 10, 19, 00,00, Behalten (Dienstgebrauch), success, BMAS
"CD ""Soldier of Love"" von Sade im Rahmen der Sitzung der Pflegekommission", 2010, 3, 2, 00,00, Behalten, success, BMAS
"Buch ""Wir sind das Volk"" v. Gerhard A. Ritter", 2010, 1, 11, 00,00, Behalten, success, BMAS
"4. Auflage Kommentar zum Betriebsrentengesetz von Marita Heinz, 2010, 4, 20, 00,00, Rueckgabe, fail, BMAS
4. Auflage Kommentar zum Betriebsrentengesetz, 2010, 5, 10, 00,00, Abgabe Dienstherr, fail, BMAS
Ersttagsblatt Sonderpostzeichen Knappschaft bei Feier 750 Jahre Knappschaft, 2010, 11, 16, 00,00, Behalten, success, BMAS
"3 Flaschen Wein (Riesling, 2010, 8, 5, 00,00, Behalten (Dienstgebrauch), success, BMAS
1 Flasche Assmannshäuser Höllenberg Spätburgunder für Teilnahme an Landräteseminar, 2010, 8, 18, 00,00, Behalten, success, BMAS
1 Krawatte für Vortrag von vietnames. Delegation organisiert von der vietnamesich-deutschen Wirtschaftsförderungsgesellschaft mbH, 2010, 9, 30, 00,00, Behalten, success, BMAS
Lesezeichen als Gastgeschenk bie einer chin. Delegation, 2010, 11, 9, 00,00, Behalten, success, BMAS
Buch über die Philippinen beim Treffen einer Botschaftsvertreterin, 2010, 11, 9, 00,00, Behalten, success, BMAS
Seidentuch bei Besuch einer indonesichen Delegation am 14.12.2010, 2010, 12, 20, 00,00, Behalten, success, BMAS
Kalender 2011 zum Jahreswechsel im Bereich Sozialpolitik, 2010, 12, 13, 00,00, Behalten, success, BMAS
Lesezeichen für Vortrag bei chin. Delegation, 2010, 12, 13, 00,00, Behalten, success, BMAS
Tageskarte Cebit für 05.03.2010, 2010, 3, 1, 00,00, Behalten (Dienstgebrauch), success, BMAS
"1 Flasche Wein, 2010, 10, 7, 00,00, Behalten (Dienstgebrauch), success, BMAS
Sozialgesetzbuch Textausgabe 2010 der Knappschaft Bahn See, 2010, 12, 7, 00,00, Behalten, success, BMAS
"Manschettenknöpfe, 2010, 6, 10, 00,00, Abgabe Dienstherr, fail, BMAS
Das neue Wörterbuch für Leichte Sprache, 2010, 2, 17, 00,00, Behalten, success, BMAS
Tageskarte Cebit für 03.03.2010, 2010, 3, 3, 00,00, Behalten (Dienstgebrauch), success, BMAS
Kapuzenjacke/T-shirt des Paritätischen, 2010, 4, 9, 00,00, Behalten, success, BMAS
Leichte Wind-Jacke mit Firmen-Logo anläßlich einer Mitarbeiter/innen-Schulung des BMAS-Bürgertelefons zum Thema Webportal einfach-teilhaben.de, 2010, 9, 20, 00,00, Behalten, success, BMAS
Tageskarte Cebit für Zeitraum 02.-06.03.2010, 2010, 1, 26, 00,00, Behalten (Dienstgebrauch), success, BMAS
"Zwei Porzellanbecher ""Royal Copenhagen"" Konferenz anl. von Reha Intern. am 10.11.2010 in Kopenhagen", 2010, 11, 24, 00,00, Behalten, success, BMAS
Wandkalender für 2011 mit Ikebanamotiven von Sozialreferent der Botschaft Japan, 2010, 12, 16, 00,00, Behalten, success, BMAS
Haarmeyer/Wutzke/Förster Präsenzkommentar zur Insolvenzordnung bei Gläubigerforum am 18.11.2010, 2010, 11, 23, 00,00, Behalten, success, BMAS
"Brettspiel ""kick it"" als Weihnachtsgruß", 2010, 12, 20, 00,00, Behalten, success, BMAS
Taschenspiegel einer jap. Delegation, 2010, 5, 25, 00,00, Behalten, success, BMAS
Wildschweinslami + Schneidemesser minderer Qualität, 2010, 12, 22, 00,00, Behalten, success, BMAS
"Farbiges Stofftuch ca. 2x1m für Vortrag vor indon. Delegation, 2010, 9, 23, 00,00, Behalten (Dienstgebrauch), success, BMAS
"4. Auflage Kommentar zum Betriebsrentengesetz von Marita Heinz, 2010, 4, 20, 00,00, Rueckgabe, fail, BMAS
4. Auflage Kommentar zum Betriebsrentengesetz, 2010, 5, 10, 00,00, Abgabe Dienstherr, fail, BMAS
Eintrittskarte zur Messe Orgatec im Zuge von Mitgliedschaft des BMAS im dnb (Deutsches Netzwerk Büro e.V.), 2010, 11, 18, 00,00, Behalten, success, BMAS
Kamm aus Horn bei Delegationsreise des chin. Ministeriums mit Gespräch im BMAS, 2010, 11, 12, 00,00, Behalten, success, BMAS
Leichte Wind-Jacke mit Firmen-Logo anläßlich einer Mitarbeiter/innen-Schulung des BMAS-Bürgertelefons zum Thema trägerübergreifendes Persönliches Budget, 2010, 9, 20, 00,00, Behalten, success, BMAS
1 Flasche Wein bei  Landräteseminar Hessen, 2010, 8, 25, 00,00, Behalten, success, BMAS
Bild und DVD als Dank für den Vortrag über die Regelungen des über- und zwischenstaatl. Sozialversicherungsrechts, 2010, 7, 16, 00,00, Abgabe Dienstherr, fail, BMAS
Herrenhemd für Vortrag für eine indonesiche Delegation, 2010, 9, 23, 00,00, Behalten, success, BMAS
2 Flaschen Wein für guten Zusammenarbeit, 2010, 12, 7, 00,00, Behalten, success, BMAS
"Silberner Parkscheinhalter aus Edelstahl, 2010, 12, 16, 00,00, Abgabe Dienstherr, fail, BMAS
2 CD´s bei Informationsveranstaltung über deutsche Arbeitsmarktpolitik, 2010, 9, 9, 00,00, Behalten, success, BMAS
"Buch ""125 Jahre gesetzl. Unfallversicherung - Steiflichter"" von der UK Bund-Verwaltung bei der Vorstandssitzung der UK-Bund", 2010, 6, 18, 00,00, Behalten, success, BMAS
"Nachdruck ""Reform der Armenpflege""", 2010, 3, 1, 00,00, Behalten, success, BMAS
"Gesteck mit Kunstblume in Glasvase beim Besuch einer Gruppe von behinderten Menschen, 2010, 10, 4, 00,00, Behalten (Dienstgebrauch), success, BMAS
"Teegeschenkkarton Heiko Blume, 2010, 10, 4, 00,00, Behalten (Dienstgebrauch), success, BMAS
Schokolade als Weihnachtsgruss, 2010, 12, 14, 00,00, Behalten, success, BMAS
"Holzdekoration von Direktor Arbeitsministerium Südkorea, 2010, 3, 23, 00,00, Rueckgabe, fail, BMAS
2 Dankesschreiben in Glasrahmen, 2010, 1, 27, 00,00, Abgabe Dienstherr, fail, BMAS
Teilnahme an Frühlingsfest des Deutschen Führungskräfteverbandes UAL am 04.05.2010, 2010, 4, 19, 00,00, Behalten (Dienstgebrauch), success, BMAS
Brokatstickerei hinter Glas im Holzrahmen bei Vortrags- und Gesprächstermin einer chin. Delegation, 2010, 11, 2, 00,00, Behalten, success, BMAS
"1 Musik-CD mit Folklore, 2010, 11, 16, 00,00, Behalten (Dienstgebrauch), success, BMAS
"Wandkalender ""Ikebana 2011"" bzgl. verschiedener Arbeitskontakten von jap. Botschaft", 2010, 12, 13, 00,00, Behalten, success, BMAS
Karton mit Schlüsselanhänger sowie Visitenkartenbox/Delegation aus Südafrika, 2010, 3, 22, 00,00, Behalten, success, BMAS
Geschenkset (Taschenspiegel und Schlüsselanhänger) bei Vortrag vor chin. Delegation, 2010, 11, 4, 00,00, Behalten, success, BMAS
"4. Auflage Kommentar zum Betriebsrentengesetz von Marita Heinz, 2010, 4, 22, 00,00, Rueckgabe, fail, BMAS
"4.  Auflage Kommentar zum Betriebsrentengesetz mit Versorgungsausgleich von Kemper/Kisters-Kölkers/Berenz/Huber aus der Reihe Arbeitsrechtl. Kurzkommentare vom Pensions-Sicherungs-Verein, 2010, 5, 20, 00,00, Rueckgabe, fail, BMAS
1 Dose grünen Tee bei Fachespräch - mit Dolmetschern - organisiert über die jap. Botschaft im BMAS über die Riester-Rente und die betriebl. Altersversorgung, 2010, 9, 14, 00,00, Behalten, success, BMAS
Krawatte mit Logo des Germanischen Loyds (GL) für Vortrag Umsetzung des ILO-Seearbeitsübereinkommens beim GL in Hamburg, 2010, 5, 12, 00,00, Behalten, success, BMAS
Wandkalender zu Weihnachten, 2010, 12, 8, 00,00, Behalten, success, BMAS
Bausparkassen-Fachbuch 09/10, 2010, 1, 26, 00,00, Behalten, success, BMAS
Eintrittskarte zur Messe Orgatec im Zuge von Mitgliedschaft des BMAS im dnb (Deutsches Netzwerk Büro e.V.), 2010, 11, 18, 00,00, Behalten, success, BMAS
Tageskarte Cebit für 05.03.2010, 2010, 3, 1, 00,00, Behalten (Dienstgebrauch), success, BMAS
Schreibblock mit Kugelschreiber in farbigem Einband von jap. Besucherdelegation, 2010, 5, 25, 00,00, Behalten, success, BMAS
Porzellanclogs - Größe 4 für Vortrag vor Referenten aus dem niederl. Arbeits- und Sozialministerium, 2010, 10, 7, 00,00, Behalten, success, BMAS
Buchstütze mit Relief der chin. Mauer für Vortrag vor einer chin. Delegation, 2010, 11, 16, 00,00, Behalten, success, BMAS
Visitenkartenhalter bei Vortrag vor einer chin. Delegation, 2010, 11, 11, 00,00, Behalten, success, BMAS
Schreibblock mit Kugelschreiber in farbigem Einband von jap. Besucherdelegation, 2010, 5, 28, 00,00, Behalten, success, BMAS
2 CD´s Geschenk von der Delegation des Dänischen Beschäftigungsrates anläßlich ihres Besuches im BMAS, 2010, 9, 13, 00,00, Behalten, success, BMAS
Visitenkartenbox und Schlüsselanhänger/Delegation Südafrika, 2010, 3, 22, 00,00, Behalten, success, BMAS
"Brettspiel ""kick it"" als Weihnachtsgruß bei Ordensveranstaltung 2010", 2010, 12, 20, 00,00, Behalten, success, BMAS
Kalender 2011 bei Ordensveranstaltung 2011, 2010, 12, 21, 00,00, Behalten, success, BMAS
"Einlad. Festakt/Galabuffet ""Mestermacher Preis Spitzenvater 2010"" Restaurant Deutscher Bundestag/dienst. Nutzung", 2010, 1, 13, 00,00, Behalten (Dienstgebrauch), success, BMAS
"Einlad. Essen im Adlon ""Mestermacher Preises Managerin des Jahres 2010"" dienst. Nutzung am 17.09.2010", 2010, 7, 15, 00,00, Behalten (Dienstgebrauch), success, BMAS
Teilnahme an einem Essen im Hotel InterContinental zur Verleihung des Mestermacher Preises Spitzenvater des Jahres 2011, 2010, 11, 11, 00,00, Behalten, success, BMAS
2 Flaschen Wein für Vortrag bei Stadt Ulm zur UN-Behindertenkonvention, 2010, 4, 1, 00,00, Behalten, success, BMAS
"2 Packungen Räucherstäbchen, 2010, 4, 22, 00,00, Behalten (Dienstgebrauch), success, BMAS
"Brettspiel ""kick it"" als Weihnachtsgruß bei Ordensveranstaltung 2010", 2010, 12, 21, 00,00, Behalten, success, BMAS
dünnes Seidentüchlein/Gespräch zu Fragen der ges. Unfallversicherung mit Herrn aus Taiwan, 2010, 4, 28, 00,00, Behalten, success, BMAS
"Visitenkartenetui aus Edelstahl mit Dekor von Director Equal Employment Policy Division, 2010, 3, 23, 00,00, Rueckgabe, fail, BMAS
"1 Flasche Qualitätswein Ahr 0, 2010, 12, 22, 00,00, Behalten (Dienstgebrauch), success, BMAS
"1 Stück Schwarzwälder Schinken, 2010, 12, 22, 00,00, Abgabe Dienstherr, fail, BMAS
"Taschenbuch ""Erfolgreiche Beratung"" ", 2010, 12, 22, 00,00, Abgabe Dienstherr, fail, BMAS
Haarmeyer/Wutzke/Förster Präsenzkommentar zur Insolvenzordnung bei Gläubigerforum am 18.11.2010, 2010, 11, 19, 00,00, Behalten, success, BMAS
Haarmeyer/FrindInsolvenzrecht bei Gläubigerforum am 18.11.2010, 2010, 11, 19, 00,00, Behalten, success, BMAS
Haarmeyer/Wutzke/Förster Handbuch der vorläufigen Insolvenz bei Gläubigerforum am 18.11.2010, 2010, 11, 19, 00,00, Abgabe Dienstherr, fail, BMAS
Armbanduhr bei aktiver Teilnahme von StS bei Veranstaltung der belg. Ratspräsidenschaft, 2010, 12, 28, 00,00, Abgabe Dienstherr, fail, BMAS
"Sachbuch ""Vertrauen ist gut"" von Unbekannt", 2010, 2, 11, 00,00, Behalten, success, BMAS
"Buch ""Der Sozialstaat im Urteil der Bevölkerung"" von Prof. Dr. Wolfgang Glatzer Goethe-Uni Frankfurt", 2010, 5, 3, 00,00, Behalten, success, BMAS
Miniatur Buddy Bär stehend auf Sockel, 2010, 5, 5, 00,00, Behalten, success, BMAS
"MetallRente Studie 2010 ""Jugend, 2010, 5, 7, 00,00, Abgabe Dienstherr, fail, BMAS
Mosaikstier - Sozialreferentenseminar im BMAS, 2010, 5, 25, 00,00, Behalten, success, BMAS
"Medienhandbuch Berlin 2010 von Hennes Schulz, 2010, 5, 25, 00,00, Rueckgabe, fail, BMAS
Buch über die Braunkohle im Zeitraum 1985 bis 2010, 2010, 6, 8, 00,00, Abgabe Dienstherr, fail, BMAS
Standuhr (goldfarben auf Sockel aus Holz) bei Gesprächen mit der indischen Delegation unter Leitung des indischen Staatssekretärs Bandyopadhyay am 31.05.2010, 2010, 6, 9, 00,00, Abgabe Dienstherr, fail, BMAS
"Buch ""In diesem Geschäft gibt es keine Mathematik"" ", 2010, 6, 15, 00,00, Behalten, success, BMAS
"Flasche Riesling Spätlese trocken sowie DVD ""Zerrissene Umarmungen"" als Dank für eine Rede am 18.06.2010", 2010, 6, 21, 00,00, Behalten, success, BMAS
"Buch mit dem Titel ""Andere Augen - ein Fotolesetasthörbuch"" für Rede ", 2010, 5, 25, 00,00, Abgabe Dienstherr, fail, BMAS
"Porzellanschälchen von KPM für Teilnahme und Rede an der Sitzung des ZDH-Ausschusses ""Sozialversicherung""", 2010, 7, 1, 00,00, Abgabe Dienstherr, fail, BMAS
Bilderrahmen mit 10 schweizer Briefmarken, 2010, 7, 22, 00,00, Behalten, success, BMAS
Porzellanteller von Royal Delft, 2010, 9, 3, 00,00, Abgabe Dienstherr, fail, BMAS
Schmuckkästchen mit Hamsa-Symbol, 2010, 9, 6, 00,00, Abgabe Dienstherr, fail, BMAS
2 CD´s durch persönliche Überreichung, 2010, 9, 14, 00,00, Abgabe Dienstherr, fail, BMAS
1 Memospiel Nutzfahrzeuge - unaufgefordert zugeschickt, 2010, 10, 13, 00,00, Behalten, success, BMAS
"Buch zum Thema ""Ghettorenten"", 2010, 10, 15, 00,00, Behalten (Dienstgebrauch), success, BMAS
"Buch ""Zeugnisse des Holocaust - Gedenken in Yad Vashem; Gastgeschenk bei einer Dienstreise nach Israel", 2010, 10, 15, 00,00, Abgabe Dienstherr, fail, BMAS
"3 israelische Briefmarken in Acryl, 2010, 10, 26, 00,00, Behalten (Dienstgebrauch), success, BMAS
"Buch von Sven Söllner ""Studiengebühren und das Menschenrecht auf Bildung"" sowie Buch von Jürgen Meyer ""Charta der Grundrechte der Europäischen Union""", 2010, 10, 26, 00,00, Abgabe Dienstherr, fail, BMAS
"Buch von Ulrike Lange-Michael und Lörg Lantelmé: ""Gudensberg"" als Gastgeschenk bei einer Podiumsdiskussion ", 2010, 11, 8, 00,00, Behalten, success, BMAS
Taschenkalender, 2010, 11, 17, 00,00, Behalten, success, BMAS
Präsentkorb, 2010, 11, 23, 00,00, Behalten, success, BMAS
"Buch ""55 Gründe Ingenieur zu werden""  von Autor Dr.-Ing. Ekkehard Schulz", 2010, 11, 23, 00,00, Abgabe Dienstherr, fail, BMAS
Buchkalender für das Jahr 2011 von Repräsentant der Taipeh Vertretung der Bundesrepublik Deutschland, 2010, 11, 23, 00,00, Abgabe Dienstherr, fail, BMAS
"Buch ""Werte Wissen Wachstum"" von Dr. Klaus Engel und Michael Vassiliadis ", 2010, 11, 25, 00,00, Abgabe Dienstherr, fail, BMAS
"Buch ""Juristinnen"" von Marion Röwekamp ", 2010, 12, 6, 00,00, Abgabe Dienstherr, fail, BMAS
Strohhauers Original Heidelberger Christstollen, 2010, 12, 7, 00,00, Behalten, success, BMAS
Vier Tassen, 2010, 12, 7, 00,00, Behalten, success, BMAS
"Buch ""Einundzwanzig Jahrhundertgefahren Jahrhundertchancen""", 2010, 12, 10, 00,00, Abgabe Dienstherr, fail, BMAS
2 Bücher: Aus Politik und Kultur 7; Digitalisierung: Kunst und Kultur sowie 2 Bücher: Aus Politik und Kultur 6; Künstlerleben: Zwischen Hype und Havarie v. Olaf Zimmermann/Theo Geißler im Rahmen einer Besprechung, 2010, 12, 20, 00,00, Abgabe Dienstherr, fail, BMAS
"Porzellanbecher, 2010, 12, 28, 00,00, Rueckgabe, fail, BMAS
"Bildband ""Hidden China"" von Alessandra Meniconzi", 2010, 12, 28, 00,00, Abgabe Dienstherr, fail, BMAS
1 silbernen Schutzengel-Schlüsselanhänger, 2010, 8, 26, 00,00, Behalten, success, BMAS
Regenschirm bei Gespräch zum ELENA-Verfahren, 2010, 12, 1, 00,00, Behalten, success, BMAS
"Buch von Daniel Kehlmann ""Die Vermessung der Welt"" für dienstl. Vortrag ", 2010, 3, 16, 00,00, Behalten, success, BMAS
Einladung  zum Eishockey-Bundesliga-Spiel in Berlin, 2010, 12, 17, 00,00, Behalten, success, BMAS
Einfaches gerahmtes Bildchen mit traditioneller chin. Darstellung bei Besuch einer 25-köpfigen chin. Besuchergruppe am 02.11.2010 in Berlin zu einem Vortrag zum Thema Arbeitsschutzsystem in Deutschland, 2010, 11, 8, 00,00, Behalten, success, BMAS
"CD ""Soldier of Love"" von Sade im Rahmen der Sitzung der Pflegekommission am 01.03.2010", 2010, 3, 2, 00,00, Behalten, success, BMAS
Heidelberger Christstollen (1.500 g), 2010, 12, 3, 00,00, Behalten, success, BMAS
Rückgabe Cebit-Tageskarte, 2010, 3, 2, 00,00, Behalten, success, BMAS
Buch als Geburtstagsgruß, 2011, 6, 17, 00,00, Behalten, success, BMAS
Tischkalender als Dank für die gute Zusammenarbeit, 2011, 12, 20, 00,00, Behalten, success, BMAS
"Buch ""Zeitbombe Internet"" als Weihnachtspräsent", 2011, 12, 19, 00,00, Behalten, success, BMAS
 Glas Honig und ein Tütchen Wildblumensamen als Weihnachtspräsent, 2011, 12, 19, 00,00, Behalten, success, BMAS
"Unaufgeforderte Zusendung des Buches ""Ich arbeite in einem Irrenhaus"" ", 2011, 10, 12, 00,00, Behalten, success, BMAS
"Flasche Wein (Staatliche Weinbaudomäne Oppenheim, 2011, 7, 25, 00,00, Behalten (Dienstgebrauch), success, BMAS
1 Küchenmesser (Obstmesser) aus Solingen mit vergoldeter Klinge bei Implementierungsreise Stadt Solingen am 16.09.2011, 2011, 10, 5, 00,00, Behalten, success, BMAS
Flasche Wein (Wachtenburg Secco weiß trocken), 2011, 7, 25, 00,00, Behalten, success, BMAS
Adventskalender mit Schokoladenfüllung von Vivento zur Weihnachtszeit, 2011, 11, 16, 00,00, Behalten, success, BMAS
Kugelschreiber und Schlüsselanhänger bei Treffen einer südkoreanischen Regierungsdelegation im BMAS, 2011, 9, 1, 00,00, Behalten, success, BMAS
Bild von Behinderten bei Ausstellungsgestaltung, 2011, 9, 16, 00,00, Behalten, success, BMAS
Keramikfigur als Gastgeschenk der chin. Delegation; Gespräch zur Arbeitsmarkt- und Sozialpolitik in Deutschland, 2011, 4, 27, 00,00, Behalten, success, BMAS
grüner Schal als Gastgeschenk bei bilateralem Gespräch zur Vertiefung der Zusammenarbeit mit dem vietnam. Partnerministerium, 2011, 4, 27, 00,00, Abgabe Dienstherr, fail, BMAS
Vase als Gastgeschenk für Teilnahme am ASEM-Forum in Vietnam, 2011, 4, 27, 00,00, Behalten, success, BMAS
Kleiner Holzfächer bei Besuch einer koreanischen Delegation am 15.06.2011, 2011, 6, 24, 00,00, Behalten, success, BMAS
Schmuckkästchen durch Besuch einer Delegation aus Korea am 16.11.2011, 2011, 1, 10, 00,00, Behalten, success, BMAS
Kleine Vase durch Besuch einer Delegation aus China, 2011, 1, 10, 00,00, Behalten, success, BMAS
Schreibset als Weihnachtsgruß, 2011, 1, 10, 00,00, Behalten, success, BMAS
Taschenspiegel mit Schlüsselanhänger, 2011, 1, 10, 00,00, Behalten, success, BMAS
Kamm, 2011, 1, 10, 00,00, Behalten, success, BMAS
Gastgeschenk der vietnamesischen Delegation am 18.11.2011 - ein Teebehälter, 2011, 11, 18, 00,00, Behalten, success, BMAS
"Buch des norwegischen Autors Bjornstad ""Die Frau im Tal"" für Vortrag zu CSR anl. Sitzung Norw. Wirtschaftsrat ", 2011, 4, 7, 00,00, Behalten, success, BMAS
Wandkalender/Schokolade, 2011, 12, 23, 00,00, Behalten, success, BMAS
Seidenschal von Chin. Delegation d. Nationalen Kommission für Bevölkerung und Familienplanung der Volksrepublik China, 2011, 9, 19, 00,00, Behalten, success, BMAS
Taschenspiegel und Wandteller bei Besuch einer Delegation aus China am 13.12.2010, 2011, 1, 10, 00,00, Behalten, success, BMAS
Buch bei Besuch einer Delegation aus China, 2011, 3, 9, 00,00, Behalten, success, BMAS
"Flasche Brut Magnum im Rahmen einer Veranstaltung ""MCC Zukunftsmarkt Altersvorsorge""", 2011, 3, 14, 00,00, Behalten, success, BMAS
"1 Flasche Weißwein, 2011, 6, 16, 00,00, Behalten (Dienstgebrauch), success, BMAS
"Buch/Katalog ""Kunst trotz(t) Armut""", 2011, 8, 8, 00,00, Behalten, success, BMAS
Glas - geformt wie Kohlblätter - bei Betreuung der chin. Delegation am 09.06.2011, 2011, 6, 15, 00,00, Abgabe Dienstherr, fail, BMAS
1 Küchenmesser (Obstmesser) aus Solingen mit vergoldeter Klinge bei Implementierungsreise Stadt Solingen am 16.09.2011, 2011, 9, 21, 00,00, Behalten, success, BMAS
Kicker-Spiel als Weihnachtsgruß, 2011, 1, 13, 00,00, Behalten, success, BMAS
Mittagessen bei Int. Delegation der OECD, 2011, 7, 1, 00,00, Behalten, success, BMAS
Kugelschreiber und Schlüsselanhänger bei Treffen einer südkoreanischen Regierungsdelegation im BMAS, 2011, 9, 1, 00,00, Behalten, success, BMAS
Kochbuch für Betreuung einer Inhouse-Schulung, 2011, 10, 26, 00,00, Behalten, success, BMAS
1 Motivteller bei Teilnahme am internationalen Workshop in Seoul (31.08.-05.09.2011), 2011, 9, 8, 00,00, Behalten, success, BMAS
"1 Mini-Bildband Australien, 2011, 9, 8, 00,00, Behalten (Dienstgebrauch), success, BMAS
"Broschüren zur Stadtinformation, 2011, 9, 8, 00,00, Rueckgabe, fail, BMAS
1 Etui mit Nagelpflegeutensilien (mit Aufdruck) bei Teilnahme am internationalen Workshop in Seoul (31.08.-05.09.2011), 2011, 9, 8, 00,00, Behalten, success, BMAS
1 Fächer bei Teilnahme am internationalen Workshop in Seoul (31.08.-05.09.2011), 2011, 9, 8, 00,00, Behalten, success, BMAS
"15-teiliges Besteckset, 2011, 9, 8, 00,00, Behalten (Dienstgebrauch), success, BMAS
"1 Notizzettelhalter, 2011, 9, 8, 00,00, Abgabe Dienstherr, fail, BMAS
1 ungefülltes Schmuckkästchen bei Teilnahme am internationalen Workshop in Seoul (31.08.-05.09.2011), 2011, 9, 8, 00,00, Behalten, success, BMAS
1 Flache Wein bei Vortrag beim Deutschen Bauernverband, 2011, 3, 18, 00,00, Behalten, success, BMAS
Pralinen von Leonidas als Präsent zum Jahreswechsel/Dank für Zusammenarbeit, 2011, 1, 11, 00,00, Behalten, success, BMAS
Wandkalender für Infogespräch mit Integrationsamt Berlin, 2011, 1, 3, 00,00, Behalten, success, BMAS
1 Etui mit Nagelpflegeutensilien (mit Aufdruck) bei Teilnahme am internationalen Workshop in Seoul (31.08.-05.09.2011), 2011, 9, 8, 00,00, Behalten, success, BMAS
"Broschüren zur Stadtinforamtion, 2011, 9, 8, 00,00, Rueckgabe, fail, BMAS
1 Motivteller bei Teilnahme am internationalen Workshop in Seoul (31.08.-05.09.2011), 2011, 9, 8, 00,00, Behalten, success, BMAS
1 ungefülltes Schmuckkästchen bei Teilnahme am internationalen Workshop in Seoul (31.08.-05.09.2011), 2011, 9, 8, 00,00, Behalten, success, BMAS
"1 Notizzettelhalter, 2011, 9, 8, 00,00, Abgabe Dienstherr, fail, BMAS
"15-teiliges Besteckset, 2011, 9, 8, 00,00, Behalten (Dienstgebrauch), success, BMAS
1 Fächer bei Teilnahme am internationalen Workshop in Seoul (31.08.-05.09.2011), 2011, 9, 8, 00,00, Behalten, success, BMAS
"1 Mini-Bildband Australien, 2011, 9, 8, 00,00, Behalten (Dienstgebrauch), success, BMAS
1 Minibildband Neuseeland bei Teilnahme am internationalen Workshop in Seoul (31.08.-05.09.2011), 2011, 9, 8, 00,00, Behalten, success, BMAS
1 Briefbeschwerer bei Teilnahme am internationalen Workshop in Seoul (31.08.-05.09.2011), 2011, 9, 8, 00,00, Behalten, success, BMAS
Taschenbuch von der Arbeitsgemeinschaft für Betriebl. Altersvorsorge eV)., 2011, 12, 2, 00,00, Abgabe Dienstherr, fail, BMAS
Notizbuch als Weihnachtsgeschenk und Buch als Dank für die geleistete Arbeit im Projektbeirat, 2011, 2, 25, 00,00, Behalten, success, BMAS
"Kl. Buch m. Sachgeschichten, 2011, 12, 28, 00,00, Rueckgabe, fail, BMAS
65 g Lindt-Weihnachtsschokolade als Weihnachtsgruß, 2011, 12, 14, 00,00, Behalten, success, BMAS
Holzstern als Weihnachtsgruß, 2011, 12, 14, 00,00, Behalten, success, BMAS
Monatskalender 2011 (Eigenherstellung des ICP) als Neujahrsgruß, 2011, 12, 14, 00,00, Behalten, success, BMAS
Schwarzwälter Schiken Weihnachtsgruß, 2011, 12, 16, 00,00, Behalten, success, BMAS
Christstollen als Aufmerksamkeit für Weihnachten, 2011, 12, 15, 00,00, Behalten, success, BMAS
Kiste mit sechs Pears (Birnenfrüchte) als Weihnachts-/Neujahrsgruß, 2011, 1, 10, 00,00, Behalten, success, BMAS
Publikation: The White House - The History Of An American Idea bei Veranstaltung im BMAS zur deutschen Arbeitsmarktpolitik, 2011, 6, 10, 00,00, Behalten, success, BMAS
Thermobecher, 2011, 11, 18, 00,00, Behalten, success, BMAS
"Schreibblock, 2011, 7, 18, 00,00, Abgabe Dienstherr, fail, BMAS
Mittagessen Deutscher Landkreistag, 2011, 7, 18, 00,00, Behalten, success, BMAS
"Tischuhr (versilbert) bei Besuch einer niederländischen Delegation, 2011, 9, 13, 00,00, Rueckgabe, fail, BMAS
1 Thermobecher mit dem LOGO IAS im Zuge der Zusammenarbeit, 2011, 11, 17, 00,00, Behalten, success, BMAS
CeBIT-Karte Hannover, 2011, 2, 14, 00,00, Behalten (Dienstgebrauch), success, BMAS
Grillfest ehem. Kollegen am Rhein/Nutzung Tiefgarage + Imbiss, 2011, 4, 12, 00,00, Behalten, success, BMAS
"Buch ""Zeitbombe Internet"" als Weihnachtspräsent", 2011, 12, 19, 00,00, Behalten, success, BMAS
"Eintrittskarte Bundesgartenschau Koblenz, 2011, 6, 7, 00,00, Abgabe Dienstherr, fail, BMAS
"Flasche Wein (Staatliche Weinbaudomäne Oppenheim, 2011, 7, 26, 00,00, Behalten (Dienstgebrauch), success, BMAS
Flasche Wein (Wachtenburg Secco weiß trocken), 2011, 7, 26, 00,00, Behalten, success, BMAS
Kalender, 2011, 1, 4, 00,00, Behalten, success, BMAS
Adventskalender, 2011, 1, 4, 00,00, Behalten, success, BMAS
Wandkalender als Weihnachtspräsent, 2011, 12, 21, 00,00, Behalten, success, BMAS
Wandkalender Ikebana 2012, 2011, 11, 29, 00,00, Behalten, success, BMAS
Stickereimotive (im Plastikrahmen) am 11.11.2010, 2011, 1, 10, 00,00, Behalten, success, BMAS
Bild bei Besuch einer Delegation aus China am 02.11.2010, 2011, 1, 10, 00,00, Behalten, success, BMAS
Qayang Golek (Schattenpuppe aus Plastik) bei Besuch einer Delegation aus Indonesien am 20.12.2010, 2011, 1, 10, 00,00, Behalten, success, BMAS
3 Flaschen Sekt, 2011, 6, 20, 00,00, Behalten, success, BMAS
1 Küchenmesser (Obstmesser) aus Solingen mit vergoldeter Klinge bei Implementierungsreise Stadt Solingen, 2011, 10, 27, 00,00, Behalten, success, BMAS
Vase als Gastgeschenk für Teilnahme am ASEM-Forum in Vietnam, 2011, 4, 27, 00,00, Behalten, success, BMAS
Krawatte als Gastgeschenk bei bilateralem Gespräch zur Vertiefung der Zusammenarbeit mit dem vietnamesischen Partnerministerium, 2011, 4, 27, 00,00, Behalten, success, BMAS
"Buch ""Fußballgötter und ihre Philosophien""", 2011, 8, 1, 00,00, Abgabe Dienstherr, fail, BMAS
1 Flasche Wein bei Verwanstaltung am 25.08.11 bei GDA, 2011, 10, 27, 00,00, Behalten, success, BMAS
"DVD, 2011, 10, 19, 00,00, Behalten (Dienstgebrauch), success, BMAS
"Buch ""Arme habe ihr allezeit"" ", 2011, 6, 22, 00,00, Behalten, success, BMAS
Taschenbuch von der Arbeitsgemeinschaft für Betriebl. Altersvorsorge eV)., 2011, 12, 2, 00,00, Abgabe Dienstherr, fail, BMAS
"DVD, 2011, 10, 19, 00,00, Behalten (Dienstgebrauch), success, BMAS
"Relief Wandkalender 2012 der Deutschen Zentralbücherei für Blinde in Leipzig (DZB) - ""chinesische Tierkreiszeichen im Braille-Druck""", 2011, 12, 29, 00,00, Behalten, success, BMAS
Wandkalender als Weihnachtsgruß, 2011, 12, 15, 00,00, Behalten, success, BMAS
Brettspiel Kick it, 2011, 1, 3, 00,00, Behalten, success, BMAS
"Buch ""Das Krebs Buch"" ", 2011, 11, 24, 00,00, Abgabe Dienstherr, fail, BMAS
"Ein vierfarbiger Siebdruck von Peter Steiner und Regina Steiner nach einem Entwurf der Künstler für die Sonderbriefmarke ""Altstadt Regensburg"" der BRD als Weihnachtsgruß", 2011, 12, 13, 00,00, Abgabe Dienstherr, fail, BMAS
Taschenkalender unaufgefordert zugesandt, 2011, 12, 21, 00,00, Behalten, success, BMAS
"1 Päckchen grüner Tee, 2011, 12, 27, 00,00, Abgabe Dienstherr, fail, BMAS
Wandkalender als Weihnachtsgruß, 2011, 12, 8, 00,00, Behalten, success, BMAS
Flasche Wein (Wachtenburg Secco weiß trocken), 2011, 8, 1, 00,00, Behalten, success, BMAS
"Buch ""Ich arbeite in einem Irrenhaus"" bei 1 Jahr Zeitchancen ", 2011, 9, 19, 00,00, Behalten, success, BMAS
1 Küchenmesser (Obstmesser) aus Solingen mit vergoldeter Klinge bei Implementierungsreise Stadt Solingen am 16.09.2011, 2011, 9, 21, 00,00, Behalten, success, BMAS
Unaufgeforderte Zusendung des Stat. Jahrbuchs 2011 des Stat. Bundesamtes, 2011, 10, 11, 00,00, Abgabe Dienstherr, fail, BMAS
3 Flaschen Sekt Zusendung per Post nach Begleitung der Ministerin zu einem Termin bei der Henkell Senktkellerei, 2011, 6, 20, 00,00, Behalten, success, BMAS
"Übernachtungskosten im Hotel Kloster, 2011, 6, 14, 00,00, Abgabe Dienstherr, fail, BMAS
"Kleine Schachtel Pralinen von Lindt (Creola) bei Vortragsrehie zum Inkrafttreten der reformierten Unfallverhütungsvorschrift ""Betriebsärtze und Fachkräfte für Arbeitssicherheit""", 2011, 2, 16, 00,00, Behalten, success, BMAS
Bronzeabbild Pferde mit Wagen auf Holz bei Übergabe bei chin. Delegation bei ehrenamtlicher Tätigkeit (Vortrag), 2011, 00, 00, 00,00, Abgabe Dienstherr, fail, BMAS
"Buch ""Fußballgötter und ihre Philosophien"" von Arbeitgeberverband Pflege unaufgefordert zugesandt", 2011, 7, 12, 00,00, Behalten, success, BMAS
"Druckbleistift, 2011, 9, 8, 00,00, Rueckgabe, fail, BMAS
Herrenarmbanduhr Bocchia Titanium bei Hauptstadtkongress der Offensive Mittelstand am 12.05.2011 im BMAS Berlin, 2011, 6, 6, 00,00, Abgabe Dienstherr, fail, BMAS
"1 Stück Schwarzwälder Schinken als Weihnachtsgruß eines Partners des betreuten INQA-Initiativkreises ""Offensive Mittelstand""", 2011, 12, 14, 00,00, Behalten, success, BMAS
Koreanische Lackdose als Gastgeschenk für den Empfang einer koreanischen Delegation, 2011, 12, 14, 00,00, Behalten, success, BMAS
Nagelpflegeetui, 2011, 3, 28, 00,00, Behalten, success, BMAS
Wein: Südtiroler Sauvignon 2008 als Weihnachtsgruß, 2011, 1, 14, 00,00, Behalten, success, BMAS
1 Flasche Wein als Aufmerksamkeit zu Weihnachten, 2011, 12, 21, 00,00, Behalten, success, BMAS
"Kommentar zum Kündigungsschutzgesetz (Thüsing/Laux/Lembke, 2011, 2, 3, 00,00, Rueckgabe, fail, BMAS
"Vierfarbiger Offsetdruck von Olaf Jäger ""Limburg a.d.Lahn"" als Weihnachtsgruß ", 2011, 1, 5, 00,00, Abgabe Dienstherr, fail, BMAS
Handbuch der gesetzl. Rentenversicherung SGB VI von Luchterhand anläßlich FNA-Jahrestagung bei DRV Bund, 2011, 1, 27, 00,00, Abgabe Dienstherr, fail, BMAS
"Buch ""Der Streit um die Existenz des Menschen"" von Jósef Tischner", 2011, 2, 1, 00,00, Abgabe Dienstherr, fail, BMAS
"Unaufgeforderte Zusendung der Sozialversicherungsgesetze 2011 Gesamt- und Kompaktausgabe SGB IV, 2011, 2, 14, 00,00, Behalten (Dienstgebrauch), success, BMAS
Rotweinflasche bei Rede auf einer Konfrerenz des Instituts für Versicherungswirtschaft, 2011, 2, 16, 00,00, Behalten, success, BMAS
Pistolen-Ratschen-Magazin-Schraubendreher mit LED-Licht unaufgeforderte Zusendung, 2011, 2, 15, 00,00, Behalten, success, BMAS
"unaufgeforderte Zusendung einer Flasche Wein (Riesling) von Euroforum Deutschland SE, 2011, 3, 9, 00,00, Behalten (Dienstgebrauch), success, BMAS
"Flasche Brut Magnum im Rahmen einer Veranstaltung ""MCC Zukunftsmarkt Altersvorsorge""", 2011, 3, 14, 00,00, Behalten, success, BMAS
Geschenkpaket mit drei Flaschen Olivenöl á 250 ml im Rahmen 2. Staatssekretärskonsultation zur deutsch-griechischen Partnerschaftsinitiative, 2011, 3, 17, 00,00, Behalten, success, BMAS
Polnische Wetterlampe bei Eröffnungsrede auf dem Verbandstag des Berufsverbands Die Führungskräfte, 2011, 4, 14, 00,00, Abgabe Dienstherr, fail, BMAS
"Kunstwerk bestehend aus Miniatur-Zulu-Schild und Waffen, 2011, 4, 29, 00,00, Rueckgabe, fail, BMAS
"Buch ""Was trägt, 2011, 5, 9, 00,00, Rueckgabe, fail, BMAS
2 Flaschen Sekt bei Rede beim Jahresempfang des Deutschen Caritasverbandes am 11.05.2011, 2011, 5, 18, 00,00, Behalten, success, BMAS
Chinesische Tischdecke bei Gespräch mt chin. Delegation zur Rentenpolitik, 2011, 6, 8, 00,00, Abgabe Dienstherr, fail, BMAS
"Buch ""Arme habe ihr allezeit"" bei Gespräch mit Vertretern des Diakonischen Werkes in Hessen und Nassau", 2011, 6, 21, 00,00, Abgabe Dienstherr, fail, BMAS
"1 Packung Minitrüffel Meistervariationen; Feinste Pralinenauslese 200 g, 2011, 6, 21, 00,00, Behalten (Dienstgebrauch), success, BMAS
"1 Flasche Weißwein, 2011, 6, 16, 00,00, Behalten (Dienstgebrauch), success, BMAS
"1 Flasche Champagne Heidsieck Monopole Cuvée Prestige, 2011, 7, 4, 00,00, Behalten (Dienstgebrauch), success, BMAS
"Buch ""Risiken kalkulierbar machen"" ", 2011, 7, 6, 00,00, Abgabe Dienstherr, fail, BMAS
Album: Die Postwertzeichen der Bundesrepublik Deutschland 2010 bei Termin mit Präsident Deutsche Rentenversicherung Bund, 2011, 7, 7, 00,00, Abgabe Dienstherr, fail, BMAS
"Zwei Holzkreisel, 2011, 7, 25, 00,00, Behalten (Dienstgebrauch), success, BMAS
"Buch ""Erwachsene Nachbarschaft"", 2011, 7, 8, 00,00, Rueckgabe, fail, BMAS
"Ein Buch ""Der genormte Blick aufs Fremde"", 2011, 8, 8, 00,00, Rueckgabe, fail, BMAS
Ein Päckchen mit japanischem Reisgebäck (300 g) bei Begrüßung einer jap. Gruppe junger Berufstätiger im Rahmen des Deutsch-Jap. Austauschsprogramms am 04.08.11, 2011, 8, 18, 00,00, Behalten, success, BMAS
Adventskalender mit Schokoladenfüllung von Vivento zur Weihnachtszeit, 2011, 11, 16, 00,00, Behalten, success, BMAS
"Buch ""Helfen macht müde"" für Vorbereitung der Gesundheitsvorträge (Burnout/Stress) am 19.09. und 22.09.2011 im BMAS", 2011, 9, 27, 00,00, Behalten, success, BMAS
Stollen als Weihnachtsgruß, 2011, 12, 5, 00,00, Behalten, success, BMAS
Orchidee im Übertopf anläßlich Verabschiedung in Mutterschutz und Elternzeit, 2011, 1, 3, 00,00, Behalten, success, BMAS
Kompass übersandt von der SOKA-Bau i. Z. mit einer Einladung Gipfeltreffen mit Reinhold Messner, 2011, 5, 16, 00,00, Abgabe Dienstherr, fail, BMAS
"Übernachtungskosten im Hotel Kloster, 2011, 11, 14, 00,00, Abgabe Dienstherr, fail, BMAS
"1 Schreibblock, 2012, 1, 2, 00,00, Abgabe Dienstherr, fail, BMAS
2 Dreimonatskalender als Weihnachtspräsent, 2012, 1, 2, 00,00, Behalten, success, BMAS
"CD ""Musik auf Villa Hügel 2011""", 2012, 1, 2, 00,00, Behalten, success, BMAS
Drei Weinflaschen als Weihnachtspräsent von IFOK, 2012, 1, 2, 00,00, Abgabe Dienstherr, fail, BMAS
"Weihnachtspräsent Buch ""Der Mann, 2012, 1, 3, 00,00, Behalten (Dienstgebrauch), success, BMAS
"Wandkalender ""Schlösser und Herrenhäuser in Mecklenburg-Vorpommern""", 2012, 1, 3, 00,00, Behalten, success, BMAS
"Kalender 2012 ""Schlösser und Herrenhäuser in Mecklenburg-Vorpommern""", 2012, 1, 4, 00,00, Behalten, success, BMAS
Kalender als Weihnachtspräsent, 2012, 1, 17, 00,00, Behalten, success, BMAS
Briefmarken als Weihnachtspräsent, 2012, 1, 17, 00,00, Behalten, success, BMAS
Weihnachtsbäumchen als Weihnachtspräsent, 2012, 1, 17, 00,00, Behalten, success, BMAS
Lindt Pralinen als Dank für die gute Zusammenarbeit, 2012, 1, 18, 00,00, Behalten, success, BMAS
Unaufgeforderte Zusendung von drei Exemplaren der 8. Auflage des EU-Arbeitsrechts, 2012, 1, 19, 00,00, Abgabe Dienstherr, fail, BMAS
Unaufgeforderte Werbezusendung (Hammer mit der Aufschrift WÜRTH- Neujahrswünsche), 2012, 1, 24, 00,00, Behalten, success, BMAS
Geschenkgutschein von Douglas bei Gespräch mit einer Verlagsvertreterin der Holzmann Medien, 2012, 1, 25, 00,00, Behalten, success, BMAS
Vogeldach mit Meisenknödel bei Ordentsveranstaltung des BMAS, 2012, 1, 27, 00,00, Behalten, success, BMAS
Vogelhäuschen (bestehend aus Holzdach und Schnur mit Vogelfutter), 2012, 1, 27, 00,00, Behalten, success, BMAS
"Give away (Vogelhaus, 2012, 1, 30, 00,00, Behalten (Dienstgebrauch), success, BMAS
Vogelhäuschen (nur ein Dach) mit Meisenknödel, 2012, 2, 1, 00,00, Behalten, success, BMAS
Vogelhausdach mit Meisenknödel, 2012, 2, 6, 00,00, Behalten, success, BMAS
CD als Anlage eines Briefes der PEAG mit Glückwünschen zum neuen Jahr, 2012, 2, 7, 00,00, Behalten, success, BMAS
"Präsentkorb mit zwei Dosen Wurst, 2012, 2, 7, 00,00, Behalten (Dienstgebrauch), success, BMAS
Eine Flasche Weißwein als unaufgeforderte Zusendung als Dankeschön für Mitwirken am Handelsblatt-Newsletter, 2012, 2, 9, 00,00, Behalten, success, BMAS
"Sozialversicherungsgesetze 2012, 2012, 2, 9, 00,00, Rueckgabe, fail, BMAS
10 Kugelschreiber mit Werbeaufdruck im Rahmen einer Besprechung, 2012, 2, 10, 00,00, Behalten, success, BMAS
10 Kugelschreiber mit Werbeaufdruck im Rahmen einer Besprechung, 2012, 2, 10, 00,00, Behalten, success, BMAS
Flasche Wein als Weihnachtspräsent, 2012, 2, 23, 00,00, Behalten, success, BMAS
Taxifahrt nach Ende der Besprechung zum Flughafen Frft./Main (Sitzung bei der ITSG im Rahmen eines Projektes), 2012, 2, 24, 00,00, Behalten (Dienstgebrauch), success, BMAS
Mittagessen mit Sozialreferentin der hiesigen Botschaft Bulgarien im Rahmen der Kontaktpflege, 2012, 2, 27, 00,00, Behalten (Dienstgebrauch), success, BMAS
Mittagessen mit Sozialreferentin der hiesigen Botschaft Bulgarien im Rahmen der Kontaktpflege, 2012, 2, 27, 00,00, Behalten (Dienstgebrauch), success, BMAS
Taschenbuch bei Gespräch mit einer Delegation des türkischen Arbeits- und Sozialministeriums, 2012, 2, 28, 00,00, Behalten, success, BMAS
Gebäck Cagri Pastaneleri, 2012, 2, 28, 00,00, Behalten, success, BMAS
"Vierbändige Taschenbuchausgabe ""Französische Dichtung"" Verlag C.H.Beck bei Empf. einer Schulklasse im Rahmen des deutsch-franz. ""Entdeckungstages""", 2012, 2, 29, 00,00, Abgabe Dienstherr, fail, BMAS
1 Chinesisches Buch bei Treffen der Chin. Delegation, 2012, 3, 16, 00,00, Abgabe Dienstherr, fail, BMAS
1 Blumenstrauß, 2012, 4, 10, 00,00, Behalten, success, BMAS
Bünting Tee in 500 gr. Dose, 2012, 4, 16, 00,00, Behalten, success, BMAS
Einladung der Schwerbehindertenvertretung Deutschland AG zu einem Abendessen, 2012, 4, 17, 00,00, Behalten (Dienstgebrauch), success, BMAS
"Kugelschreiber, 2012, 4, 23, 00,00, Behalten (Dienstgebrauch), success, BMAS
"Forschungsbericht ""Discover Korea in Public Administration"" bei Info-Veranstaltung von koreanischen Wissenschaftlern", 2012, 4, 23, 00,00, Abgabe Dienstherr, fail, BMAS
"Kugelschreiber im Set, 2012, 4, 30, 00,00, Behalten (Dienstgebrauch), success, BMAS
"Buch ""Chef, 2012, 5, 3, 00,00, Behalten (Dienstgebrauch), success, BMAS
"Buch ""Die tarifvertraglich gestützte Entgeltumwandlung im Betriebsübergang"" ", 2012, 5, 10, 00,00, Abgabe Dienstherr, fail, BMAS
"1 Flasche Wein, 2012, 5, 15, 00,00, Behalten (Dienstgebrauch), success, BMAS
"Halstuch, 2012, 5, 16, 00,00, Behalten (Dienstgebrauch), success, BMAS
"1 Flasche ""Ahr Spätburgunder"" Qualitätswein bei Vortrag des Bundesverbandes der Ärztinnen und Ärzte des öff. Gesundheitswesens", 2012, 5, 21, 00,00, Behalten, success, BMAS
"1 0, 2012, 5, 21, 00,00, Behalten (Dienstgebrauch), success, BMAS
Mittagessen auf Einladung der GF des Instituts der Dt. Wirtschaft am 01.06.2012, 2012, 5, 21, 00,00, Behalten (Dienstgebrauch), success, BMAS
"1 Flasche ""Grüner Markgräfler"", 2012, 5, 29, 00,00, Abgabe Dienstherr, fail, BMAS
Stoppuhr von SOKA-BAU anlässlich des Parlamentarischen Abends am 13.06.2012, 2012, 5, 31, 00,00, Behalten, success, BMAS
3 Flaschen Wein bei Vortrag im Rahmes eine Seminars, 2012, 6, 4, 00,00, Abgabe Dienstherr, fail, BMAS
Bewirtung bei Geschäftsessen, 2012, 6, 22, 00,00, Behalten, success, BMAS
Flaschenöffner bei Jahrestagung BMAS- Künstlersozialkasse, 2012, 6, 22, 00,00, Behalten, success, BMAS
"Ansichtsteller ""Mongolia 2012"" und Buch ""Minerals of Mongolia"" bei Besuch einer mong. Delegation am 18.06.2012", 2012, 6, 25, 00,00, Behalten, success, BMAS
3-D-Holzbild von Delegation aus Singapur am 14.06.2012, 2012, 6, 25, 00,00, Abgabe Dienstherr, fail, BMAS
Flaschenöffner bei Jahrestagung BMAS- Künstlersozialkasse, 2012, 6, 25, 00,00, Behalten, success, BMAS
"Buch ""Bewegungsspaß mit Wirkung"" bei Gespräch mit dem Förderverein Psychomotorik Bonn ", 2012, 6, 25, 00,00, Behalten, success, BMAS
"Medaille ""Freundschaft"" der Mongolei bei mong. Nationalfeiertag", 2012, 6, 26, 00,00, Behalten, success, BMAS
"1Flasche Weißwein, 2012, 6, 29, 00,00, Behalten (Dienstgebrauch), success, BMAS
"100 ml Leinöl, 2012, 7, 9, 00,00, Behalten (Dienstgebrauch), success, BMAS
Tradioneller Tonteller bei Gespräch mit armenischer Delegation, 2012, 7, 10, 00,00, Behalten, success, BMAS
Bild eines armenischen Teppichs bei Gespräch mit armenischer Delegation, 2012, 7, 10, 00,00, Abgabe Dienstherr, fail, BMAS
Tradioneller Tonteller bei Gespräch mit armenischer Delegation, 2012, 7, 10, 00,00, Abgabe Dienstherr, fail, BMAS
Einladung 2-tägiger Ministerialkongress, 2012, 7, 27, 00,00, Behalten (Dienstgebrauch), success, BMAS
"Buch ""Gute Areit 2011""", 2012, 7, 31, 00,00, Behalten, success, BMAS
Stadtführung durch Köln bei Seminar der Fa. Euroforum, 2012, 8, 14, 00,00, Behalten, success, BMAS
3 Kofferbänder von HRS, 2012, 8, 23, 00,00, Behalten, success, BMAS
"Kunstobjekt ""Ein Glas Wasser"" (ist ein leeres Glas)", 2012, 8, 23, 00,00, Behalten, success, BMAS
Stadtführung durch Köln bei Seminar der Fa. Euroforum, 2012, 9, 2, 00,00, Behalten, success, BMAS
Stadtführung durch Köln bei Seminar der Fa. Euroforum, 2012, 9, 3, 00,00, Behalten, success, BMAS
Stadtführung durch Köln bei Seminar der Fa. Euroforum, 2012, 9, 3, 00,00, Behalten, success, BMAS
"Gutscheinbuch ""Schlemmen für 2 im Rhein-Sieg-Kreis Bonn Umgebung"" bei Betreuung des Firmenlaufs und Abholung der Startersets", 2012, 9, 5, 00,00, Behalten, success, BMAS
"Tasse mit BAUA-Logo, 2012, 9, 11, 00,00, Abgabe Dienstherr, fail, BMAS
"Eintrittskarte für die Messe ""Zukunft Personal"" in Köln im Zuge der Auditierung des BMAS ", 2012, 9, 24, 00,00, Behalten (Dienstgebrauch), success, BMAS
Dekorationsteller Vietnam bei Begrüßung einer vietnamesischen Delegation, 2012, 9, 26, 00,00, Abgabe Dienstherr, fail, BMAS
Porzellanschale anläßlich  der Delegationsreise des Haushaltsausschusses vom 16.-21.09.12, 2012, 9, 27, 00,00, Abgabe Dienstherr, fail, BMAS
CD FADO anläßlich der Delegationsreise des Haushaltsausschusses vom 16.-21.09.2012, 2012, 9, 27, 00,00, Abgabe Dienstherr, fail, BMAS
"Werbekugelschreiber mit kleinem Werbeschreibblock des schwedischen ""trygghedsradet"" bei Vortrag über die Künstlersozialvers.", 2012, 10, 12, 00,00, Behalten, success, BMAS
Tradionelles jap. Wickeltuch bei fachlischem Austausch mit zwei jap. Wissenschaftlern, 2012, 10, 16, 00,00, Behalten, success, BMAS
"1 Buch ""Arbeitskampf in der Daseinsvorsorge"" anläßlich des 100. Geburtstages des Physikers und Friedensforschers", 2012, 10, 17, 00,00, Behalten, success, BMAS
Kunststoffschachtel für Büromaterialien als Gastgeschenk, 2012, 10, 18, 00,00, Behalten, success, BMAS
CD Fado + Porzelanschale anläßlich einer Delegationsreise nach Portugal und Madrid, 2012, 10, 25, 00,00, Abgabe Dienstherr, fail, BMAS
Japanischer Fächer, 2012, 11, 16, 00,00, Abgabe Dienstherr, fail, BMAS
Buch und es beginnt ein neues Leben, 2012, 11, 20, 00,00, Abgabe Dienstherr, fail, BMAS
Buch Inklusive Schule, 2012, 11, 20, 00,00, Abgabe Dienstherr, fail, BMAS
zwei kleine japanische Faltfächer, 2012, 11, 20, 00,00, Behalten, success, BMAS
Wandkalender (Poster) für das Jahr 2013 mit Werbeaufdruck ITSG, 2012, 11, 20, 00,00, Behalten, success, BMAS
Wandkalender (Poster) für das Jahr 2013 mit Werbeaufdruck ITSG, 2012, 11, 20, 00,00, Behalten, success, BMAS
Süßigkeiten für Mitarbeiterinnen von Vb1, 2012, 11, 22, 00,00, Behalten, success, BMAS
Magnet-Pin und ein Tuch, 2012, 11, 26, 00,00, Abgabe Dienstherr, fail, BMAS
Kommentar zum Betriebsrentengesetz mit Insolvenzsicherung und Versorgungsausgleich 5. Auflage, 2012, 11, 27, 00,00, Abgabe Dienstherr, fail, BMAS
Tischkalender scharz Lufthansa, 2012, 12, 4, 00,00, Behalten, success, BMAS
BMW - Wochenplaner, 2012, 12, 5, 00,00, Behalten, success, BMAS
BMW - Wochenplaner, 2012, 12, 5, 00,00, Behalten, success, BMAS
Kalender, 2012, 12, 6, 00,00, Behalten, success, BMAS
"Kalender ""Schiffswelten 2013"" mit VDR-Logo", 2012, 12, 6, 00,00, Behalten, success, BMAS
Espressotasse von Ritzenhoff, 2012, 12, 7, 00,00, Behalten, success, BMAS
Kalender 2013, 2012, 12, 11, 00,00, Behalten, success, BMAS
"1 Flasche Rotwein (0, 2012, 12, 11, 00,00, Rueckgabe, fail, BMAS
Kalender mit Weihnachtsgruß, 2012, 12, 12, 00,00, Behalten, success, BMAS
1 Flasche Rotwein, 2012, 12, 12, 00,00, Behalten, success, BMAS
Kick it und ein Vogelhäuschen, 2012, 12, 12, 00,00, Abgabe Dienstherr, fail, BMAS
"Doppel-CD ""The Very Best of Arvo Pärt""", 2012, 12, 14, 00,00, Behalten, success, BMAS
"Teelicht, 2012, 12, 14, 00,00, Behalten (Dienstgebrauch), success, BMAS
Schachtel Pralinen, 2012, 12, 17, 00,00, Behalten, success, BMAS
3 Kalender A3-Format, 2012, 12, 18, 00,00, Behalten, success, BMAS
5 Kalender A3-Format, 2012, 12, 18, 00,00, Behalten, success, BMAS
"1 Flasche Wein, 2012, 12, 18, 00,00, Behalten (Dienstgebrauch), success, BMAS
Weihnachtssüßigkeiten, 2012, 12, 19, 00,00, Behalten, success, BMAS
"DLR Wandkalender 2013 (Anlass: In Verbindung mit Glückwünschen, 2012, 12, 21, 00,00, Abgabe Dienstherr, fail, BMAS
Flasche Wein als Weihnachtspräsent, 2012, 12, 21, 00,00, Behalten, success, BMAS
"Buch ""Tarifsammlung für die Bauwirtschaft 2012/2013""", 2013, 1, 2, 00,00, Abgabe Dienstherr, fail, BMAS
Ausgabe der iW Trends, 2013, 5, 16, 00,00, Behalten, success, BMAS
Kunstkalender 2013, 2013, 1, 4, 00,00, Behalten, success, BMAS
Tischuhr (-wecker) in Form eines blauen Männchens, 2013, 1, 8, 00,00, Abgabe Dienstherr, fail, BMAS
"Taschenbuch (""Alte Liebe"", 2013, 1, 8, 00,00, Abgabe Dienstherr, fail, BMAS
Hello Kitty Handyanhänger und Umlaufmappe, 2013, 1, 21, 00,00, Behalten, success, BMAS
Hello Kitty Handyanhänger und Umlaufmappe, 2013, 1, 21, 00,00, Behalten, success, BMAS
"Kalender, 2013, 1, 2, 00,00, Abgabe Dienstherr, fail, BMAS
Wandkalender, 2013, 1, 10, 00,00, Behalten, success, BMAS
1 Flasche Wein 2007 Villa di Capezzana, 2013, 1, 30, 00,00, Behalten, success, BMAS
1 Flasche Wein, 2013, 1, 31, 00,00, Behalten, success, BMAS
10 Notizbücher mit Kugelschreiber und 5 Wandkalender (Poster), 2013, 2, 6, 00,00, Behalten, success, BMAS
Eintrittskarte für die CeBIT, 2013, 2, 1, 00,00, Behalten (Dienstgebrauch), success, BMAS
Bewirtung und Get-Together bei einer Veranstaltung, 2013, 2, 14, 00,00, Behalten (Dienstgebrauch), success, BMAS
2 Pralinenschachteln und eine kleine Holzarbeit, 2013, 2, 22, 00,00, Behalten, success, BMAS
Nachbildung des königlichen Schmucks aus Korea, 2013, 2, 26, 00,00, Abgabe Dienstherr, fail, BMAS
Vier bemalte Untersetzer aus Papier/Pappe, 2013, 3, 4, 00,00, Behalten, success, BMAS
Kugelschreiber mit BMAS-Gravur, 2013, 3, 5, 00,00, Behalten, success, BMAS
"Bild ""100 Jahre - 100 Bilder"" anlässlich 100 Jahre DBSV (auf Leinwand)", 2013, 3, 8, 00,00, Abgabe Dienstherr, fail, BMAS
Holzbild mit der Darstellung einer Bucht in Singapore, 2013, 4, 15, 00,00, Behalten, success, BMAS
Krawatte, 2013, 4, 18, 00,00, Behalten, success, BMAS
kleines Buch und Champagne Trüffel, 2013, 5, 24, 00,00, Behalten, success, BMAS
Champagne Trüffel, 2013, 5, 24, 00,00, Behalten, success, BMAS
Bildband Danzig, 2013, 6, 10, 00,00, Behalten, success, BMAS
Tarifsammlung für die Bauwirtschaft, 2013, 6, 14, 00,00, Abgabe Dienstherr, fail, BMAS
"Broschüre ""Zukunft der Arbeitswelt""", 2013, 5, 29, 00,00, Behalten, success, BMAS
Bild aus Singapur, 2013, 6, 26, 00,00, Behalten, success, BMAS
"Buch ""Alles auf Anfang - Potraits von Menschen mit Schädelhirntrauma""", 2013, 6, 26, 00,00, Behalten, success, BMAS
Einladung zu einer Theaterveranstaltung, 2013, 6, 24, 00,00, Behalten, success, BMAS
2 Tassen von der CSU + Kaffee, 2013, 6, 27, 00,00, Behalten, success, BMAS
"Heft ""Deutschland in Zahlen 2013""", 2013, 6, 17, 00,00, Behalten, success, BMAS
Handfächer, 2013, 7, 3, 00,00, Behalten, success, BMAS
"Handyetui, 2013, 7, 4, 00,00, Abgabe Dienstherr, fail, BMAS
Blechtellerchen, 2013, 7, 4, 00,00, Behalten, success, BMAS
"Einladung Festakt ""Mestemacher Preis Managerin des Jahres 2013""", 2013, 7, 3, 00,00, Behalten (Dienstgebrauch), success, BMAS
"Fachbuch: Ulrich Karpenstein, 2013, 6, 25, 00,00, Rueckgabe, fail, BMAS
Blumenstrauß, 2013, 7, 5, 00,00, Behalten, success, BMAS
koreanischer Handfächer aus Holz, 2013, 7, 5, 00,00, Behalten, success, BMAS
Handfächer, 2013, 7, 5, 00,00, Behalten, success, BMAS
"Buch ""Das hatte ich aber ganz anders verstanden…""", 2013, 8, 22, 00,00, Behalten, success, BMAS
"Buch ""Das schaff ich schon…""", 2013, 8, 22, 00,00, Behalten, success, BMAS
Reiseführer MERIAN aktiv Rhein-Neckar, 2013, 6, 9, 00,00, Behalten, success, BMAS
"Kugelschreiber, 2013, 9, 4, 00,00, Rueckgabe, fail, BMAS
Geschenkdose Leysieffer mit 8 Schokoladenpralinés, 2013, 9, 2, 00,00, Behalten, success, BMAS
Briefmarken in Glasfassung, 2013, 9, 13, 00,00, Abgabe Dienstherr, fail, BMAS
Glas mit Lavendelblüten (Geburtstag), 2013, 9, 6, 00,00, Behalten, success, BMAS
Belgische Pralinen, 2013, 9, 13, 00,00, Behalten, success, BMAS
1 Flasche Wein (Spätburgunder), 2013, 9, 16, 00,00, Behalten, success, BMAS
Krawatte mit Emblem der Dienststelle Schiffssicherheit, 2013, 9, 20, 00,00, Behalten, success, BMAS
Krawatte, 2013, 9, 20, 00,00, Behalten, success, BMAS
"Buch ""Controlling Corruption in Europe""", 2013, 9, 25, 00,00, Abgabe Dienstherr, fail, BMAS
"Buch ""Praxishandbuch Gute Büroarbeit""", 2013, 10, 8, 00,00, Abgabe Dienstherr, fail, BMAS
Frühstückstablet (schwedisches Souvenir), 2013, 10, 11, 00,00, Behalten, success, BMAS
Frühstückstablet (schwedisches Souvenir), 2013, 10, 11, 00,00, Behalten, success, BMAS
Kalener in Taschenbuchform, 2013, 10, 16, 00,00, Behalten, success, BMAS
Frühstückstablet (schwedisches Souvenir), 2013, 10, 11, 00,00, Behalten, success, BMAS
Frühstückstablet (schwedisches Souvenir), 2013, 10, 16, 00,00, Behalten, success, BMAS
Buch (vermutlich gebraucht), 2013, 10, 29, 00,00, Behalten, success, BMAS
Lesezeichen, 2013, 10, 29, 00,00, Behalten, success, BMAS
Briefbeschwerer, 2013, 10, 29, 00,00, Behalten, success, BMAS
"Nylontasche, 2013, 10, 29, 00,00, Behalten (Dienstgebrauch), success, BMAS
"Ein ungefülltes Holzschminkkästchen, 2013, 10, 29, 00,00, Abgabe Dienstherr, fail, BMAS
Kugelschreiber und Anstecknadel, 2013, 10, 29, 00,00, Behalten, success, BMAS
Kravatte und Buch, 2013, 10, 29, 00,00, Behalten, success, BMAS
Begleitprogramm im Estrel zu einer Fachveranstaltung, 2013, 10, 24, 00,00, Behalten (Dienstgebrauch), success, BMAS
Teilnahme an der 7. CERTQUA-Branchenkonferenz am 14.11.2013, 2013, 10, 31, 00,00, Behalten (Dienstgebrauch), success, BMAS
Seidenkrawatte, 2013, 11, 4, 00,00, Behalten, success, BMAS
"Bewirtung, 2013, 11, 4, 00,00, Behalten (Dienstgebrauch), success, BMAS
Porzellanteller mit Moskaumotiv und Aufsteller, 2013, 11, 20, 00,00, Behalten, success, BMAS
USB-Stick u nd Visitenkartenetui, 2013, 11, 18, 00,00, Behalten (Dienstgebrauch), success, BMAS
Porzellanteller mit Moskaumotiv und Aufsteller, 2013, 11, 21, 00,00, Behalten, success, BMAS
Eine Flasche Weißwein, 2013, 11, 25, 00,00, Behalten, success, BMAS
Adventskalender gefüllt mit Schokolade, 2013, 11, 25, 00,00, Behalten, success, BMAS
Flasche Wein Barolo, 2013, 11, 26, 00,00, Behalten, success, BMAS
Dreimonatskalender (Wandkalender), 2013, 11, 25, 00,00, Behalten, success, BMAS
Wandkalender in Posterform, 2013, 11, 29, 00,00, Behalten, success, BMAS
Eine Krawatte und ein Wandkalender, 2013, 12, 5, 00,00, Behalten, success, BMAS
Tasse, 2013, 12, 2, 00,00, Behalten, success, BMAS
Pralinen, 2013, 12, 3, 00,00, Behalten, success, BMAS
Kleines Plätzchenförmchen (Sternform), 2013, 12, 2, 00,00, Behalten, success, BMAS
Wandkalender, 2013, 12, 4, 00,00, Behalten, success, BMAS
2 Müslischalen und 2 Servietten, 2013, 12, 5, 00,00, Behalten, success, BMAS
"Visitenkartenetui, 2013, 12, 4, 00,00, Behalten (Dienstgebrauch), success, BMAS
Koreanisches Kochbuch, 2013, 12, 4, 00,00, Behalten, success, BMAS
"Seidentuch, 2013, 12, 4, 00,00, Behalten (Dienstgebrauch), success, BMAS
Mini-Kerze, 2013, 12, 5, 00,00, Behalten, success, BMAS
Kalender, 2013, 12, 6, 00,00, Behalten, success, BMAS
Jahreskalender Ikebana, 2013, 12, 9, 00,00, Behalten, success, BMAS
Jahreskalender Ikebana, 2013, 12, 10, 00,00, Behalten, success, BMAS
Buch, 2013, 12, 11, 00,00, Behalten, success, BMAS
4-Monats-Wandkalender, 2013, 12, 11, 00,00, Behalten, success, BMAS
Lebkuchenhaus, 2013, 12, 12, 00,00, Behalten, success, BMAS
"Taschenaufhänger, 2013, 12, 16, 00,00, Behalten (Dienstgebrauch), success, BMAS
Kalender, 2013, 12, 16, 00,00, Behalten, success, BMAS
Kalender, 2013, 12, 16, 00,00, Behalten, success, BMAS
"1. Wandkalender (Maße ca. 30x40 cm). Wandkalender (Maße ca. 35x90 cm)", 2013, 12, 17, 00,00, Behalten, success, BMAS
1 Flasche Sekt, 2013, 12, 17, 00,00, Behalten, success, BMAS
Kalender, 2013, 12, 18, 00,00, Behalten, success, BMAS
"3 x Sekt, 2013, 12, 19, 00,00, Rueckgabe, fail, BMAS
Weihnachtskarte mit 4 Weihnachtsbriefmarken á 58 Cent mit Erstausgabetagsstempel vom 2.11.2013 abgestempelt., 2013, 12, 17, 00,00, Behalten, success, BMAS
"Kalender der Grafik Werkstatt Bielefeld, 2013, 12, 19, 00,00, Abgabe Dienstherr, fail, BMAS
Märchenbuch, 2013, 12, 16, 00,00, Behalten, success, BMAS
"0, 2013, 12, 23, 00,00, Abgabe Dienstherr, fail, BMAS
Kalender, 2013, 12, 20, 00,00, Behalten, success, BMAS
a) Adventskranz; b) Kalender; c) Erstausgabe-Briefmarken (entwertet), 2013, 12, 23, 00,00, Behalten, success, BMAS
Baumkuchen, 2013, 12, 19, 00,00, Behalten, success, BMAS
"Kleine Schatulle, 2013, 12, 19, 00,00, Abgabe Dienstherr, fail, BMAS
Kalender, 2013, 12, 19, 00,00, Behalten, success, BMAS
Kopfhörer, 2013, 12, 16, 00,00, Behalten, success, BMAS
"Fachbücher: ""Betriebliche Suchtprävention und Suchthilfe""und ""Sucht im Betrieb""", 2013, 12, 12, 00,00, Abgabe Dienstherr, fail, BMAS
"Thermosflasche 0, 2013, 12, 17, 00,00, Behalten (Dienstgebrauch), success, BMAS
"Eine Schachtel Pralinen von Kraume ""Die Kleinen Leineweber"" (16er)", 2014, 3, 14, 00,00, Behalten, success, BMAS
Wandkalender (Ca. DIN A2), 2014, 1, 2, 00,00, Behalten, success, BMAS
1 Wandkalender 2014, 2014, 1, 2, 00,00, Behalten, success, BMAS
Buch, 2014, 1, 6, 00,00, Abgabe Dienstherr, fail, BMAS
"1 Weihnachtsfigur aus Holz, 2014, 1, 6, 00,00, Behalten (Dienstgebrauch), success, BMAS
"Rotwein, 2014, 1, 6, 00,00, Behalten (Dienstgebrauch), success, BMAS
Kalender, 2014, 1, 7, 00,00, Behalten, success, BMAS
"2 Flaschen Weißwein, 2014, 1, 7, 00,00, Rueckgabe, fail, BMAS
Kalender, 2014, 1, 9, 00,00, Behalten, success, BMAS
"2 Stück Dreimonatskalender der Firma Schwendy, 2014, 1, 13, 00,00, Behalten (Dienstgebrauch), success, BMAS
Schlüsselanhänger, 2014, 1, 15, 00,00, Behalten, success, BMAS
1 Flasche Rotwein, 2014, 1, 17, 00,00, Behalten, success, BMAS
"Essenseinladung ""Ministry of Agriculture, 2014, 1, 17, 00,00, Behalten (Dienstgebrauch), success, BMAS
"Essenseinladung ""Ministry of Agriculture, 2014, 1, 17, 00,00, Behalten (Dienstgebrauch), success, BMAS
Tischkalender schwarz Lufthansa, 2014, 1, 21, 00,00, Behalten, success, BMAS
Flasche Schaumwein, 2014, 1, 21, 00,00, Behalten, success, BMAS
Kopfhörer - Weihnachtsgeschenk 2013, 2014, 1, 30, 00,00, Behalten, success, BMAS
Kopfhörer - Weihnachtsgeschenk 2013, 2014, 1, 30, 00,00, Behalten, success, BMAS
Kopfhörer - Weihnachtsgeschenk 2013, 2014, 1, 30, 00,00, Behalten, success, BMAS
Kopfhörer - Weihnachtsgeschenk 2013, 2014, 1, 30, 00,00, Behalten, success, BMAS
"Eine Schachtel Pralinen von Kraume ""Die kleinen Leineweber"" (16er)", 2014, 1, 30, 00,00, Behalten, success, BMAS
"Eine Schachtel Pralinen; Feodora ""Zarte Momente"" 500g", 2014, 1, 30, 00,00, Behalten, success, BMAS
Gutschein für ein Kaffee-Getränk, 2014, 2, 3, 00,00, Behalten, success, BMAS
Kopfhörer - Weihnachtsgeschenk 2013, 2014, 2, 12, 00,00, Behalten, success, BMAS
Schlips, 2014, 2, 12, 00,00, Behalten, success, BMAS
Konferenzmappe, 2014, 2, 12, 00,00, Abgabe Dienstherr, fail, BMAS
Teilnahme an einem Essen im Hotel InterContinental Berlin zur Verleihung des Mestemacher Preises Spitzenvater des Jahres 2014 (Schirmherrschaft BMFSFJ), 2014, 2, 18, 00,00, Behalten, success, BMAS
"Honig, 2014, 2, 19, 00,00, Behalten (Dienstgebrauch), success, BMAS
Bilderrahmen, 2014, 3, 18, 00,00, Behalten, success, BMAS
Stirnlampe, 2014, 3, 24, 00,00, Abgabe Dienstherr, fail, BMAS
2 Flaschen Wein in einer Präsentschachtel, 2014, 3, 25, 00,00, Abgabe Dienstherr, fail, BMAS
Lindt-Pralinen, 2014, 3, 27, 00,00, Behalten, success, BMAS
Werksausgabe 10. Kopfgeburten oder die Deutschen sterben aus; ISBN: 9783882434910, 2014, 3, 31, 00,00, Behalten, success, BMAS
17 Pralinen in einer Schachtel, 2014, 4, 7, 00,00, Behalten, success, BMAS
"Kostenlose Teilnahme an der Fachtagung am 21.05.2014", 2014, 4, 14, 00,00, Behalten (Dienstgebrauch), success, BMAS
Konfekt, 2014, 4, 15, 00,00, Behalten, success, BMAS
Konfekt, 2014, 4, 28, 00,00, Behalten, success, BMAS
Zwei Mousepads aus Seide, 2014, 5, 12, 00,00, Abgabe Dienstherr, fail, BMAS
"Geschenkpaket (Nougat, 2014, 5, 15, 00,00, Abgabe Dienstherr, fail, BMAS
"""Cupola"" Espresso Sammeltasse Nr. 42", 2014, 5, 19, 00,00, Abgabe Dienstherr, fail, BMAS
"Eine Flasche kanadischer Eiswein, 2014, 5, 20, 00,00, Behalten (Dienstgebrauch), success, BMAS
"Flasche Baden Spätburgunder Rotwein, 2014, 5, 23, 00,00, Behalten (Dienstgebrauch), success, BMAS
Grubenlampe, 2014, 5, 27, 00,00, Abgabe Dienstherr, fail, BMAS
Kaffeetasse, 2014, 6, 2, 00,00, Behalten, success, BMAS
"Buch ""Dachdecker wollte ich eh nicht werden"" von Raul Krauthausen", 2014, 6, 5, 00,00, Behalten, success, BMAS
"Teilnahme an der Veranstaltung: 25 Jahre ""Neues Handeln"" (Rahmenagentur des BMAS)", 2014, 6, 5, 00,00, Behalten (Dienstgebrauch), success, BMAS
Kleine Schale/Teller 24 Karat vergoldet, 2014, 6, 12, 00,00, Abgabe Dienstherr, fail, BMAS
Jahrbuch des Landesarchivs Berlin 2013, 2014, 6, 13, 00,00, Abgabe Dienstherr, fail, BMAS
3 Gläser, 2014, 6, 25, 00,00, Behalten, success, BMAS
"Schokolade, 2014, 6, 27, 00,00, Abgabe Dienstherr, fail, BMAS
Mobiles USB-Akku Ladegerät, 2014, 6, 27, 00,00, Behalten, success, BMAS
Mobiles USB-Akku Ladegerät, 2014, 6, 27, 00,00, Behalten, success, BMAS
Mobiles USB-Akku Ladegerät, 2014, 6, 27, 00,00, Behalten, success, BMAS
Table Display für typische Makeups von Opersängern, 2014, 7, 8, 00,00, Abgabe Dienstherr, fail, BMAS
Pralinen, 2014, 7, 10, 00,00, Behalten, success, BMAS
Vase, 2014, 7, 10, 00,00, Behalten, success, BMAS
"2 Porzellan-Schlüsselanhänger, 2014, 7, 10, 00,00, Rueckgabe, fail, BMAS
"Kugelschreiber, 2014, 7, 14, 00,00, Abgabe Dienstherr, fail, BMAS
"1) Krawatte, 2014, 7, 29, 00,00, Behalten (Dienstgebrauch), success, BMAS
Tarifsammlung für die Bauwirtschaft, 2014, 7, 31, 00,00, Abgabe Dienstherr, fail, BMAS
Damenschal aus Seide, 2014, 8, 4, 00,00, Abgabe Dienstherr, fail, BMAS
"Einladung Festakt ""Mestemacher Preis Managerin des Jahres 2014""", 2014, 8, 15, 00,00, Behalten (Dienstgebrauch), success, BMAS
Schreibblock, 2014, 8, 26, 00,00, Behalten, success, BMAS
Notizblock, 2014, 8, 26, 00,00, Behalten, success, BMAS
"Einladung Festakt ""Mestemacher Preis Managerin des Jahres 2014""", 2014, 9, 8, 00,00, Behalten (Dienstgebrauch), success, BMAS
Poloshirt, 2014, 9, 24, 00,00, Behalten, success, BMAS
Kugelschreiber mit BMAS-Gravur, 2014, 9, 16, 00,00, Behalten, success, BMAS
"Buch, 2014, 10, 6, 00,00, Rueckgabe, fail, BMAS
"Pralinenmischung von Heilemann, 2014, 10, 8, 00,00, Behalten (Dienstgebrauch), success, BMAS
"1.) Kaffeetasse mit Aufdruck Freistaat Sachsen 2.) Musik-CD des Staatsministeriums für Soziales und Verbraucherschutz Sachsen", 2014, 10, 21, 00,00, Behalten, success, BMAS
vierte Auflage des Corporate Health Jahrbuch 2014, 2014, 10, 9, 00,00, Abgabe Dienstherr, fail, BMAS
Kommentar zum Betriebsrentenrecht mit Insolvenzsicherung und Versorgungsausgleich, 2014, 10, 21, 00,00, Abgabe Dienstherr, fail, BMAS
Kommentar zum Betriebsrentengesetz, 2014, 9, 20, 00,00, Abgabe Dienstherr, fail, BMAS
Kommentar zum Betriebsrentengesetz, 2014, 9, 20, 00,00, Abgabe Dienstherr, fail, BMAS
Flasche Wein, 2014, 10, 23, 00,00, Behalten, success, BMAS
Kalender, 2014, 10, 15, 00,00, Behalten, success, BMAS
Schreibset, 2014, 10, 24, 00,00, Behalten, success, BMAS
Mini-Holzbank und Flasche Wein, 2014, 10, 30, 00,00, Behalten, success, BMAS
Taschentuch, 2014, 11, 4, 00,00, Behalten, success, BMAS
"Funkmaus, 2014, 11, 6, 00,00, Abgabe Dienstherr, fail, BMAS
DVD + Kunststoffarmringe, 2014, 11, 10, 00,00, Behalten, success, BMAS
Pralinen + Marmelade, 2014, 11, 14, 00,00, Behalten, success, BMAS
Flasche Sekt, 2014, 11, 19, 00,00, Behalten, success, BMAS
Champagner Moutard Brut Grand Cuvée, 2014, 9, 17, 00,00, Behalten, success, BMAS
Glaswürfel, 2014, 11, 24, 00,00, Abgabe Dienstherr, fail, BMAS
USB Stick 4 Gigabite, 2014, 11, 24, 00,00, Behalten, success, BMAS
"Geschenkebox (Wein, 2014, 11, 25, 00,00, Behalten (Dienstgebrauch), success, BMAS
Kommentar zum Betriebsrentengesetz, 2014, 10, 21, 00,00, Abgabe Dienstherr, fail, BMAS
Adventskalender, 2014, 11, 14, 00,00, Behalten, success, BMAS
Adventskalender, 2014, 12, 2, 00,00, Behalten, success, BMAS
Adventskalender, 2014, 12, 3, 00,00, Behalten, success, BMAS
Kalender, 2014, 12, 5, 00,00, Behalten, success, BMAS
"Adventskalender NIKKUS Veranstaltungstechnik", 2014, 12, 8, 00,00, Behalten, success, BMAS
Annaberger Faltstern (Weihnachtsstern Erzgebirge), 2014, 12, 9, 00,00, Behalten, success, BMAS
Premium Elisen Schatulle von Lebkuchen Schmidt für mehrere Mitarbeiter, 2014, 12, 9, 00,00, Behalten, success, BMAS
CD-Best of Christmas (105.5 Spreeradio), 2014, 12, 9, 00,00, Behalten, success, BMAS
"Ezetil Keep Cool Professional Bottle Cooler, 2014, 12, 9, 00,00, Abgabe Dienstherr, fail, BMAS
2 Weihnachtskalender, 2014, 12, 9, 00,00, Behalten, success, BMAS
Süßigkeiten, 2014, 12, 9, 00,00, Behalten, success, BMAS
Jahreskalender 2015, 2014, 12, 10, 00,00, Behalten, success, BMAS
"Konferenzmappe, 2014, 12, 2, 00,00, Behalten (Dienstgebrauch), success, BMAS
600g Köln Dom - Spekulatius Präsentbox, 2014, 12, 11, 00,00, Behalten, success, BMAS
"Broschüre ""Stichwort Kommentar Behindertenrecht""", 2014, 11, 11, 00,00, Abgabe Dienstherr, fail, BMAS
3 Kalender Franz - Sales - Haus, 2014, 12, 5, 00,00, Behalten, success, BMAS
Süßigkeiten, 2014, 12, 9, 00,00, Behalten, success, BMAS
"Bewirtung im Allgemein üblichen und angemessenen Rahmen (Drei-Gang-Menü), 2014, 12, 11, 00,00, Behalten (Dienstgebrauch), success, BMAS
1 Flasche Wein, 2014, 12, 10, 00,00, Behalten, success, BMAS
Kalender Kirgisistan 2015, 2014, 12, 2, 00,00, Behalten, success, BMAS
"Praxisbuch ""Inklusion Vielfalt Gestalten""", 2014, 12, 12, 00,00, Abgabe Dienstherr, fail, BMAS
Packung mit 4 Pralienen und Informationsbroschüre, 2014, 12, 11, 00,00, Behalten, success, BMAS
Adventskalender, 2014, 12, 5, 00,00, Behalten, success, BMAS
4 Pralinen, 2014, 12, 16, 00,00, Behalten, success, BMAS
Wandkalender (30x40 cm), 2014, 12, 17, 00,00, Behalten, success, BMAS
Wandkalender (35x90 cm), 2014, 12, 17, 00,00, Behalten, success, BMAS
Wandkalender (35x40 cm), 2014, 12, 17, 00,00, Behalten, success, BMAS
"Alutrinkflasche für das Fahrrad, 2014, 12, 17, 00,00, Abgabe Dienstherr, fail, BMAS
CD, 2014, 12, 17, 00,00, Behalten, success, BMAS
Tütchen Lebkuchen-Gewürzmischung (2 Gramm), 2014, 12, 18, 00,00, Behalten, success, BMAS
Flasche Wein, 2014, 12, 16, 00,00, Behalten, success, BMAS
Taschenkalender, 2014, 12, 19, 00,00, Behalten, success, BMAS
Wandkalender (ca. DINA2), 2014, 12, 30, 00,00, Behalten, success, BMAS
"0, 2014, 12, 18, 00,00, Abgabe Dienstherr, fail, BMAS
Wandkalender, 2014, 12, 22, 00,00, Behalten, success, BMAS
Kalender, 2014, 12, 22, 00,00, Behalten, success, BMAS
Feinster Nürnberger Elisen-Lebkuchen, 2014, 12, 30, 00,00, Behalten, success, BMAS
Wandkalender, 2014, 12, 29, 00,00, Behalten, success, BMAS
Adventskranz, 2014, 12, 23, 00,00, Behalten, success, BMAS
Kalender, 2014, 12, 23, 00,00, Behalten, success, BMAS
"Schwarzwälder Schinken, 2015, 1, 5, 00,00, Behalten (Dienstgebrauch), success, BMAS
"Dose Pralinen, 2015, 1, 5, 00,00, Behalten (Dienstgebrauch), success, BMAS
Jahreskalender 2015 DIN A5, 2015, 1, 5, 00,00, Behalten, success, BMAS
Eine Schachtel Pralinen, 2015, 1, 6, 00,00, Behalten, success, BMAS
"Ein Buch ""Gute Arbeit; Ausgabe 2015""", 2015, 1, 6, 00,00, Abgabe Dienstherr, fail, BMAS
Wandkalender 2015 in Posterform, 2015, 1, 12, 00,00, Behalten, success, BMAS
Wandkalender DIN A3, 2015, 1, 9, 00,00, Behalten, success, BMAS
"Tasse, 2015, 1, 20, 00,00, Abgabe Dienstherr, fail, BMAS
"Weihnachtspräsent, 2015, 1, 7, 00,00, Behalten (Dienstgebrauch), success, BMAS
Kalender, 2015, 2, 18, 00,00, Behalten, success, BMAS
Einladung Symposium der Tarifvertragsparteien der Bauwirtschaft mit Abendessen, 2015, 1, 14, 00,00, Behalten (Dienstgebrauch), success, BMAS
"Buch ""The Symphony of Siveryanska Land"" bestickter Tischläufer", 2015, 2, 24, 00,00, Behalten, success, BMAS
Einladung zum Mittagessen, 2015, 3, 12, 00,00, Behalten, success, BMAS
Einladung zum Mittagessen, 2015, 3, 12, 00,00, Behalten, success, BMAS
Einladung zum Mittagessen, 2015, 3, 12, 00,00, Behalten, success, BMAS
Einladung zum Mittagessen, 2015, 3, 16, 00,00, Behalten, success, BMAS
Flasche Baden Kreisler Diedesheimer Herzogsberg Auxerrois 2013, 2015, 3, 26, 00,00, Behalten, success, BMAS
Handtuch, 2015, 4, 7, 00,00, Behalten, success, BMAS
Kugelschreiber, 2015, 4, 22, 00,00, Behalten, success, BMAS
Abenddinner & Get-together im Porsche Museum, 2015, 5, 18, 00,00, Behalten (Dienstgebrauch), success, BMAS
"1x Flasche Ellmendinger Keulebuckel, 2015, 5, 6, 00,00, Abgabe Dienstherr, fail, BMAS
"Süßigkeiten (Frustschutzbärchen, 2015, 5, 7, 00,00, Abgabe Dienstherr, fail, BMAS
Einladung zum Mittagessen, 2015, 5, 6, 00,00, Behalten (Dienstgebrauch), success, BMAS
Buch 'ADHS aus Sicht einer betroffenen Familie', 2015, 6, 3, 00,00, Abgabe Dienstherr, fail, BMAS
"Musikkalender, 2015, 6, 11, 00,00, Abgabe Dienstherr, fail, BMAS
Blumenstrauß, 2015, 6, 18, 00,00, Behalten, success, BMAS
1x Flasche Prosecco, 2015, 6, 17, 00,00, Behalten, success, BMAS
Buch 'Geht alles gar nicht', 2015, 6, 23, 00,00, Behalten, success, BMAS
"Teilnahme an der Verleihung des Mestemacher Preises ""Managerin des Jahres 2015"" im Hotel Adlon Berlin mit Einladung zum Mittagessen", 2015, 6, 19, 00,00, Behalten (Dienstgebrauch), success, BMAS
Stiftehalter, 2015, 6, 26, 00,00, Behalten, success, BMAS
"Buch über das Reisen, 2015, 6, 29, 00,00, Abgabe Dienstherr, fail, BMAS
"Balsamico-Öl, 2015, 7, 1, 00,00, Behalten (Dienstgebrauch), success, BMAS
Thomas Espresso-Set (3 tlg.) Sunny Day New-Red, 2015, 7, 2, 00,00, Abgabe Dienstherr, fail, BMAS
"Buch BMW Art Cars, 2015, 7, 8, 00,00, Rueckgabe, fail, BMAS
Modell Fregatte Klasse 125, 2015, 7, 28, 00,00, Abgabe Dienstherr, fail, BMAS
"Kuscheltier, 2015, 7, 31, 00,00, Behalten (Dienstgebrauch), success, BMAS
Thermoskanne, 2015, 7, 31, 00,00, Behalten, success, BMAS
USB Stick (4 GB), 2015, 8, 6, 00,00, Behalten, success, BMAS
Bildband Blohm+Voss Beautifully Engineered, 2015, 7, 28, 00,00, Abgabe Dienstherr, fail, BMAS
Bildband Blohm+Voss Beautifully Engineered, 2015, 7, 30, 00,00, Abgabe Dienstherr, fail, BMAS
Modell Airbus A320, 2015, 7, 28, 00,00, Abgabe Dienstherr, fail, BMAS
Modell klein Airbus A320 neo, 2015, 7, 28, 00,00, Abgabe Dienstherr, fail, BMAS
"Schlüsselband, 2015, 7, 28, 00,00, Behalten (Dienstgebrauch), success, BMAS
Modell klein Airbus A320 neo, 2015, 7, 30, 00,00, Abgabe Dienstherr, fail, BMAS
"Schlüsselband, 2015, 7, 30, 00,00, Abgabe Dienstherr, fail, BMAS
Modell klein Airbus A320 neo, 2015, 7, 28, 00,00, Abgabe Dienstherr, fail, BMAS
"Schlüsselband, 2015, 7, 28, 00,00, Behalten (Dienstgebrauch), success, BMAS
kleine Tischuhr (als Werbegeschenk), 2015, 8, 24, 00,00, Abgabe Dienstherr, fail, BMAS
Schmuckteller in Samtschatulle, 2015, 8, 31, 00,00, Abgabe Dienstherr, fail, BMAS
Einladung zur Teilnahme an der 23. Preisverleihung des Deutschen Wirtschaftsbeirates als Mitglied des Messebeirats, 2015, 9, 1, 00,00, Behalten (Dienstgebrauch), success, BMAS
2x Kalender 2016 mit Tipps zum Thema Gesundheit, 2015, 9, 15, 00,00, Behalten, success, BMAS
"Visitenkartenbox, 2015, 9, 24, 00,00, Behalten (Dienstgebrauch), success, BMAS
"Visitenkartenbox, 2015, 9, 23, 00,00, Behalten (Dienstgebrauch), success, BMAS
Krawatte mit Motiv des finnischen Regierungsgebäudes, 2015, 9, 24, 00,00, Behalten, success, BMAS
Kosmetik-Handset für Männer, 2015, 9, 25, 00,00, Behalten, success, BMAS
Kosmetik-Handset für Männer, 2015, 9, 28, 00,00, Behalten, success, BMAS
Halstuch, 2015, 9, 24, 00,00, Behalten, success, BMAS
"Teilnahme an der Verleihung des Mestemacher Preises ""Managerin des Jahres 2015"" im Hotel Adlon Berlin mit Einladung zum Mittagessen", 2015, 9, 17, 00,00, Behalten (Dienstgebrauch), success, BMAS
"Quartett (Spielkarten) ""QuarTED"" (Karten mit Inhalten zur Vergaberechtsreform)", 2015, 10, 2, 00,00, Behalten, success, BMAS
Fotorahmen aus Plastik und Papier, 2015, 10, 13, 00,00, Behalten, success, BMAS
"Buch ""Wild und köstlich""", 2015, 10, 14, 00,00, Behalten, success, BMAS
"1 Flasche Wein Les Trois Tomates 0, 2015, 10, 23, 00,00, Behalten (Dienstgebrauch), success, BMAS
"Schreibblock, 2015, 10, 20, 00,00, Behalten (Dienstgebrauch), success, BMAS
1 Kasten Gebäck (250g), 2015, 10, 22, 00,00, Behalten, success, BMAS
1 Kasten Gebäck (250g), 2015, 10, 22, 00,00, Behalten, success, BMAS
"Tischaufsteller ""Help Age India""", 2015, 10, 28, 00,00, Behalten, success, BMAS
kleiner Bilderrahmen, 2015, 11, 2, 00,00, Behalten, success, BMAS
Eintrittkarten für PASS Late Year Benefiz mit Ute Lemper am 28.11.2015 in der Alten Oper in Frankfurt am Main, 2015, 11, 4, 00,00, Behalten, success, BMAS
Einladung zum Abendessen, 2015, 11, 6, 00,00, Behalten (Dienstgebrauch), success, BMAS
"Keramiktopf mit Lakritz, 2015, 11, 26, 00,00, Abgabe Dienstherr, fail, BMAS
"Steinguttopf mit Lakritze, 2015, 11, 26, 00,00, Abgabe Dienstherr, fail, BMAS
Adventskalender (Schokolade), 2015, 12, 1, 00,00, Behalten, success, BMAS
Adventskalender (Schokolade), 2015, 12, 1, 00,00, Behalten, success, BMAS
"100g Pecans, 2015, 12, 2, 00,00, Behalten (Dienstgebrauch), success, BMAS
Reisewecker, 2015, 12, 2, 00,00, Behalten, success, BMAS
Adventskalender, 2015, 12, 3, 00,00, Behalten, success, BMAS
2 Packungen Pekannüsse, 2015, 12, 3, 00,00, Behalten, success, BMAS
Lindt-Adventskalender, 2015, 12, 3, 00,00, Behalten, success, BMAS
Glas Honig (250g), 2015, 12, 3, 00,00, Behalten, success, BMAS
Ladegerät für Smartphones, 2015, 12, 3, 00,00, Behalten, success, BMAS
Ladegerät für Smartphones, 2015, 12, 3, 00,00, Behalten, success, BMAS
Ladegerät für Smartphones, 2015, 12, 3, 00,00, Behalten, success, BMAS
Packung Pekannüsse, 2015, 12, 3, 00,00, Behalten, success, BMAS
Packung Pekannüsse, 2015, 12, 3, 00,00, Behalten, success, BMAS
Ladegerät für mobile Geräte, 2015, 12, 3, 00,00, Behalten, success, BMAS
Adventskalender (Schokolade), 2015, 11, 27, 00,00, Behalten, success, BMAS
Adventskalender (Schokolade), 2015, 11, 30, 00,00, Behalten, success, BMAS
Adventskalender (Schokolade), 2015, 11, 27, 00,00, Behalten, success, BMAS
Adventskalender (Schokolade), 2015, 11, 27, 00,00, Behalten, success, BMAS
Adventskalender (Schokolade), 2015, 11, 20, 00,00, Behalten, success, BMAS
folkloristisches Oberhemd, 2015, 11, 23, 00,00, Behalten, success, BMAS
Adventskalender (Schokolade), 2015, 11, 20, 00,00, Behalten, success, BMAS
2 Tüten gebrannte Mandeln, 2015, 12, 8, 00,00, Behalten, success, BMAS
Adventskalender (Schokolade), 2015, 12, 16, 00,00, Behalten, success, BMAS
Ikebana Kalender, 2015, 12, 15, 00,00, Behalten, success, BMAS
"Mandeln, 2015, 12, 15, 00,00, Behalten (Dienstgebrauch), success, BMAS
Tischkalender, 2015, 12, 14, 00,00, Behalten, success, BMAS
Tischkalender, 2015, 12, 10, 00,00, Behalten, success, BMAS
Glas mit selbstgebackenen Keksen, 2015, 12, 16, 00,00, Behalten, success, BMAS
Wanduhr, 2015, 11, 17, 00,00, Abgabe Dienstherr, fail, BMAS
Präsentkorb, 2015, 11, 11, 00,00, Behalten, success, BMAS
1 Holzkiste Plantagen Schokolade, 2015, 12, 4, 00,00, Behalten, success, BMAS
CD Best of Christmas 4, 2015, 12, 7, 00,00, Behalten, success, BMAS
Adventskalender (Schokolade), 2015, 12, 8, 00,00, Behalten, success, BMAS
"Bewirtung mit 1 Glas Wasser, 2015, 12, 8, 00,00, Behalten (Dienstgebrauch), success, BMAS
Box mit Schokoladenpralinen, 2015, 12, 17, 00,00, Behalten, success, BMAS
"1 Dresdner Christstollen, 2015, 12, 18, 00,00, Abgabe Dienstherr, fail, BMAS
2 Flaschen Wein (ohne genauere Beschreibung), 2015, 12, 18, 00,00, Behalten, success, BMAS
Men's Kit Reiseset für Männer, 2015, 12, 18, 00,00, Abgabe Dienstherr, fail, BMAS
Bilderrahmen, 2015, 12, 18, 00,00, Abgabe Dienstherr, fail, BMAS
Adventskalender (Schokolade), 2015, 12, 16, 00,00, Behalten, success, BMAS
Ukrainischer Teller, 2015, 12, 22, 00,00, Abgabe Dienstherr, fail, BMAS
"Wandkalender, 2015, 12, 23, 00,00, Behalten (Dienstgebrauch), success, BMAS
kleines Mokka-Set nebst Dekoteller aus Sarajewo, 2015, 12, 18, 00,00, Abgabe Dienstherr, fail, BMAS
Kalender, 2015, 12, 18, 00,00, Behalten, success, BMAS
Einladung zum Neujahrskonzert, 2015, 12, 3, 00,00, Behalten, success, BMAS
"Tischkalender, 2015, 11, 18, 00,00, Rueckgabe, fail, BMAS
Wandkalender, 2015, 12, 22, 00,00, Behalten, success, BMAS
USB Stick, 2015, 12, 22, 00,00, Behalten, success, BMAS
"Präsentkorb (Marmelade, 2015, 12, 23, 00,00, Behalten (Dienstgebrauch), success, BMAS
kleine Schreibtischlampe, 2015, 12, 28, 00,00, Behalten, success, BMAS
Kelender 2016, 2015, 12, 30, 00,00, Behalten, success, BMAS
Wandkalender 2016, 2016, 1, 4, 00,00, Behalten, success, BMAS
Niedegger Marzipansortiment, 2016, 1, 4, 00,00, Behalten, success, BMAS
echter Dresdner Christstollen, 2016, 1, 6, 00,00, Behalten, success, BMAS
Kalender, 2016, 1, 7, 00,00, Behalten, success, BMAS
Geschenkpackung mit gebrannten Mandeln, 2016, 1, 11, 00,00, Behalten, success, BMAS
Geschenkpackung mit gebrannten Mandeln, 2016, 1, 11, 00,00, Behalten, success, BMAS
Kalender, 2016, 1, 12, 00,00, Behalten, success, BMAS
Wandkalender 2016, 2016, 1, 14, 00,00, Behalten, success, BMAS
Taschenlampe mit USB Anschluss, 2016, 1, 18, 00,00, Behalten, success, BMAS
"Einladung zum Festakt 11. Preisverleihung des ""Mestemacher Preises Spitzenvater des Jahres"" im Hotel InterContinental", 2016, 1, 20, 00,00, Behalten (Dienstgebrauch), success, BMAS
"Pralinen von Milka ""kleines Dankeschön""", 2016, 2, 1, 00,00, Behalten, success, BMAS
T-Shirt, 2016, 1, 28, 00,00, Behalten, success, BMAS
Wandkalender 2016, 2016, 2, 4, 00,00, Behalten, success, BMAS
Blumenstrauß, 2016, 2, 16, 00,00, Behalten, success, BMAS
"Gutschein über 50, 2016, 2, 16, 00,00, Behalten, success, BMAS
1 Flasche Wambsganss 2014er (Wein), 2016, 2, 18, 00,00, Behalten, success, BMAS
