Das neue Wörterbuch für Leichte Sprache,17,2,2010,,True,False,Behalten,success,bmas
Taschenrechner ,26,5,2010,,True,False,Behalten,success,bmas
1 Krawatte für Vortrag vor einer Delegation der vietnamesich-deutschen Wirtschaftsförderungsgesellschaft über Soziale Sicherung in Deutschland,21,9,2010,,True,False,Behalten,success,bmas
"1 Krawatte, 1 Halstuch von Besuch einer Delegation des allchinesischen Gewerkschaftsbundes",19,10,2010,,True,False,Behalten,success,bmas
"CD ""Soldier of Love"" von Sade im Rahmen der Sitzung der Pflegekommission",2,3,2010,,True,False,Behalten,success,bmas
"Buch ""Wir sind das Volk"" v. Gerhard A. Ritter",11,1,2010,,True,False,Behalten,success,bmas
"4. Auflage Kommentar zum Betriebsrentengesetz von Marita Heinz, Verlagsgruppe Recht",20,4,2010,,False,True,Abgabe Dienstherr,fail,bmas
4. Auflage Kommentar zum Betriebsrentengesetz ,10,5,2010,,False,True,Abgabe Dienstherr,fail,bmas
Ersttagsblatt Sonderpostzeichen Knappschaft bei Feier 750 Jahre Knappschaft,16,11,2010,,True,False,Behalten,success,bmas
"3 Flaschen Wein (Riesling, Jahrgang 2009)  bei Vortrag bei Veranstaltung des Landkreistages Baden-Württemberg",5,8,2010,,True,False,Behalten,success,bmas
1 Flasche Assmannshäuser Höllenberg Spätburgunder für Teilnahme an Landräteseminar,18,8,2010,,True,False,Behalten,success,bmas
1 Krawatte für Vortrag von vietnames. Delegation organisiert von der vietnamesich-deutschen Wirtschaftsförderungsgesellschaft mbH,30,9,2010,,True,False,Behalten,success,bmas
Lesezeichen als Gastgeschenk bie einer chin. Delegation,9,11,2010,,True,False,Behalten,success,bmas
Buch über die Philippinen beim Treffen einer Botschaftsvertreterin,9,11,2010,,True,False,Behalten,success,bmas
Seidentuch bei Besuch einer indonesichen Delegation am 14.12.2010,20,12,2010,,True,False,Behalten,success,bmas
Kalender 2011 zum Jahreswechsel im Bereich Sozialpolitik,13,12,2010,,True,False,Behalten,success,bmas
Lesezeichen für Vortrag bei chin. Delegation,13,12,2010,,True,False,Behalten,success,bmas
Tageskarte Cebit für 05.03.2010,1,3,2010,,False,True,Behalten (Dienstgebrauch),success,bmas
"1 Flasche Wein, 10 Tulpenzwiebeln für Vortrag vor einer niederländ. Delegation",7,10,2010,,True,False,Behalten,success,bmas
Sozialgesetzbuch Textausgabe 2010 der Knappschaft Bahn See ,7,12,2010,,True,False,Behalten,success,bmas
"Manschettenknöpfe, Buch bei Gespräch mit dem Vizepräsidenten Ecuadors, dem Botschafter und der Dresdener Konsulin Ecuadors",10,6,2010,,True,False,Behalten,success,bmas
Das neue Wörterbuch für Leichte Sprache,17,2,2010,,True,False,Behalten,success,bmas
Tageskarte Cebit für 03.03.2010,3,3,2010,,False,True,Behalten (Dienstgebrauch),success,bmas
Kapuzenjacke/T-shirt des Paritätischen,9,4,2010,,True,False,Behalten,success,bmas
Leichte Wind-Jacke mit Firmen-Logo anläßlich einer Mitarbeiter/innen-Schulung des BMAS-Bürgertelefons zum Thema Webportal einfach-teilhaben.de,20,9,2010,,True,False,Behalten,success,bmas
Tageskarte Cebit für Zeitraum 02.-06.03.2010,26,1,2010,,False,True,Behalten (Dienstgebrauch),success,bmas
"Zwei Porzellanbecher ""Royal Copenhagen"" Konferenz anl. von Reha Intern. am 10.11.2010 in Kopenhagen",24,11,2010,,False,True,Behalten,success,bmas
Wandkalender für 2011 mit Ikebanamotiven von Sozialreferent der Botschaft Japan,16,12,2010,,True,False,Behalten,success,bmas
Haarmeyer/Wutzke/Förster Präsenzkommentar zur Insolvenzordnung bei Gläubigerforum am 18.11.2010,23,11,2010,,True,False,Behalten,success,bmas
"Brettspiel ""kick it"" als Weihnachtsgruß",20,12,2010,,True,False,Behalten,success,bmas
Taschenspiegel einer jap. Delegation,25,5,2010,,True,False,Behalten,success,bmas
Wildschweinslami + Schneidemesser minderer Qualität,22,12,2010,,True,False,Behalten,success,bmas
"Farbiges Stofftuch ca. 2x1m für Vortrag vor indon. Delegation, die zus. mit GTZ am 23.09.2010 im BMAS empfangen wurden",23,9,2010,,True,False,Behalten,success,bmas
"4. Auflage Kommentar zum Betriebsrentengesetz von Marita Heinz, Verlagsgruppe Recht",20,4,2010,,False,True,Abgabe Dienstherr,fail,bmas
4. Auflage Kommentar zum Betriebsrentengesetz ,10,5,2010,,False,True,Abgabe Dienstherr,fail,bmas
Eintrittskarte zur Messe Orgatec im Zuge von Mitgliedschaft des BMAS im dnb (Deutsches Netzwerk Büro e.V.),18,11,2010,,True,False,Behalten,success,bmas
Kamm aus Horn bei Delegationsreise des chin. Ministeriums mit Gespräch im BMAS,12,11,2010,,True,False,Behalten,success,bmas
Leichte Wind-Jacke mit Firmen-Logo anläßlich einer Mitarbeiter/innen-Schulung des BMAS-Bürgertelefons zum Thema trägerübergreifendes Persönliches Budget,20,9,2010,,True,False,Behalten,success,bmas
1 Flasche Wein bei  Landräteseminar Hessen,25,8,2010,,True,False,Behalten,success,bmas
Bild und DVD als Dank für den Vortrag über die Regelungen des über- und zwischenstaatl. Sozialversicherungsrechts,16,7,2010,,True,False,Abgabe Dienstherr,fail,bmas
Herrenhemd für Vortrag für eine indonesiche Delegation,23,9,2010,,True,False,Behalten,success,bmas
2 Flaschen Wein für guten Zusammenarbeit,7,12,2010,,True,False,Behalten,success,bmas
"Silberner Parkscheinhalter aus Edelstahl, vernickelt, für Gästebetreuung im Hotel",16,12,2010,,True,False,Behalten,success,bmas
2 CD´s bei Informationsveranstaltung über deutsche Arbeitsmarktpolitik ,9,9,2010,,True,False,Behalten,success,bmas
"Buch ""125 Jahre gesetzl. Unfallversicherung - Steiflichter"" von der UK Bund-Verwaltung bei der Vorstandssitzung der UK-Bund",18,6,2010,,True,False,Behalten,success,bmas
"Nachdruck ""Reform der Armenpflege""",1,3,2010,,True,False,Behalten,success,bmas
"Gesteck mit Kunstblume in Glasvase beim Besuch einer Gruppe von behinderten Menschen, Hausführung + Infogespräch im BMAS durch Besucherdienst",4,10,2010,,True,False,Behalten,success,bmas
"Teegeschenkkarton Heiko Blume, Friesische Spezialität bei Hausführung durchs BMAS",4,10,2010,,True,False,Behalten,success,bmas
Schokolade als Weihnachtsgruss,14,12,2010,,True,False,Behalten,success,bmas
"Holzdekoration von Direktor Arbeitsministerium Südkorea, Infogespräch am 22.03.2010/Empf. Delegation",23,3,2010,,True,False,Abgabe Dienstherr,fail,bmas
2 Dankesschreiben in Glasrahmen ,27,1,2010,,False,True,Abgabe Dienstherr,fail,bmas
Teilnahme an Frühlingsfest des Deutschen Führungskräfteverbandes UAL am 04.05.2010,19,4,2010,,False,True,Behalten (Dienstgebrauch),success,bmas
Brokatstickerei hinter Glas im Holzrahmen bei Vortrags- und Gesprächstermin einer chin. Delegation,2,11,2010,,True,False,Behalten,success,bmas
"1 Musik-CD mit Folklore, 1 Seidenkrawatte von Leiterin der bulg. Delegation für Vortrag BMAS",16,11,2010,,True,False,Behalten,success,bmas
"Wandkalender ""Ikebana 2011"" bzgl. verschiedener Arbeitskontakten von jap. Botschaft",13,12,2010,,True,False,Behalten,success,bmas
Karton mit Schlüsselanhänger sowie Visitenkartenbox/Delegation aus Südafrika,22,3,2010,,True,False,Behalten,success,bmas
Geschenkset (Taschenspiegel und Schlüsselanhänger) bei Vortrag vor chin. Delegation,4,11,2010,,True,False,Behalten,success,bmas
"4. Auflage Kommentar zum Betriebsrentengesetz von Marita Heinz, Verlagsgruppe Recht",22,4,2010,,False,True,Abgabe Dienstherr,fail,bmas
"4.  Auflage Kommentar zum Betriebsrentengesetz mit Versorgungsausgleich von Kemper/Kisters-Kölkers/Berenz/Huber aus der Reihe Arbeitsrechtl. Kurzkommentare vom Pensions-Sicherungs-Verein, Köln",20,5,2010,,False,True,Abgabe Dienstherr,fail,bmas
1 Dose grünen Tee bei Fachespräch - mit Dolmetschern - organisiert über die jap. Botschaft im BMAS über die Riester-Rente und die betriebl. Altersversorgung,14,9,2010,,True,False,Behalten,success,bmas
Krawatte mit Logo des Germanischen Loyds (GL) für Vortrag Umsetzung des ILO-Seearbeitsübereinkommens beim GL in Hamburg,12,5,2010,,True,False,Behalten,success,bmas
Wandkalender zu Weihnachten ,8,12,2010,,True,False,Behalten,success,bmas
Bausparkassen-Fachbuch 09/10,26,1,2010,,True,False,Behalten,success,bmas
Eintrittskarte zur Messe Orgatec im Zuge von Mitgliedschaft des BMAS im dnb (Deutsches Netzwerk Büro e.V.),18,11,2010,,True,False,Behalten,success,bmas
Tageskarte Cebit für 05.03.2010,1,3,2010,,False,True,Behalten (Dienstgebrauch),success,bmas
Schreibblock mit Kugelschreiber in farbigem Einband von jap. Besucherdelegation,25,5,2010,,True,False,Behalten,success,bmas
Porzellanclogs - Größe 4 für Vortrag vor Referenten aus dem niederl. Arbeits- und Sozialministerium,7,10,2010,,True,False,Behalten,success,bmas
Buchstütze mit Relief der chin. Mauer für Vortrag vor einer chin. Delegation,16,11,2010,,True,False,Behalten,success,bmas
Visitenkartenhalter bei Vortrag vor einer chin. Delegation,11,11,2010,,True,False,Behalten,success,bmas
Schreibblock mit Kugelschreiber in farbigem Einband von jap. Besucherdelegation,28,5,2010,,True,False,Behalten,success,bmas
2 CD´s Geschenk von der Delegation des Dänischen Beschäftigungsrates anläßlich ihres Besuches im BMAS,13,9,2010,,True,False,Behalten,success,bmas
Visitenkartenbox und Schlüsselanhänger/Delegation Südafrika,22,3,2010,,True,False,Behalten,success,bmas
"Brettspiel ""kick it"" als Weihnachtsgruß bei Ordensveranstaltung 2010",20,12,2010,,True,False,Behalten,success,bmas
Kalender 2011 bei Ordensveranstaltung 2011 ,21,12,2010,,True,False,Behalten,success,bmas
"Einlad. Festakt/Galabuffet ""Mestermacher Preis Spitzenvater 2010"" Restaurant Deutscher Bundestag/dienst. Nutzung",13,1,2010,,False,True,Behalten (Dienstgebrauch),success,bmas
"Einlad. Essen im Adlon ""Mestermacher Preises Managerin des Jahres 2010"" dienst. Nutzung am 17.09.2010",15,7,2010,,False,True,Behalten (Dienstgebrauch),success,bmas
Teilnahme an einem Essen im Hotel InterContinental zur Verleihung des Mestermacher Preises Spitzenvater des Jahres 2011,11,11,2010,,True,False,Behalten,success,bmas
2 Flaschen Wein für Vortrag bei Stadt Ulm zur UN-Behindertenkonvention,1,4,2010,,True,False,Behalten,success,bmas
"2 Packungen Räucherstäbchen, Schokolade/Grußworte 5jähr. Bestehen der Tür an Tür Integrationsprojekte gGmbH",22,4,2010,,True,False,Behalten,success,bmas
"Brettspiel ""kick it"" als Weihnachtsgruß bei Ordensveranstaltung 2010",21,12,2010,,True,False,Behalten,success,bmas
dünnes Seidentüchlein/Gespräch zu Fragen der ges. Unfallversicherung mit Herrn aus Taiwan,28,4,2010,,True,False,Behalten,success,bmas
"Visitenkartenetui aus Edelstahl mit Dekor von Director Equal Employment Policy Division, Ministry of Labor Korea",23,3,2010,,True,False,Abgabe Dienstherr,fail,bmas
"1 Flasche Qualitätswein Ahr 0,75 l als Weihnachtsgruß",22,12,2010,,True,False,Behalten,success,bmas
"1 Stück Schwarzwälder Schinken, 500 g, als Weihnachtsgruß",22,12,2010,,True,False,Behalten,success,bmas
"Taschenbuch ""Erfolgreiche Beratung"" ",22,12,2010,,False,True,Abgabe Dienstherr,fail,bmas
Haarmeyer/Wutzke/Förster Präsenzkommentar zur Insolvenzordnung bei Gläubigerforum am 18.11.2010,19,11,2010,,True,False,Behalten,success,bmas
Haarmeyer/FrindInsolvenzrecht bei Gläubigerforum am 18.11.2010,19,11,2010,,True,False,Behalten,success,bmas
Haarmeyer/Wutzke/Förster Handbuch der vorläufigen Insolvenz bei Gläubigerforum am 18.11.2010,19,11,2010,,False,True,Abgabe Dienstherr,fail,bmas
Armbanduhr bei aktiver Teilnahme von StS bei Veranstaltung der belg. Ratspräsidenschaft ,28,12,2010,,False,True,Abgabe Dienstherr,fail,bmas
"Sachbuch ""Vertrauen ist gut"" von Unbekannt",11,2,2010,,True,False,Behalten,success,bmas
"Buch ""Der Sozialstaat im Urteil der Bevölkerung"" von Prof. Dr. Wolfgang Glatzer Goethe-Uni Frankfurt",3,5,2010,,True,False,Behalten,success,bmas
Miniatur Buddy Bär stehend auf Sockel ,5,5,2010,,True,False,Behalten,success,bmas
"MetallRente Studie 2010 ""Jugend, Vorsorge, Finanzen - Herausford. oder Überford.? ",7,5,2010,,True,False,Behalten,success,bmas
Mosaikstier - Sozialreferentenseminar im BMAS ,25,5,2010,,True,False,Behalten,success,bmas
"Medienhandbuch Berlin 2010 von Hennes Schulz, Verleger & Chefredakteur von Topmedia Berlin",25,5,2010,,False,True,Abgabe Dienstherr,fail,bmas
Buch über die Braunkohle im Zeitraum 1985 bis 2010,8,6,2010,,False,True,Abgabe Dienstherr,fail,bmas
Standuhr (goldfarben auf Sockel aus Holz) bei Gesprächen mit der indischen Delegation unter Leitung des indischen Staatssekretärs Bandyopadhyay am 31.05.2010,9,6,2010,,True,False,Abgabe Dienstherr,fail,bmas
"Buch ""In diesem Geschäft gibt es keine Mathematik"" ",15,6,2010,,True,False,Behalten,success,bmas
"Flasche Riesling Spätlese trocken sowie DVD ""Zerrissene Umarmungen"" als Dank für eine Rede am 18.06.2010",21,6,2010,,True,False,Behalten,success,bmas
"Buch mit dem Titel ""Andere Augen - ein Fotolesetasthörbuch"" für Rede ",25,5,2010,,False,True,Abgabe Dienstherr,fail,bmas
"Porzellanschälchen von KPM für Teilnahme und Rede an der Sitzung des ZDH-Ausschusses ""Sozialversicherung""",1,7,2010,,False,True,Abgabe Dienstherr,fail,bmas
Bilderrahmen mit 10 schweizer Briefmarken ,22,7,2010,,True,False,Behalten,success,bmas
Porzellanteller von Royal Delft,3,9,2010,,False,True,Abgabe Dienstherr,fail,bmas
Schmuckkästchen mit Hamsa-Symbol,6,9,2010,,False,True,Abgabe Dienstherr,fail,bmas
2 CD´s durch persönliche Überreichung,14,9,2010,,False,True,Abgabe Dienstherr,fail,bmas
1 Memospiel Nutzfahrzeuge - unaufgefordert zugeschickt,13,10,2010,,True,False,Behalten,success,bmas
"Buch zum Thema ""Ghettorenten"", Gastgeschenk bei Dienstreise nach Israel",15,10,2010,,True,False,Behalten,success,bmas
"Buch ""Zeugnisse des Holocaust - Gedenken in Yad Vashem; Gastgeschenk bei einer Dienstreise nach Israel",15,10,2010,,False,True,Abgabe Dienstherr,fail,bmas
"3 israelische Briefmarken in Acryl, Designer Haimi Kivkovitch",26,10,2010,,True,False,Behalten,success,bmas
"Buch von Sven Söllner ""Studiengebühren und das Menschenrecht auf Bildung"" sowie Buch von Jürgen Meyer ""Charta der Grundrechte der Europäischen Union""",26,10,2010,,False,True,Abgabe Dienstherr,fail,bmas
"Buch von Ulrike Lange-Michael und Lörg Lantelmé: ""Gudensberg"" als Gastgeschenk bei einer Podiumsdiskussion ",8,11,2010,,True,False,Behalten,success,bmas
Taschenkalender ,17,11,2010,,True,False,Behalten,success,bmas
Präsentkorb ,23,11,2010,,True,False,Behalten,success,bmas
"Buch ""55 Gründe Ingenieur zu werden""  von Autor Dr.-Ing. Ekkehard Schulz",23,11,2010,,True,False,Abgabe Dienstherr,fail,bmas
Buchkalender für das Jahr 2011 von Repräsentant der Taipeh Vertretung der Bundesrepublik Deutschland,23,11,2010,,True,False,Abgabe Dienstherr,fail,bmas
"Buch ""Werte Wissen Wachstum"" von Dr. Klaus Engel und Michael Vassiliadis ",25,11,2010,,True,False,Abgabe Dienstherr,fail,bmas
"Buch ""Juristinnen"" von Marion Röwekamp ",6,12,2010,,False,True,Abgabe Dienstherr,fail,bmas
Strohhauers Original Heidelberger Christstollen,7,12,2010,,True,False,Behalten,success,bmas
Vier Tassen ,7,12,2010,,True,False,Behalten,success,bmas
"Buch ""Einundzwanzig Jahrhundertgefahren Jahrhundertchancen""",10,12,2010,,True,False,Abgabe Dienstherr,fail,bmas
2 Bücher: Aus Politik und Kultur 7; Digitalisierung: Kunst und Kultur sowie 2 Bücher: Aus Politik und Kultur 6; Künstlerleben: Zwischen Hype und Havarie v. Olaf Zimmermann/Theo Geißler im Rahmen einer Besprechung,20,12,2010,,False,True,Abgabe Dienstherr,fail,bmas
"Porzellanbecher, orange als Weihnachts-/Neujahrsgruß",28,12,2010,,False,True,Abgabe Dienstherr,fail,bmas
"Bildband ""Hidden China"" von Alessandra Meniconzi",28,12,2010,,True,False,Abgabe Dienstherr,fail,bmas
1 silbernen Schutzengel-Schlüsselanhänger,26,8,2010,,True,False,Behalten,success,bmas
Regenschirm bei Gespräch zum ELENA-Verfahren,1,12,2010,,True,False,Behalten,success,bmas
"Buch von Daniel Kehlmann ""Die Vermessung der Welt"" für dienstl. Vortrag ",16,3,2010,,True,False,Behalten,success,bmas
Einladung  zum Eishockey-Bundesliga-Spiel in Berlin,17,12,2010,,False,True,Rueckgabe,fail,bmas
Einfaches gerahmtes Bildchen mit traditioneller chin. Darstellung bei Besuch einer 25-köpfigen chin. Besuchergruppe am 02.11.2010 in Berlin zu einem Vortrag zum Thema Arbeitsschutzsystem in Deutschland,8,11,2010,,True,False,Behalten,success,bmas
"CD ""Soldier of Love"" von Sade im Rahmen der Sitzung der Pflegekommission am 01.03.2010",2,3,2010,,True,False,Behalten,success,bmas
Heidelberger Christstollen (1.500 g) ,3,12,2010,,True,False,Behalten,success,bmas
Rückgabe Cebit-Tageskarte,2,3,2010,,False,True,Rueckgabe,fail,bmas
Buch als Geburtstagsgruß ,17,6,2011,,True,False,Behalten,success,bmas
Tischkalender als Dank für die gute Zusammenarbeit,20,12,2011,,True,False,Behalten,success,bmas
"Buch ""Zeitbombe Internet"" als Weihnachtspräsent",19,12,2011,,True,False,Behalten,success,bmas
 Glas Honig und ein Tütchen Wildblumensamen als Weihnachtspräsent,19,12,2011,,True,False,Behalten,success,bmas
"Unaufgeforderte Zusendung des Buches ""Ich arbeite in einem Irrenhaus"" ",12,10,2011,,True,False,Behalten,success,bmas
"Flasche Wein (Staatliche Weinbaudomäne Oppenheim, Riesling trocken)",25,7,2011,,True,False,Behalten,success,bmas
1 Küchenmesser (Obstmesser) aus Solingen mit vergoldeter Klinge bei Implementierungsreise Stadt Solingen am 16.09.2011,5,10,2011,,True,False,Behalten,success,bmas
Flasche Wein (Wachtenburg Secco weiß trocken),25,7,2011,,True,False,Behalten,success,bmas
Adventskalender mit Schokoladenfüllung von Vivento zur Weihnachtszeit,16,11,2011,,True,False,Behalten,success,bmas
Kugelschreiber und Schlüsselanhänger bei Treffen einer südkoreanischen Regierungsdelegation im BMAS,1,9,2011,,True,False,Behalten,success,bmas
Bild von Behinderten bei Ausstellungsgestaltung ,16,9,2011,,True,False,Behalten,success,bmas
Keramikfigur als Gastgeschenk der chin. Delegation; Gespräch zur Arbeitsmarkt- und Sozialpolitik in Deutschland,27,4,2011,,True,False,Behalten,success,bmas
grüner Schal als Gastgeschenk bei bilateralem Gespräch zur Vertiefung der Zusammenarbeit mit dem vietnam. Partnerministerium,27,4,2011,,True,False,Abgabe Dienstherr,fail,bmas
Vase als Gastgeschenk für Teilnahme am ASEM-Forum in Vietnam,27,4,2011,,True,False,Behalten,success,bmas
Kleiner Holzfächer bei Besuch einer koreanischen Delegation am 15.06.2011,24,6,2011,,True,False,Behalten,success,bmas
Schmuckkästchen durch Besuch einer Delegation aus Korea am 16.11.2011,10,1,2011,,True,False,Behalten,success,bmas
Kleine Vase durch Besuch einer Delegation aus China,10,1,2011,,True,False,Behalten,success,bmas
Schreibset als Weihnachtsgruß,10,1,2011,,True,False,Behalten,success,bmas
Taschenspiegel mit Schlüsselanhänger,10,1,2011,,True,False,Behalten,success,bmas
Kamm,10,1,2011,,True,False,Behalten,success,bmas
Gastgeschenk der vietnamesischen Delegation am 18.11.2011 - ein Teebehälter,18,11,2011,,True,False,Behalten,success,bmas
"Buch des norwegischen Autors Bjornstad ""Die Frau im Tal"" für Vortrag zu CSR anl. Sitzung Norw. Wirtschaftsrat ",7,4,2011,,True,False,Behalten,success,bmas
Wandkalender/Schokolade,23,12,2011,,False,False,,,bmas
Seidenschal von Chin. Delegation d. Nationalen Kommission für Bevölkerung und Familienplanung der Volksrepublik China,19,9,2011,,True,False,Behalten,success,bmas
Taschenspiegel und Wandteller bei Besuch einer Delegation aus China am 13.12.2010,10,1,2011,,True,False,Behalten,success,bmas
Buch bei Besuch einer Delegation aus China,9,3,2011,,True,False,Behalten,success,bmas
"Flasche Brut Magnum im Rahmen einer Veranstaltung ""MCC Zukunftsmarkt Altersvorsorge""",14,3,2011,,True,False,Behalten,success,bmas
"1 Flasche Weißwein, 1 DVD (Die Päpstin) ",16,6,2011,,True,False,Behalten,success,bmas
"Buch/Katalog ""Kunst trotz(t) Armut""",8,8,2011,,True,False,Behalten,success,bmas
Glas - geformt wie Kohlblätter - bei Betreuung der chin. Delegation am 09.06.2011,15,6,2011,,True,False,Abgabe Dienstherr,fail,bmas
1 Küchenmesser (Obstmesser) aus Solingen mit vergoldeter Klinge bei Implementierungsreise Stadt Solingen am 16.09.2011,21,9,2011,,True,False,Behalten,success,bmas
Kicker-Spiel als Weihnachtsgruß,13,1,2011,,True,False,Behalten,success,bmas
Mittagessen bei Int. Delegation der OECD,1,7,2011,,True,False,Behalten,success,bmas
Kugelschreiber und Schlüsselanhänger bei Treffen einer südkoreanischen Regierungsdelegation im BMAS,1,9,2011,,True,False,Behalten,success,bmas
Kochbuch für Betreuung einer Inhouse-Schulung ,26,10,2011,,True,False,Behalten,success,bmas
1 Motivteller bei Teilnahme am internationalen Workshop in Seoul (31.08.-05.09.2011),8,9,2011,,True,False,Behalten,success,bmas
"1 Mini-Bildband Australien, 1 Anstecknadel bei Teilnahme am internationalen Workshop in Seoul (31.08.-05.09.2011)",8,9,2011,,True,False,Behalten,success,bmas
"Broschüren zur Stadtinformation, 4 Ansichtskarten, 8 Stück Süßigkeiten, incl. Beutel bei Teilnahme am internationalen Workshop in Seoul (31.08.-05.09.2011)",8,9,2011,,True,False,Behalten,success,bmas
1 Etui mit Nagelpflegeutensilien (mit Aufdruck) bei Teilnahme am internationalen Workshop in Seoul (31.08.-05.09.2011),8,9,2011,,True,False,Behalten,success,bmas
1 Fächer bei Teilnahme am internationalen Workshop in Seoul (31.08.-05.09.2011),8,9,2011,,True,False,Behalten,success,bmas
"15-teiliges Besteckset, bestehend aus Löffeln und Esstäbchen bei Teilnahme am internationalen Workshop in Seoul (31.08.-05.09.2011)",8,9,2011,,True,False,Behalten,success,bmas
"1 Notizzettelhalter, 1 Schlüsselanhänger, 1 Anstecknadel bei Teilnahme am internationalen Workshop in Seoul (31.08.-05.09.2011)",8,9,2011,,True,False,Behalten,success,bmas
1 ungefülltes Schmuckkästchen bei Teilnahme am internationalen Workshop in Seoul (31.08.-05.09.2011),8,9,2011,,True,False,Behalten,success,bmas
1 Flache Wein bei Vortrag beim Deutschen Bauernverband,18,3,2011,,True,False,Behalten,success,bmas
Pralinen von Leonidas als Präsent zum Jahreswechsel/Dank für Zusammenarbeit,11,1,2011,,True,False,Behalten,success,bmas
Wandkalender für Infogespräch mit Integrationsamt Berlin,3,1,2011,,True,False,Behalten,success,bmas
1 Etui mit Nagelpflegeutensilien (mit Aufdruck) bei Teilnahme am internationalen Workshop in Seoul (31.08.-05.09.2011),8,9,2011,,True,False,Behalten,success,bmas
"Broschüren zur Stadtinforamtion, 4 Ansichtskarten, 8 Stück Süßigkeiten, incl. Beutel bei Teilnahme am internationalen Workshop in Seoul (31.08.-05.09.2011)",8,9,2011,,True,False,Behalten,success,bmas
1 Motivteller bei Teilnahme am internationalen Workshop in Seoul (31.08.-05.09.2011),8,9,2011,,True,False,Behalten,success,bmas
1 ungefülltes Schmuckkästchen bei Teilnahme am internationalen Workshop in Seoul (31.08.-05.09.2011),8,9,2011,,True,False,Behalten,success,bmas
"1 Notizzettelhalter, 1 Schlüsselanhänger, 1 Anstecknadel bei Teilnahme am internationalen Workshop in Seoul (31.08.-05.09.2011)",8,9,2011,,True,False,Behalten,success,bmas
"15-teiliges Besteckset, bestehend aus Löffeln und Esstäbchen bei Teilnahme am internationalen Workshop in Seoul (31.08.-05.09.2011)",8,9,2011,,True,False,Behalten,success,bmas
1 Fächer bei Teilnahme am internationalen Workshop in Seoul (31.08.-05.09.2011),8,9,2011,,True,False,Behalten,success,bmas
"1 Mini-Bildband Australien, 1 Anstecknadel bei Teilnahme am internationalen Workshop in Seoul (31.08.-05.09.2011)",8,9,2011,,True,False,Behalten,success,bmas
1 Minibildband Neuseeland bei Teilnahme am internationalen Workshop in Seoul (31.08.-05.09.2011),8,9,2011,,True,False,Behalten,success,bmas
1 Briefbeschwerer bei Teilnahme am internationalen Workshop in Seoul (31.08.-05.09.2011),8,9,2011,,True,False,Behalten,success,bmas
Taschenbuch von der Arbeitsgemeinschaft für Betriebl. Altersvorsorge eV).,2,12,2011,,False,True,Abgabe Dienstherr,fail,bmas
Notizbuch als Weihnachtsgeschenk und Buch als Dank für die geleistete Arbeit im Projektbeirat,25,2,2011,,True,False,Behalten,success,bmas
"Kl. Buch m. Sachgeschichten, 180g Lindt-Pralinen, Notizblock, Wandkalender",28,12,2011,,True,False,Behalten,success,bmas
65 g Lindt-Weihnachtsschokolade als Weihnachtsgruß,14,12,2011,,True,False,Behalten,success,bmas
Holzstern als Weihnachtsgruß,14,12,2011,,True,False,Behalten,success,bmas
Monatskalender 2011 (Eigenherstellung des ICP) als Neujahrsgruß,14,12,2011,,True,False,Behalten,success,bmas
Schwarzwälter Schiken Weihnachtsgruß,16,12,2011,,True,False,Behalten,success,bmas
Christstollen als Aufmerksamkeit für Weihnachten,15,12,2011,,True,False,Behalten,success,bmas
Kiste mit sechs Pears (Birnenfrüchte) als Weihnachts-/Neujahrsgruß,10,1,2011,,True,False,Behalten,success,bmas
Publikation: The White House - The History Of An American Idea bei Veranstaltung im BMAS zur deutschen Arbeitsmarktpolitik,10,6,2011,,True,False,Behalten,success,bmas
Thermobecher,18,11,2011,,True,False,Behalten,success,bmas
"Schreibblock, Kugelschreiber, Klebezettel von Bund-Länder-Ausschuss ",18,7,2011,,True,False,Behalten,success,bmas
Mittagessen Deutscher Landkreistag,18,7,2011,,True,False,Behalten,success,bmas
"Tischuhr (versilbert) bei Besuch einer niederländischen Delegation, bestehend aus Abgeordneten des nierdel. Parlaments",13,9,2011,,False,True,Abgabe Dienstherr,fail,bmas
1 Thermobecher mit dem LOGO IAS im Zuge der Zusammenarbeit,17,11,2011,,True,False,Behalten,success,bmas
CeBIT-Karte Hannover,14,2,2011,,False,True,Behalten (Dienstgebrauch),success,bmas
Grillfest ehem. Kollegen am Rhein/Nutzung Tiefgarage + Imbiss,12,4,2011,,True,False,Behalten,success,bmas
"Buch ""Zeitbombe Internet"" als Weihnachtspräsent",19,12,2011,,True,False,Behalten,success,bmas
"Eintrittskarte Bundesgartenschau Koblenz, Sitzung des Begleitausschusses des Landes Rheinland-Pfalz ",7,6,2011,,True,False,Behalten (Dienstgebrauch),success,bmas
"Flasche Wein (Staatliche Weinbaudomäne Oppenheim, Riesling trocken)",26,7,2011,,True,False,Behalten,success,bmas
Flasche Wein (Wachtenburg Secco weiß trocken),26,7,2011,,True,False,Behalten,success,bmas
Kalender,4,1,2011,,True,False,Behalten,success,bmas
Adventskalender,4,1,2011,,True,False,Behalten,success,bmas
Wandkalender als Weihnachtspräsent,21,12,2011,,True,False,Behalten,success,bmas
Wandkalender Ikebana 2012,29,11,2011,,True,False,Behalten,success,bmas
Stickereimotive (im Plastikrahmen) am 11.11.2010,10,1,2011,,True,False,Behalten,success,bmas
Bild bei Besuch einer Delegation aus China am 02.11.2010,10,1,2011,,True,False,Behalten,success,bmas
Qayang Golek (Schattenpuppe aus Plastik) bei Besuch einer Delegation aus Indonesien am 20.12.2010,10,1,2011,,True,False,Behalten,success,bmas
3 Flaschen Sekt ,20,6,2011,,True,False,Behalten,success,bmas
1 Küchenmesser (Obstmesser) aus Solingen mit vergoldeter Klinge bei Implementierungsreise Stadt Solingen,27,10,2011,,True,False,Behalten,success,bmas
Vase als Gastgeschenk für Teilnahme am ASEM-Forum in Vietnam,27,4,2011,,True,False,Behalten,success,bmas
Krawatte als Gastgeschenk bei bilateralem Gespräch zur Vertiefung der Zusammenarbeit mit dem vietnamesischen Partnerministerium,27,4,2011,,True,False,Behalten,success,bmas
"Buch ""Fußballgötter und ihre Philosophien""",1,8,2011,,True,False,Abgabe Dienstherr,fail,bmas
1 Flasche Wein bei Verwanstaltung am 25.08.11 bei GDA,27,10,2011,,True,False,Behalten,success,bmas
"DVD, Rosenöl bei Expertengespräch einer bulgarischen Delegation am 18.10.2011",19,10,2011,,True,False,Behalten,success,bmas
"Buch ""Arme habe ihr allezeit"" ",22,6,2011,,True,False,Behalten,success,bmas
Taschenbuch von der Arbeitsgemeinschaft für Betriebl. Altersvorsorge eV).,2,12,2011,,False,True,Abgabe Dienstherr,fail,bmas
"DVD, Rosenöl bei Expertengespräch einer bulgarischen Delegation am 18.10.2011",19,10,2011,,True,False,Behalten,success,bmas
"Relief Wandkalender 2012 der Deutschen Zentralbücherei für Blinde in Leipzig (DZB) - ""chinesische Tierkreiszeichen im Braille-Druck""",29,12,2011,,True,False,Behalten,success,bmas
Wandkalender als Weihnachtsgruß,15,12,2011,,True,False,Behalten,success,bmas
Brettspiel Kick it ,3,1,2011,,True,False,Behalten,success,bmas
"Buch ""Das Krebs Buch"" ",24,11,2011,,True,False,Abgabe Dienstherr,fail,bmas
"Ein vierfarbiger Siebdruck von Peter Steiner und Regina Steiner nach einem Entwurf der Künstler für die Sonderbriefmarke ""Altstadt Regensburg"" der BRD als Weihnachtsgruß",13,12,2011,,False,True,Abgabe Dienstherr,fail,bmas
Taschenkalender unaufgefordert zugesandt,21,12,2011,,True,False,Behalten,success,bmas
"1 Päckchen grüner Tee, ein Wandkalender aus Stoff, ein Halstuch",27,12,2011,,True,False,Behalten,success,bmas
Wandkalender als Weihnachtsgruß,8,12,2011,,True,False,Behalten,success,bmas
Flasche Wein (Wachtenburg Secco weiß trocken),1,8,2011,,True,False,Behalten,success,bmas
"Buch ""Ich arbeite in einem Irrenhaus"" bei 1 Jahr Zeitchancen ",19,9,2011,,True,False,Behalten,success,bmas
1 Küchenmesser (Obstmesser) aus Solingen mit vergoldeter Klinge bei Implementierungsreise Stadt Solingen am 16.09.2011,21,9,2011,,True,False,Behalten,success,bmas
Unaufgeforderte Zusendung des Stat. Jahrbuchs 2011 des Stat. Bundesamtes,11,10,2011,,False,True,Abgabe Dienstherr,fail,bmas
3 Flaschen Sekt Zusendung per Post nach Begleitung der Ministerin zu einem Termin bei der Henkell Senktkellerei,20,6,2011,,True,False,Behalten,success,bmas
"Übernachtungskosten im Hotel Kloster, Geisenheim-Johannisberg am 15.06.2011 bei 30-jährigem Bestehen SOKA Bau",14,6,2011,,False,True,Behalten (Dienstgebrauch),success,bmas
"Kleine Schachtel Pralinen von Lindt (Creola) bei Vortragsrehie zum Inkrafttreten der reformierten Unfallverhütungsvorschrift ""Betriebsärtze und Fachkräfte für Arbeitssicherheit""",16,2,2011,,True,False,Behalten,success,bmas
Bronzeabbild Pferde mit Wagen auf Holz bei Übergabe bei chin. Delegation bei ehrenamtlicher Tätigkeit (Vortrag) ,00,00,2011,,True,False,Abgabe Dienstherr,fail,bmas
"Buch ""Fußballgötter und ihre Philosophien"" von Arbeitgeberverband Pflege unaufgefordert zugesandt",12,7,2011,,True,False,Behalten,success,bmas
"Druckbleistift,Stofftragetasche bei Gespräch über atypische Beschäftigung in DEU und Japan am 02.09.11",8,9,2011,,True,False,Abgabe Dienstherr,fail,bmas
Herrenarmbanduhr Bocchia Titanium bei Hauptstadtkongress der Offensive Mittelstand am 12.05.2011 im BMAS Berlin,6,6,2011,,False,True,Abgabe Dienstherr,fail,bmas
"1 Stück Schwarzwälder Schinken als Weihnachtsgruß eines Partners des betreuten INQA-Initiativkreises ""Offensive Mittelstand""",14,12,2011,,True,False,Behalten,success,bmas
Koreanische Lackdose als Gastgeschenk für den Empfang einer koreanischen Delegation,14,12,2011,,True,False,Behalten,success,bmas
Nagelpflegeetui,28,3,2011,,True,False,Behalten,success,bmas
Wein: Südtiroler Sauvignon 2008 als Weihnachtsgruß,14,1,2011,,True,False,Behalten,success,bmas
1 Flasche Wein als Aufmerksamkeit zu Weihnachten,21,12,2011,,True,False,Behalten,success,bmas
"Kommentar zum Kündigungsschutzgesetz (Thüsing/Laux/Lembke, 2. Auflage)",3,2,2011,,False,True,Abgabe Dienstherr,fail,bmas
"Vierfarbiger Offsetdruck von Olaf Jäger ""Limburg a.d.Lahn"" als Weihnachtsgruß ",5,1,2011,,False,True,Abgabe Dienstherr,fail,bmas
Handbuch der gesetzl. Rentenversicherung SGB VI von Luchterhand anläßlich FNA-Jahrestagung bei DRV Bund,27,1,2011,,False,True,Abgabe Dienstherr,fail,bmas
"Buch ""Der Streit um die Existenz des Menschen"" von Jósef Tischner",1,2,2011,,False,True,Abgabe Dienstherr,fail,bmas
"Unaufgeforderte Zusendung der Sozialversicherungsgesetze 2011 Gesamt- und Kompaktausgabe SGB IV, V, IX, XI und Verträge",14,2,2011,,True,False,Abgabe Dienstherr,fail,bmas
Rotweinflasche bei Rede auf einer Konfrerenz des Instituts für Versicherungswirtschaft,16,2,2011,,True,False,Behalten,success,bmas
Pistolen-Ratschen-Magazin-Schraubendreher mit LED-Licht unaufgeforderte Zusendung,15,2,2011,,True,False,Behalten,success,bmas
"unaufgeforderte Zusendung einer Flasche Wein (Riesling) von Euroforum Deutschland SE, Konzeption und Org. von Handelsblatt Veranstaltungen",9,3,2011,,True,False,Behalten,success,bmas
"Flasche Brut Magnum im Rahmen einer Veranstaltung ""MCC Zukunftsmarkt Altersvorsorge""",14,3,2011,,True,False,Behalten,success,bmas
Geschenkpaket mit drei Flaschen Olivenöl á 250 ml im Rahmen 2. Staatssekretärskonsultation zur deutsch-griechischen Partnerschaftsinitiative,17,3,2011,,True,False,Behalten,success,bmas
Polnische Wetterlampe bei Eröffnungsrede auf dem Verbandstag des Berufsverbands Die Führungskräfte,14,4,2011,,False,True,Abgabe Dienstherr,fail,bmas
"Kunstwerk bestehend aus Miniatur-Zulu-Schild und Waffen, einer Coca-Cola-Drum-Rassel und einer Marimba in einem Kürbis, verziert mit Stachelschweinborsten und Perlhuhnfedern als Gastgeschenk bei workshop südafrik.-deutschen Kooperationsprojekt in Johannesburg",29,4,2011,,True,False,Abgabe Dienstherr,fail,bmas
"Buch ""Was trägt, wenn die Welt aus den Fugen gerät"" bei Haltung eines Referates in Kommende Dortmund",9,5,2011,,False,True,Abgabe Dienstherr,fail,bmas
2 Flaschen Sekt bei Rede beim Jahresempfang des Deutschen Caritasverbandes am 11.05.2011,18,5,2011,,True,False,Behalten,success,bmas
Chinesische Tischdecke bei Gespräch mt chin. Delegation zur Rentenpolitik,8,6,2011,,False,True,Abgabe Dienstherr,fail,bmas
"Buch ""Arme habe ihr allezeit"" bei Gespräch mit Vertretern des Diakonischen Werkes in Hessen und Nassau",21,6,2011,,True,False,Abgabe Dienstherr,fail,bmas
"1 Packung Minitrüffel Meistervariationen; Feinste Pralinenauslese 200 g, bei Statement in Mitgliederversammlung der Bundesarbeitsgemeinschaft der Berufsbildungswerke e.V. ",21,6,2011,,True,False,Behalten,success,bmas
"1 Flasche Weißwein, 1 DVD (Die Päpstin) bei Politiker-Abend am 09.06.2011",16,6,2011,,True,False,Behalten,success,bmas
"1 Flasche Champagne Heidsieck Monopole Cuvée Prestige, Brut für Teilnahme an Hauptgeschäftsführerkonferenz ",4,7,2011,,True,False,Behalten,success,bmas
"Buch ""Risiken kalkulierbar machen"" ",6,7,2011,,False,True,Abgabe Dienstherr,fail,bmas
Album: Die Postwertzeichen der Bundesrepublik Deutschland 2010 bei Termin mit Präsident Deutsche Rentenversicherung Bund,7,7,2011,,False,True,Abgabe Dienstherr,fail,bmas
"Zwei Holzkreisel, ein Paar Manschettenknöpfe in einem Etui, eine blaue Seidenkrawatte",25,7,2011,,False,True,Abgabe Dienstherr,fail,bmas
"Buch ""Erwachsene Nachbarschaft"", Die deutsch-polnischen Beziehungen 1991 bis 2011",8,7,2011,,False,True,Abgabe Dienstherr,fail,bmas
"Ein Buch ""Der genormte Blick aufs Fremde"", Reiseführer in und über Ostmitteleureopa",8,8,2011,,True,False,Abgabe Dienstherr,fail,bmas
Ein Päckchen mit japanischem Reisgebäck (300 g) bei Begrüßung einer jap. Gruppe junger Berufstätiger im Rahmen des Deutsch-Jap. Austauschsprogramms am 04.08.11,18,8,2011,,True,False,Behalten,success,bmas
Adventskalender mit Schokoladenfüllung von Vivento zur Weihnachtszeit,16,11,2011,,True,False,Behalten,success,bmas
"Buch ""Helfen macht müde"" für Vorbereitung der Gesundheitsvorträge (Burnout/Stress) am 19.09. und 22.09.2011 im BMAS",27,9,2011,,True,False,Behalten,success,bmas
Stollen als Weihnachtsgruß,5,12,2011,,True,False,Behalten,success,bmas
Orchidee im Übertopf anläßlich Verabschiedung in Mutterschutz und Elternzeit,3,1,2011,,True,False,Behalten,success,bmas
Kompass übersandt von der SOKA-Bau i. Z. mit einer Einladung Gipfeltreffen mit Reinhold Messner,16,5,2011,,True,False,Abgabe Dienstherr,fail,bmas
"Übernachtungskosten im Hotel Kloster, Geisenheim-Johannisberg am 15.06.2011 bei 30-jährigem Bestehen SOKA Bau",14,11,2011,,False,True,Behalten (Dienstgebrauch),success,bmas
"1 Schreibblock, 1 Dreimonatskalender, 1 Flasche Rotwein als Weihnachtspräsent",2,1,2012,,True,False,Behalten,success,bmas
2 Dreimonatskalender als Weihnachtspräsent,2,1,2012,,True,False,Behalten,success,bmas
"CD ""Musik auf Villa Hügel 2011""",2,1,2012,,False,False,,,bmas
Drei Weinflaschen als Weihnachtspräsent von IFOK,2,1,2012,,False,True,Abgabe Dienstherr,fail,bmas
"Weihnachtspräsent Buch ""Der Mann, der kein Mörder war"" ",3,1,2012,,True,False,Behalten,success,bmas
"Wandkalender ""Schlösser und Herrenhäuser in Mecklenburg-Vorpommern""",3,1,2012,,True,False,Behalten,success,bmas
"Kalender 2012 ""Schlösser und Herrenhäuser in Mecklenburg-Vorpommern""",4,1,2012,,True,False,Behalten,success,bmas
Kalender als Weihnachtspräsent,17,1,2012,,True,False,Behalten,success,bmas
Briefmarken als Weihnachtspräsent,17,1,2012,,True,False,Behalten,success,bmas
Weihnachtsbäumchen als Weihnachtspräsent,17,1,2012,,True,False,Behalten,success,bmas
Lindt Pralinen als Dank für die gute Zusammenarbeit ,18,1,2012,,True,False,Behalten,success,bmas
Unaufgeforderte Zusendung von drei Exemplaren der 8. Auflage des EU-Arbeitsrechts,19,1,2012,,False,True,Abgabe Dienstherr,fail,bmas
Unaufgeforderte Werbezusendung (Hammer mit der Aufschrift WÜRTH- Neujahrswünsche),24,1,2012,,True,False,Behalten,success,bmas
Geschenkgutschein von Douglas bei Gespräch mit einer Verlagsvertreterin der Holzmann Medien,25,1,2012,,True,False,Behalten,success,bmas
Vogeldach mit Meisenknödel bei Ordentsveranstaltung des BMAS ,27,1,2012,,True,False,Behalten,success,bmas
Vogelhäuschen (bestehend aus Holzdach und Schnur mit Vogelfutter),27,1,2012,,True,False,Behalten,success,bmas
"Give away (Vogelhaus, klein) bei Firmenaktion zum neuen Corporate Design",30,1,2012,,True,False,Behalten,success,bmas
Vogelhäuschen (nur ein Dach) mit Meisenknödel,1,2,2012,,True,False,Behalten,success,bmas
Vogelhausdach mit Meisenknödel,6,2,2012,,True,False,Behalten,success,bmas
CD als Anlage eines Briefes der PEAG mit Glückwünschen zum neuen Jahr,7,2,2012,,True,False,Behalten,success,bmas
"Präsentkorb mit zwei Dosen Wurst, einem Glas Honig und zwei Kräuterschnäpsen",7,2,2012,,True,False,Behalten,success,bmas
Eine Flasche Weißwein als unaufgeforderte Zusendung als Dankeschön für Mitwirken am Handelsblatt-Newsletter,9,2,2012,,True,False,Behalten,success,bmas
"Sozialversicherungsgesetze 2012, Gesamtausgabe und Kompaktausgabe als unaufgeforderte Zusendung",9,2,2012,,True,False,Abgabe Dienstherr,fail,bmas
10 Kugelschreiber mit Werbeaufdruck im Rahmen einer Besprechung ,10,2,2012,,True,False,Behalten,success,bmas
10 Kugelschreiber mit Werbeaufdruck im Rahmen einer Besprechung ,10,2,2012,,True,False,Behalten,success,bmas
Flasche Wein als Weihnachtspräsent,23,2,2012,,True,False,Behalten,success,bmas
Taxifahrt nach Ende der Besprechung zum Flughafen Frft./Main (Sitzung bei der ITSG im Rahmen eines Projektes),24,2,2012,,False,True,Behalten (Dienstgebrauch),success,bmas
Mittagessen mit Sozialreferentin der hiesigen Botschaft Bulgarien im Rahmen der Kontaktpflege,27,2,2012,,False,True,Behalten (Dienstgebrauch),success,bmas
Mittagessen mit Sozialreferentin der hiesigen Botschaft Bulgarien im Rahmen der Kontaktpflege,27,2,2012,,False,True,Behalten (Dienstgebrauch),success,bmas
Taschenbuch bei Gespräch mit einer Delegation des türkischen Arbeits- und Sozialministeriums,28,2,2012,,True,False,Behalten,success,bmas
Gebäck Cagri Pastaneleri,28,2,2012,,True,False,Behalten,success,bmas
"Vierbändige Taschenbuchausgabe ""Französische Dichtung"" Verlag C.H.Beck bei Empf. einer Schulklasse im Rahmen des deutsch-franz. ""Entdeckungstages""",29,2,2012,,False,True,Abgabe Dienstherr,fail,bmas
1 Chinesisches Buch bei Treffen der Chin. Delegation,16,3,2012,,True,False,Abgabe Dienstherr,fail,bmas
1 Blumenstrauß,10,4,2012,,True,False,Behalten,success,bmas
Bünting Tee in 500 gr. Dose,16,4,2012,,True,False,Behalten,success,bmas
Einladung der Schwerbehindertenvertretung Deutschland AG zu einem Abendessen,17,4,2012,,False,True,Behalten (Dienstgebrauch),success,bmas
"Kugelschreiber, Kugelschreiberhalter bei Info-Termin einer wissenschaftl. Delegation aus Südkorea",23,4,2012,,True,False,Behalten,success,bmas
"Forschungsbericht ""Discover Korea in Public Administration"" bei Info-Veranstaltung von koreanischen Wissenschaftlern",23,4,2012,,True,False,Abgabe Dienstherr,fail,bmas
"Kugelschreiber im Set, Vortrag über die Neuausrichtung der Initiative Neue Qualität der Arbeit auf der regionalen Fachkonferenz der Berufsgenossenschaft Gesundheitsdienste + Wohlfahrtsplfege (BGW)",30,4,2012,,True,False,Behalten,success,bmas
"Buch ""Chef, Sie haben ein Super-Team"" bei Vortrag am 02.05.12",3,5,2012,,True,False,Behalten,success,bmas
"Buch ""Die tarifvertraglich gestützte Entgeltumwandlung im Betriebsübergang"" ",10,5,2012,,False,True,Abgabe Dienstherr,fail,bmas
"1 Flasche Wein, Informationsgespräch im BMAS mit einer Besuchergruppe aus Würzburg",15,5,2012,,True,False,Behalten,success,bmas
"Halstuch, Vortrag für eine vietnamesische Delegation mit Mitarbeitern verschiedener vietnamesischer Ministerien zum Thema ""Instrumente der aktiven Arbeitsmarktpolitik in Deutschland""",16,5,2012,,True,False,Behalten,success,bmas
"1 Flasche ""Ahr Spätburgunder"" Qualitätswein bei Vortrag des Bundesverbandes der Ärztinnen und Ärzte des öff. Gesundheitswesens",21,5,2012,,True,False,Behalten,success,bmas
"1 0,5 Liter Flasche ""Riesling Beerenauslese"" bei Vortrag für die Schwerbehindertenvertretung der Schenker AG",21,5,2012,,True,False,Behalten,success,bmas
Mittagessen auf Einladung der GF des Instituts der Dt. Wirtschaft am 01.06.2012,21,5,2012,,False,True,Behalten (Dienstgebrauch),success,bmas
"1 Flasche ""Grüner Markgräfler"", Weißwein, Rede anl. der Veranstaltung ""Baustelle Eingliederungshilfe"" der Ev. Behindertenhilfe (BeB)",29,5,2012,,True,False,Behalten,success,bmas
Stoppuhr von SOKA-BAU anlässlich des Parlamentarischen Abends am 13.06.2012,31,5,2012,,True,False,Behalten,success,bmas
3 Flaschen Wein bei Vortrag im Rahmes eine Seminars,4,6,2012,,False,True,Abgabe Dienstherr,fail,bmas
Bewirtung bei Geschäftsessen,22,6,2012,,True,False,Behalten,success,bmas
Flaschenöffner bei Jahrestagung BMAS- Künstlersozialkasse,22,6,2012,,True,False,Behalten,success,bmas
"Ansichtsteller ""Mongolia 2012"" und Buch ""Minerals of Mongolia"" bei Besuch einer mong. Delegation am 18.06.2012",25,6,2012,,True,False,Behalten,success,bmas
3-D-Holzbild von Delegation aus Singapur am 14.06.2012,25,6,2012,,False,True,Abgabe Dienstherr,fail,bmas
Flaschenöffner bei Jahrestagung BMAS- Künstlersozialkasse,25,6,2012,,True,False,Behalten,success,bmas
"Buch ""Bewegungsspaß mit Wirkung"" bei Gespräch mit dem Förderverein Psychomotorik Bonn ",25,6,2012,,True,False,Behalten,success,bmas
"Medaille ""Freundschaft"" der Mongolei bei mong. Nationalfeiertag",26,6,2012,,True,False,Behalten,success,bmas
"1Flasche Weißwein, 1 Flasche Rotwein bei Grußwort bei einer IVSS Veranstaltung am Rande der ACHEMA 2012",29,6,2012,,True,False,Behalten,success,bmas
"100 ml Leinöl, 100 g Chutney bei Teilnahme an Bund-Länder-Ausschuss ",9,7,2012,,True,False,Behalten,success,bmas
Tradioneller Tonteller bei Gespräch mit armenischer Delegation,10,7,2012,,True,False,Behalten,success,bmas
Bild eines armenischen Teppichs bei Gespräch mit armenischer Delegation,10,7,2012,,True,False,Abgabe Dienstherr,fail,bmas
Tradioneller Tonteller bei Gespräch mit armenischer Delegation,10,7,2012,,True,False,Abgabe Dienstherr,fail,bmas
Einladung 2-tägiger Ministerialkongress ,27,7,2012,,False,True,Behalten (Dienstgebrauch),success,bmas
"Buch ""Gute Areit 2011""",31,7,2012,,True,False,Behalten,success,bmas
Stadtführung durch Köln bei Seminar der Fa. Euroforum,14,8,2012,,True,False,Behalten,success,bmas
3 Kofferbänder von HRS,23,8,2012,,True,False,Behalten,success,bmas
"Kunstobjekt ""Ein Glas Wasser"" (ist ein leeres Glas)",23,8,2012,,True,False,Behalten,success,bmas
Stadtführung durch Köln bei Seminar der Fa. Euroforum,2,9,2012,,True,False,Behalten,success,bmas
Stadtführung durch Köln bei Seminar der Fa. Euroforum,3,9,2012,,True,False,Behalten,success,bmas
Stadtführung durch Köln bei Seminar der Fa. Euroforum,3,9,2012,,True,False,Behalten,success,bmas
"Gutscheinbuch ""Schlemmen für 2 im Rhein-Sieg-Kreis Bonn Umgebung"" bei Betreuung des Firmenlaufs und Abholung der Startersets",5,9,2012,,True,False,Behalten,success,bmas
"Tasse mit BAUA-Logo, Süssigkeiten, Kerze für Organisation eines EU Workshops",11,9,2012,,True,False,Behalten,success,bmas
"Eintrittskarte für die Messe ""Zukunft Personal"" in Köln im Zuge der Auditierung des BMAS ",24,9,2012,,False,True,Behalten (Dienstgebrauch),success,bmas
Dekorationsteller Vietnam bei Begrüßung einer vietnamesischen Delegation,26,9,2012,,True,False,Abgabe Dienstherr,fail,bmas
Porzellanschale anläßlich  der Delegationsreise des Haushaltsausschusses vom 16.-21.09.12 ,27,9,2012,,True,False,Abgabe Dienstherr,fail,bmas
CD FADO anläßlich der Delegationsreise des Haushaltsausschusses vom 16.-21.09.2012,27,9,2012,,False,True,Abgabe Dienstherr,fail,bmas
"Werbekugelschreiber mit kleinem Werbeschreibblock des schwedischen ""trygghedsradet"" bei Vortrag über die Künstlersozialvers.",12,10,2012,,True,False,Behalten,success,bmas
Tradionelles jap. Wickeltuch bei fachlischem Austausch mit zwei jap. Wissenschaftlern,16,10,2012,,True,False,Behalten,success,bmas
"1 Buch ""Arbeitskampf in der Daseinsvorsorge"" anläßlich des 100. Geburtstages des Physikers und Friedensforschers",17,10,2012,,True,False,Behalten,success,bmas
Kunststoffschachtel für Büromaterialien als Gastgeschenk,18,10,2012,,True,False,Behalten,success,bmas
CD Fado + Porzelanschale anläßlich einer Delegationsreise nach Portugal und Madrid,25,10,2012,,False,True,Abgabe Dienstherr,fail,bmas
Japanischer Fächer,16,11,2012,,True,False,,,bmas
Buch und es beginnt ein neues Leben,20,11,2012,,True,False,Abgabe Dienstherr,fail,bmas
Buch Inklusive Schule,20,11,2012,,True,False,Abgabe Dienstherr,fail,bmas
zwei kleine japanische Faltfächer,20,11,2012,,True,False,Behalten,success,bmas
Wandkalender (Poster) für das Jahr 2013 mit Werbeaufdruck ITSG,20,11,2012,,True,False,Behalten,success,bmas
Wandkalender (Poster) für das Jahr 2013 mit Werbeaufdruck ITSG,20,11,2012,,True,False,Behalten,success,bmas
Süßigkeiten für Mitarbeiterinnen von Vb1,22,11,2012,,True,False,Behalten,success,bmas
Magnet-Pin und ein Tuch,26,11,2012,,True,False,Abgabe Dienstherr,fail,bmas
Kommentar zum Betriebsrentengesetz mit Insolvenzsicherung und Versorgungsausgleich 5. Auflage,27,11,2012,,False,True,Abgabe Dienstherr,fail,bmas
Tischkalender scharz Lufthansa,4,12,2012,,True,False,Behalten,success,bmas
BMW - Wochenplaner,5,12,2012,,True,False,Behalten,success,bmas
BMW - Wochenplaner,5,12,2012,,True,False,Behalten,success,bmas
Kalender,6,12,2012,,True,False,Behalten,success,bmas
"Kalender ""Schiffswelten 2013"" mit VDR-Logo",6,12,2012,,True,False,Behalten,success,bmas
Espressotasse von Ritzenhoff,7,12,2012,,True,False,Behalten,success,bmas
Kalender 2013,11,12,2012,,True,False,Behalten,success,bmas
"1 Flasche Rotwein (0,75 Liter)",11,12,2012,,True,False,Abgabe Dienstherr,fail,bmas
Kalender mit Weihnachtsgruß,12,12,2012,,True,False,Behalten,success,bmas
1 Flasche Rotwein,12,12,2012,,True,False,Behalten,success,bmas
Kick it und ein Vogelhäuschen,12,12,2012,,True,False,Abgabe Dienstherr,fail,bmas
"Doppel-CD ""The Very Best of Arvo Pärt""",14,12,2012,,True,False,Behalten,success,bmas
"Teelicht, klein",14,12,2012,,True,False,Behalten,success,bmas
Schachtel Pralinen,17,12,2012,,True,False,Behalten,success,bmas
3 Kalender A3-Format,18,12,2012,,True,False,Behalten,success,bmas
5 Kalender A3-Format,18,12,2012,,True,False,Behalten,success,bmas
"1 Flasche Wein, Burggräfler Meran rosé",18,12,2012,,True,False,Behalten,success,bmas
Weihnachtssüßigkeiten,19,12,2012,,True,False,Behalten,success,bmas
"DLR Wandkalender 2013 (Anlass: In Verbindung mit Glückwünschen, Weihnachten, neues Jahr)",21,12,2012,,True,False,Behalten,success,bmas
Flasche Wein als Weihnachtspräsent,21,12,2012,,True,False,Behalten,success,bmas
"Buch ""Tarifsammlung für die Bauwirtschaft 2012/2013""",2,1,2013,,False,True,Abgabe Dienstherr,fail,bmas
Ausgabe der iW Trends,16,5,2013,,True,False,Behalten,success,bmas
Kunstkalender 2013,4,1,2013,,True,False,Behalten,success,bmas
Tischuhr (-wecker) in Form eines blauen Männchens,8,1,2013,,True,False,Abgabe Dienstherr,fail,bmas
"Taschenbuch (""Alte Liebe"", Elke Heidenreich/Bernd Schroeder, Fischer-Verlag)(Anlass: Weihnachten)",8,1,2013,,True,False,Behalten,success,bmas
Hello Kitty Handyanhänger und Umlaufmappe,21,1,2013,,True,False,Behalten,success,bmas
Hello Kitty Handyanhänger und Umlaufmappe,21,1,2013,,True,False,Behalten,success,bmas
"Kalender, Weihnachtsbaum, Briefmarken",2,1,2013,,True,False,Behalten,success,bmas
Wandkalender,10,1,2013,,True,False,Behalten,success,bmas
1 Flasche Wein 2007 Villa di Capezzana,30,1,2013,,True,False,Behalten,success,bmas
1 Flasche Wein,31,1,2013,,True,False,Behalten,success,bmas
10 Notizbücher mit Kugelschreiber und 5 Wandkalender (Poster),6,2,2013,,True,False,Behalten,success,bmas
Eintrittskarte für die CeBIT,1,2,2013,,False,True,Behalten (Dienstgebrauch),success,bmas
Bewirtung und Get-Together bei einer Veranstaltung,14,2,2013,,False,True,Behalten (Dienstgebrauch),success,bmas
2 Pralinenschachteln und eine kleine Holzarbeit,22,2,2013,,True,False,Behalten,success,bmas
Nachbildung des königlichen Schmucks aus Korea,26,2,2013,,False,True,Abgabe Dienstherr,fail,bmas
Vier bemalte Untersetzer aus Papier/Pappe,4,3,2013,,True,False,Behalten,success,bmas
Kugelschreiber mit BMAS-Gravur,5,3,2013,,True,False,Behalten,success,bmas
"Bild ""100 Jahre - 100 Bilder"" anlässlich 100 Jahre DBSV (auf Leinwand)",8,3,2013,,True,False,Abgabe Dienstherr,fail,bmas
Holzbild mit der Darstellung einer Bucht in Singapore,15,4,2013,,True,False,Behalten,success,bmas
Krawatte,18,4,2013,,True,False,Behalten,success,bmas
kleines Buch und Champagne Trüffel,24,5,2013,,True,False,Behalten,success,bmas
Champagne Trüffel,24,5,2013,,True,False,Behalten,success,bmas
Bildband Danzig,10,6,2013,,True,False,Behalten,success,bmas
Tarifsammlung für die Bauwirtschaft,14,6,2013,,False,True,Abgabe Dienstherr,fail,bmas
"Broschüre ""Zukunft der Arbeitswelt""",29,5,2013,,True,False,Behalten,success,bmas
Bild aus Singapur,26,6,2013,,True,False,Behalten,success,bmas
"Buch ""Alles auf Anfang - Potraits von Menschen mit Schädelhirntrauma""",26,6,2013,,True,False,Behalten,success,bmas
Einladung zu einer Theaterveranstaltung,24,6,2013,,True,False,Rueckgabe,fail,bmas
2 Tassen von der CSU + Kaffee,27,6,2013,,True,False,Behalten,success,bmas
"Heft ""Deutschland in Zahlen 2013""",17,6,2013,,True,False,Behalten,success,bmas
Handfächer,3,7,2013,,True,False,Behalten,success,bmas
"Handyetui, CD, Poster",4,7,2013,,True,False,Behalten,success,bmas
Blechtellerchen,4,7,2013,,True,False,Behalten,success,bmas
"Einladung Festakt ""Mestemacher Preis Managerin des Jahres 2013""",3,7,2013,,False,True,Behalten (Dienstgebrauch),success,bmas
"Fachbuch: Ulrich Karpenstein, Praxis des EU-Rechts, 2. Aufl",25,6,2013,,False,True,Abgabe Dienstherr,fail,bmas
Blumenstrauß,5,7,2013,,True,False,Behalten,success,bmas
koreanischer Handfächer aus Holz,5,7,2013,,True,False,Behalten,success,bmas
Handfächer,5,7,2013,,True,False,Behalten,success,bmas
"Buch ""Das hatte ich aber ganz anders verstanden…""",22,8,2013,,True,False,Behalten,success,bmas
"Buch ""Das schaff ich schon…""",22,8,2013,,True,False,Behalten,success,bmas
Reiseführer MERIAN aktiv Rhein-Neckar,9,6,2013,,True,False,Behalten,success,bmas
"Kugelschreiber, Teetasse, Teeei, Kaffeebecher, Schlüsselanhänger, USB-Stick",4,9,2013,,True,False,Behalten,success,bmas
Geschenkdose Leysieffer mit 8 Schokoladenpralinés,2,9,2013,,True,False,Behalten,success,bmas
Briefmarken in Glasfassung,13,9,2013,,True,False,Abgabe Dienstherr,fail,bmas
Glas mit Lavendelblüten (Geburtstag),6,9,2013,,True,False,Behalten,success,bmas
Belgische Pralinen,13,9,2013,,True,False,Behalten,success,bmas
1 Flasche Wein (Spätburgunder),16,9,2013,,True,False,Behalten,success,bmas
Krawatte mit Emblem der Dienststelle Schiffssicherheit,20,9,2013,,True,False,Behalten,success,bmas
Krawatte ,20,9,2013,,True,False,Behalten,success,bmas
"Buch ""Controlling Corruption in Europe""",25,9,2013,,True,False,Abgabe Dienstherr,fail,bmas
"Buch ""Praxishandbuch Gute Büroarbeit""",8,10,2013,,False,True,Abgabe Dienstherr,fail,bmas
Frühstückstablet (schwedisches Souvenir),11,10,2013,,True,False,Behalten,success,bmas
Frühstückstablet (schwedisches Souvenir),11,10,2013,,True,False,Behalten,success,bmas
Kalener in Taschenbuchform,16,10,2013,,True,False,Behalten,success,bmas
Frühstückstablet (schwedisches Souvenir),11,10,2013,,True,False,Behalten,success,bmas
Frühstückstablet (schwedisches Souvenir),16,10,2013,,True,False,Behalten,success,bmas
Buch (vermutlich gebraucht),29,10,2013,,True,False,Behalten,success,bmas
Lesezeichen,29,10,2013,,True,False,Behalten,success,bmas
Briefbeschwerer,29,10,2013,,True,False,Behalten,success,bmas
"Nylontasche, Schlüsselanhänger und 8 DVDs vom Workshop",29,10,2013,,True,False,Behalten,success,bmas
"Ein ungefülltes Holzschminkkästchen, Photobuch, Schlüsselanhänger und Brieföffner",29,10,2013,,True,False,Behalten,success,bmas
Kugelschreiber und Anstecknadel,29,10,2013,,True,False,Behalten,success,bmas
Kravatte und Buch,29,10,2013,,True,False,Behalten,success,bmas
Begleitprogramm im Estrel zu einer Fachveranstaltung,24,10,2013,,False,True,Behalten (Dienstgebrauch),success,bmas
Teilnahme an der 7. CERTQUA-Branchenkonferenz am 14.11.2013,31,10,2013,,False,True,Behalten (Dienstgebrauch),success,bmas
Seidenkrawatte,4,11,2013,,True,False,Behalten,success,bmas
"Bewirtung, Mittagstisch",4,11,2013,,True,False,Behalten,success,bmas
Porzellanteller mit Moskaumotiv und Aufsteller,20,11,2013,,True,False,Behalten,success,bmas
USB-Stick u nd Visitenkartenetui,18,11,2013,,False,True,Behalten (Dienstgebrauch),success,bmas
Porzellanteller mit Moskaumotiv und Aufsteller,21,11,2013,,True,False,Behalten,success,bmas
Eine Flasche Weißwein,25,11,2013,,True,False,Behalten,success,bmas
Adventskalender gefüllt mit Schokolade,25,11,2013,,True,False,Behalten,success,bmas
Flasche Wein Barolo,26,11,2013,,True,False,Behalten,success,bmas
Dreimonatskalender (Wandkalender),25,11,2013,,True,False,Behalten,success,bmas
Wandkalender in Posterform,29,11,2013,,True,False,Behalten,success,bmas
Eine Krawatte und ein Wandkalender,5,12,2013,,True,False,Behalten,success,bmas
Tasse,2,12,2013,,True,False,Behalten,success,bmas
Pralinen,3,12,2013,,True,False,Behalten,success,bmas
Kleines Plätzchenförmchen (Sternform),2,12,2013,,True,False,Behalten,success,bmas
Wandkalender,4,12,2013,,True,False,Behalten,success,bmas
2 Müslischalen und 2 Servietten,5,12,2013,,True,False,Behalten,success,bmas
"Visitenkartenetui, Taschenspiegel",4,12,2013,,True,False,Behalten,success,bmas
Koreanisches Kochbuch,4,12,2013,,True,False,Behalten,success,bmas
"Seidentuch, Krawatte",4,12,2013,,True,False,Behalten,success,bmas
Mini-Kerze,5,12,2013,,True,False,Behalten,success,bmas
Kalender,6,12,2013,,True,False,Behalten,success,bmas
Jahreskalender Ikebana,9,12,2013,,True,False,Behalten,success,bmas
Jahreskalender Ikebana,10,12,2013,,True,False,Behalten,success,bmas
Buch,11,12,2013,,True,False,Behalten,success,bmas
4-Monats-Wandkalender,11,12,2013,,True,False,Behalten,success,bmas
Lebkuchenhaus,12,12,2013,,True,False,Behalten,success,bmas
"Taschenaufhänger, Rollerpen",16,12,2013,,True,False,Behalten,success,bmas
Kalender,16,12,2013,,True,False,Behalten,success,bmas
Kalender,16,12,2013,,True,False,Behalten,success,bmas
1. Wandkalender (Maße ca. 30x40 cm). Wandkalender (Maße ca. 35x90 cm),17,12,2013,,True,False,Behalten,success,bmas
1 Flasche Sekt,17,12,2013,,True,False,Behalten,success,bmas
Kalender,18,12,2013,,True,False,Behalten,success,bmas
"3 x Sekt, Pinot Sekt rosé trocken, 0,2 l im Präsentkarton",19,12,2013,,True,False,Behalten,success,bmas
Weihnachtskarte mit 4 Weihnachtsbriefmarken á 58 Cent mit Erstausgabetagsstempel vom 2.11.2013 abgestempelt.,17,12,2013,,True,False,Behalten,success,bmas
"Kalender der Grafik Werkstatt Bielefeld, Monatsanzeige, Format ca. DIN A5",19,12,2013,,True,False,Behalten,success,bmas
Märchenbuch,16,12,2013,,True,False,Behalten,success,bmas
"0,75 l Flasche Wein ""Meyer-Näkel"", Us de la Meng",23,12,2013,,True,False,Behalten,success,bmas
Kalender,20,12,2013,,True,False,Behalten,success,bmas
a) Adventskranz; b) Kalender; c) Erstausgabe-Briefmarken (entwertet),23,12,2013,,True,False,Behalten,success,bmas
Baumkuchen,19,12,2013,,True,False,Behalten,success,bmas
"Kleine Schatulle, Adventskalender der Post und Brief mit 4 Sonderbriefmarken á 0,58 €",19,12,2013,,True,False,Behalten,success,bmas
Kalender,19,12,2013,,True,False,Behalten,success,bmas
Kopfhörer,16,12,2013,,True,False,Behalten,success,bmas
"Fachbücher: ""Betriebliche Suchtprävention und Suchthilfe""und ""Sucht im Betrieb""",12,12,2013,,False,True,Abgabe Dienstherr,fail,bmas
"Thermosflasche 0,7 l aus Edelstahl",17,12,2013,,True,False,Behalten,success,bmas
"Eine Schachtel Pralinen von Kraume ""Die Kleinen Leineweber"" (16er)",14,3,2014,,True,False,Behalten,success,bmas
Wandkalender (Ca. DIN A2),2,1,2014,,True,False,Behalten,success,bmas
1 Wandkalender 2014,2,1,2014,,True,False,Behalten,success,bmas
Buch,6,1,2014,,False,True,Abgabe Dienstherr,fail,bmas
"1 Weihnachtsfigur aus Holz, 1 Küchenhandtuch",6,1,2014,,True,False,Behalten,success,bmas
"Rotwein, Montepulciano",6,1,2014,,True,False,Behalten,success,bmas
Kalender,7,1,2014,,True,False,Behalten,success,bmas
"2 Flaschen Weißwein, Weingut Corvers-Kauter",7,1,2014,,False,True,Abgabe Dienstherr,fail,bmas
Kalender,9,1,2014,,True,False,Behalten,success,bmas
"2 Stück Dreimonatskalender der Firma Schwendy, 1 Papierschreibunterlage A2 + 2 Tischkalender der Firma IGEFA",13,1,2014,,True,False,Behalten,success,bmas
Schlüsselanhänger,15,1,2014,,True,False,Behalten,success,bmas
1 Flasche Rotwein,17,1,2014,,True,False,Behalten,success,bmas
"Essenseinladung ""Ministry of Agriculture, Forestry and Fisheries of Japan - Washoku reception - Botschaft Japan vom 17.01.2014""",17,1,2014,,True,False,Behalten,success,bmas
"Essenseinladung ""Ministry of Agriculture, Forestry and Fisheries of Japan - Washoku reception - Botschaft Japan vom 17.01.2014""",17,1,2014,,True,False,Behalten,success,bmas
Tischkalender schwarz Lufthansa,21,1,2014,,True,False,Behalten,success,bmas
Flasche Schaumwein,21,1,2014,,True,False,Behalten,success,bmas
Kopfhörer - Weihnachtsgeschenk 2013,30,1,2014,,True,False,Behalten,success,bmas
Kopfhörer - Weihnachtsgeschenk 2013,30,1,2014,,True,False,Behalten,success,bmas
Kopfhörer - Weihnachtsgeschenk 2013,30,1,2014,,True,False,Behalten,success,bmas
Kopfhörer - Weihnachtsgeschenk 2013,30,1,2014,,True,False,Behalten,success,bmas
"Eine Schachtel Pralinen von Kraume ""Die kleinen Leineweber"" (16er)",30,1,2014,,True,False,Behalten,success,bmas
"Eine Schachtel Pralinen; Feodora ""Zarte Momente"" 500g",30,1,2014,,True,False,Behalten,success,bmas
Gutschein für ein Kaffee-Getränk,3,2,2014,,True,False,,,bmas
Kopfhörer - Weihnachtsgeschenk 2013,12,2,2014,,True,False,Behalten,success,bmas
Schlips,12,2,2014,,True,False,Behalten,success,bmas
Konferenzmappe,12,2,2014,,False,True,Abgabe Dienstherr,fail,bmas
Teilnahme an einem Essen im Hotel InterContinental Berlin zur Verleihung des Mestemacher Preises Spitzenvater des Jahres 2014 (Schirmherrschaft BMFSFJ),18,2,2014,,True,False,Behalten,success,bmas
"Honig, Honigbonbons",19,2,2014,,True,False,Behalten,success,bmas
Bilderrahmen,18,3,2014,,True,False,Behalten,success,bmas
Stirnlampe,24,3,2014,,False,True,Abgabe Dienstherr,fail,bmas
2 Flaschen Wein in einer Präsentschachtel,25,3,2014,,False,True,Abgabe Dienstherr,fail,bmas
Lindt-Pralinen,27,3,2014,,True,False,Behalten,success,bmas
Werksausgabe 10. Kopfgeburten oder die Deutschen sterben aus; ISBN: 9783882434910,31,3,2014,,True,False,Behalten,success,bmas
17 Pralinen in einer Schachtel,7,4,2014,,True,False,Behalten,success,bmas
Kostenlose Teilnahme an der Fachtagung am 21.05.2014,14,4,2014,,False,True,Behalten (Dienstgebrauch),success,bmas
Konfekt,15,4,2014,,True,False,Behalten,success,bmas
Konfekt,28,4,2014,,True,False,Behalten,success,bmas
Zwei Mousepads aus Seide,12,5,2014,,False,True,Abgabe Dienstherr,fail,bmas
"Geschenkpaket (Nougat, Kaffeepulver, Kaffeetasse und Reiseführer aus Magdeburg)",15,5,2014,,True,False,Behalten,success,bmas
"""Cupola"" Espresso Sammeltasse Nr. 42",19,5,2014,,False,True,Abgabe Dienstherr,fail,bmas
"Eine Flasche kanadischer Eiswein, ein kleines kanadisches Koch-Rezepte-Buch",20,5,2014,,True,False,Behalten,success,bmas
"Flasche Baden Spätburgunder Rotwein, Auggener Schäf eG",23,5,2014,,True,False,Behalten,success,bmas
Grubenlampe,27,5,2014,,False,True,Abgabe Dienstherr,fail,bmas
Kaffeetasse,2,6,2014,,True,False,Behalten,success,bmas
"Buch ""Dachdecker wollte ich eh nicht werden"" von Raul Krauthausen",5,6,2014,,True,False,Behalten,success,bmas
"Teilnahme an der Veranstaltung: 25 Jahre ""Neues Handeln"" (Rahmenagentur des BMAS)",5,6,2014,,False,True,Behalten (Dienstgebrauch),success,bmas
Kleine Schale/Teller 24 Karat vergoldet,12,6,2014,,False,True,Abgabe Dienstherr,fail,bmas
Jahrbuch des Landesarchivs Berlin 2013,13,6,2014,,False,True,Abgabe Dienstherr,fail,bmas
3 Gläser,25,6,2014,,True,False,Behalten,success,bmas
"Schokolade, Kaffee, Plüschspielzeug, Schlüsselanhänger, Kuli",27,6,2014,,True,False,Behalten,success,bmas
Mobiles USB-Akku Ladegerät,27,6,2014,,True,False,Behalten,success,bmas
Mobiles USB-Akku Ladegerät,27,6,2014,,True,False,Behalten,success,bmas
Mobiles USB-Akku Ladegerät,27,6,2014,,True,False,Behalten,success,bmas
Table Display für typische Makeups von Opersängern,8,7,2014,,False,True,Abgabe Dienstherr,fail,bmas
Pralinen,10,7,2014,,True,False,Behalten,success,bmas
Vase,10,7,2014,,True,False,Behalten,success,bmas
"2 Porzellan-Schlüsselanhänger, 1 Kalender aus Kunststoff zum Aufstellen in chinesischer Sprache",10,7,2014,,True,False,Abgabe Dienstherr,fail,bmas
"Kugelschreiber, Schlüsselband, USB-Stick (1 GB)",14,7,2014,,True,False,Behalten,success,bmas
"1) Krawatte, blau; 2) Deckelfigur Röhrenkanne, goldfarben; 3) Buch - Die keltische Fürstin von Reinheim; 4) Kohlestück ""Ibbenbürener Anthrazit""",29,7,2014,,False,True,Abgabe Dienstherr,fail,bmas
Tarifsammlung für die Bauwirtschaft,31,7,2014,,False,True,Abgabe Dienstherr,fail,bmas
Damenschal aus Seide,4,8,2014,,False,True,Abgabe Dienstherr,fail,bmas
"Einladung Festakt ""Mestemacher Preis Managerin des Jahres 2014""",15,8,2014,,False,True,Behalten (Dienstgebrauch),success,bmas
Schreibblock,26,8,2014,,True,False,Behalten,success,bmas
Notizblock,26,8,2014,,True,False,Behalten,success,bmas
"Einladung Festakt ""Mestemacher Preis Managerin des Jahres 2014""",8,9,2014,,False,True,Behalten (Dienstgebrauch),success,bmas
Poloshirt,24,9,2014,,True,False,Behalten,success,bmas
Kugelschreiber mit BMAS-Gravur,16,9,2014,,True,False,Behalten,success,bmas
"Buch, BetrAVG, Luchterhand Taschenkommentare zum Betriebsrentengesetz mit Insolvenzsicherung und Versorgungsausgleich",6,10,2014,,False,True,Abgabe Dienstherr,fail,bmas
"Pralinenmischung von Heilemann, 45 gr.",8,10,2014,,True,False,Behalten,success,bmas
1.) Kaffeetasse mit Aufdruck Freistaat Sachsen 2.) Musik-CD des Staatsministeriums für Soziales und Verbraucherschutz Sachsen,21,10,2014,,True,False,Behalten,success,bmas
vierte Auflage des Corporate Health Jahrbuch 2014,9,10,2014,,False,True,Abgabe Dienstherr,fail,bmas
Kommentar zum Betriebsrentenrecht mit Insolvenzsicherung und Versorgungsausgleich,21,10,2014,,False,True,Abgabe Dienstherr,fail,bmas
Kommentar zum Betriebsrentengesetz,20,9,2014,,False,True,Abgabe Dienstherr,fail,bmas
Kommentar zum Betriebsrentengesetz,20,9,2014,,False,True,Abgabe Dienstherr,fail,bmas
Flasche Wein,23,10,2014,,True,False,Behalten,success,bmas
Kalender,15,10,2014,,True,False,Behalten,success,bmas
Schreibset,24,10,2014,,True,False,Behalten,success,bmas
Mini-Holzbank und Flasche Wein,30,10,2014,,True,False,Behalten,success,bmas
Taschentuch,4,11,2014,,True,False,Behalten,success,bmas
"Funkmaus, Kugelschreiber, Brieföffner",6,11,2014,,True,False,Behalten,success,bmas
DVD + Kunststoffarmringe,10,11,2014,,True,False,Behalten,success,bmas
Pralinen + Marmelade,14,11,2014,,True,False,Behalten,success,bmas
Flasche Sekt,19,11,2014,,True,False,Behalten,success,bmas
Champagner Moutard Brut Grand Cuvée,17,9,2014,,True,False,Behalten,success,bmas
Glaswürfel,24,11,2014,,True,False,Abgabe Dienstherr,fail,bmas
USB Stick 4 Gigabite,24,11,2014,,True,False,Behalten,success,bmas
"Geschenkebox (Wein, Süßigkeiten)",25,11,2014,,True,False,Behalten,success,bmas
Kommentar zum Betriebsrentengesetz,21,10,2014,,False,True,Abgabe Dienstherr,fail,bmas
Adventskalender,14,11,2014,,True,False,Behalten,success,bmas
Adventskalender,2,12,2014,,True,False,Behalten,success,bmas
Adventskalender,3,12,2014,,True,False,Behalten,success,bmas
Kalender,5,12,2014,,True,False,Behalten,success,bmas
Adventskalender NIKKUS Veranstaltungstechnik,8,12,2014,,True,False,Behalten,success,bmas
Annaberger Faltstern (Weihnachtsstern Erzgebirge),9,12,2014,,True,False,Behalten,success,bmas
Premium Elisen Schatulle von Lebkuchen Schmidt für mehrere Mitarbeiter,9,12,2014,,False,True,Behalten,success,bmas
CD-Best of Christmas (105.5 Spreeradio),9,12,2014,,True,False,Behalten,success,bmas
"Ezetil Keep Cool Professional Bottle Cooler, 1,5 l (Kühltasche für Getränkeflaschen)",9,12,2014,,True,False,Behalten,success,bmas
2 Weihnachtskalender,9,12,2014,,True,False,Behalten,success,bmas
Süßigkeiten,9,12,2014,,True,False,Behalten,success,bmas
Jahreskalender 2015,10,12,2014,,True,False,Behalten,success,bmas
"Konferenzmappe, Polo-Shirt, Basecap",2,12,2014,,False,True,Abgabe Dienstherr,fail,bmas
600g Köln Dom - Spekulatius Präsentbox,11,12,2014,,True,False,Behalten,success,bmas
"Broschüre ""Stichwort Kommentar Behindertenrecht""",11,11,2014,,False,True,Abgabe Dienstherr,fail,bmas
3 Kalender Franz - Sales - Haus,5,12,2014,,True,False,Behalten,success,bmas
Süßigkeiten,9,12,2014,,True,False,Behalten,success,bmas
"Bewirtung im Allgemein üblichen und angemessenen Rahmen (Drei-Gang-Menü), zusammen mit Vertretern des BMI ",11,12,2014,,True,False,Behalten,success,bmas
1 Flasche Wein,10,12,2014,,True,False,Behalten,success,bmas
Kalender Kirgisistan 2015,2,12,2014,,True,False,Behalten,success,bmas
"Praxisbuch ""Inklusion Vielfalt Gestalten""",12,12,2014,,False,True,Abgabe Dienstherr,fail,bmas
Packung mit 4 Pralienen und Informationsbroschüre,11,12,2014,,True,False,Behalten,success,bmas
Adventskalender,5,12,2014,,True,False,Behalten,success,bmas
4 Pralinen,16,12,2014,,True,False,Behalten,success,bmas
Wandkalender (30x40 cm),17,12,2014,,True,False,Behalten,success,bmas
Wandkalender (35x90 cm),17,12,2014,,True,False,Behalten,success,bmas
Wandkalender (35x40 cm),17,12,2014,,True,False,Behalten,success,bmas
"Alutrinkflasche für das Fahrrad, 0,6 l, Marke Sigg, mit Werbedruck der schweizerischen Botschaft",17,12,2014,,True,False,Behalten,success,bmas
CD,17,12,2014,,True,False,Behalten,success,bmas
Tütchen Lebkuchen-Gewürzmischung (2 Gramm),18,12,2014,,True,False,Behalten,success,bmas
Flasche Wein,16,12,2014,,True,False,Behalten,success,bmas
Taschenkalender,19,12,2014,,True,False,Behalten,success,bmas
Wandkalender (ca. DINA2),30,12,2014,,True,False,Behalten,success,bmas
"0,75l Sektflaschee (Marke Arthur Metz, Crement dálsace)",18,12,2014,,True,False,Behalten,success,bmas
Wandkalender,22,12,2014,,True,False,Behalten,success,bmas
Kalender,22,12,2014,,True,False,Behalten,success,bmas
Feinster Nürnberger Elisen-Lebkuchen,30,12,2014,,True,False,Behalten,success,bmas
Wandkalender,29,12,2014,,True,False,Behalten,success,bmas
Adventskranz,23,12,2014,,True,False,Behalten,success,bmas
Kalender,23,12,2014,,True,False,Behalten,success,bmas
"Schwarzwälder Schinken, 450 g",5,1,2015,,True,False,Behalten,success,bmas
"Dose Pralinen, Lindt",5,1,2015,,True,False,Behalten,success,bmas
Jahreskalender 2015 DIN A5,5,1,2015,,True,False,Behalten,success,bmas
Eine Schachtel Pralinen,6,1,2015,,True,False,Behalten,success,bmas
"Ein Buch ""Gute Arbeit; Ausgabe 2015""",6,1,2015,,False,True,Abgabe Dienstherr,fail,bmas
Wandkalender 2015 in Posterform,12,1,2015,,True,False,Behalten,success,bmas
Wandkalender DIN A3,9,1,2015,,True,False,Behalten,success,bmas
"Tasse, Schlüsselanhänger, Leuchtband für Fahrrad",20,1,2015,,True,False,Behalten,success,bmas
"Weihnachtspräsent, bestehend aus 1 Tafel Schokolade und 1 Handwärmer",7,1,2015,,True,False,Behalten,success,bmas
Kalender,18,2,2015,,True,False,Behalten,success,bmas
Einladung Symposium der Tarifvertragsparteien der Bauwirtschaft mit Abendessen,14,1,2015,,False,True,Behalten (Dienstgebrauch),success,bmas
"Buch ""The Symphony of Siveryanska Land"" bestickter Tischläufer",24,2,2015,,True,False,Behalten,success,bmas
Einladung zum Mittagessen,12,3,2015,,True,False,Behalten,success,bmas
Einladung zum Mittagessen,12,3,2015,,True,False,Behalten,success,bmas
Einladung zum Mittagessen,12,3,2015,,True,False,Behalten,success,bmas
Einladung zum Mittagessen,16,3,2015,,True,False,Behalten,success,bmas
Flasche Baden Kreisler Diedesheimer Herzogsberg Auxerrois 2013,26,3,2015,,True,False,Behalten,success,bmas
Handtuch,7,4,2015,,True,False,Behalten,success,bmas
Kugelschreiber,22,4,2015,,True,False,Behalten,success,bmas
Abenddinner & Get-together im Porsche Museum,18,5,2015,,False,True,Behalten (Dienstgebrauch),success,bmas
"1x Flasche Ellmendinger Keulebuckel, Schwarzriesling, Kabinett, trocken, 2013",6,5,2015,,True,False,Behalten,success,bmas
"Süßigkeiten (Frustschutzbärchen, Gute Laune Drops, Nervennahrung von Hussel)",7,5,2015,,True,False,Behalten,success,bmas
Einladung zum Mittagessen,6,5,2015,,False,True,Behalten (Dienstgebrauch),success,bmas
Buch 'ADHS aus Sicht einer betroffenen Familie',3,6,2015,,True,False,Abgabe Dienstherr,fail,bmas
"Musikkalender, kleine Kopfhörer, kleiner Stoffbeutel",11,6,2015,,True,False,Behalten,success,bmas
Blumenstrauß,18,6,2015,,True,False,Behalten,success,bmas
1x Flasche Prosecco,17,6,2015,,True,False,Behalten,success,bmas
Buch 'Geht alles gar nicht',23,6,2015,,True,False,Behalten,success,bmas
"Teilnahme an der Verleihung des Mestemacher Preises ""Managerin des Jahres 2015"" im Hotel Adlon Berlin mit Einladung zum Mittagessen",19,6,2015,,False,True,Behalten (Dienstgebrauch),success,bmas
Stiftehalter,26,6,2015,,True,False,Behalten,success,bmas
"Buch über das Reisen, Koffergurt, Kofferanhänger als Namensschild",29,6,2015,,True,False,Behalten,success,bmas
"Balsamico-Öl, handgefertigte Kerze",1,7,2015,,True,False,Behalten,success,bmas
Thomas Espresso-Set (3 tlg.) Sunny Day New-Red,2,7,2015,,False,True,Abgabe Dienstherr,fail,bmas
"Buch BMW Art Cars, Hatje Cantz",8,7,2015,,False,True,Abgabe Dienstherr,fail,bmas
Modell Fregatte Klasse 125,28,7,2015,,False,True,Abgabe Dienstherr,fail,bmas
"Kuscheltier, Handseife",31,7,2015,,True,False,Behalten,success,bmas
Thermoskanne,31,7,2015,,True,False,Behalten,success,bmas
USB Stick (4 GB),6,8,2015,,True,False,Behalten,success,bmas
Bildband Blohm+Voss Beautifully Engineered,28,7,2015,,False,True,Abgabe Dienstherr,fail,bmas
Bildband Blohm+Voss Beautifully Engineered,30,7,2015,,False,True,Abgabe Dienstherr,fail,bmas
Modell Airbus A320,28,7,2015,,False,True,Abgabe Dienstherr,fail,bmas
Modell klein Airbus A320 neo,28,7,2015,,False,True,Abgabe Dienstherr,fail,bmas
"Schlüsselband, Airbus Travel Adapter",28,7,2015,,True,False,Behalten,success,bmas
Modell klein Airbus A320 neo,30,7,2015,,False,True,Abgabe Dienstherr,fail,bmas
"Schlüsselband, Airbus Travel Adapter, Beutel",30,7,2015,,True,False,Behalten,success,bmas
Modell klein Airbus A320 neo,28,7,2015,,False,True,Abgabe Dienstherr,fail,bmas
"Schlüsselband, Airbus Travel Adapter",28,7,2015,,True,False,Behalten,success,bmas
kleine Tischuhr (als Werbegeschenk),24,8,2015,,True,False,Abgabe Dienstherr,fail,bmas
Schmuckteller in Samtschatulle,31,8,2015,,False,True,Abgabe Dienstherr,fail,bmas
Einladung zur Teilnahme an der 23. Preisverleihung des Deutschen Wirtschaftsbeirates als Mitglied des Messebeirats,1,9,2015,,False,True,Behalten (Dienstgebrauch),success,bmas
2x Kalender 2016 mit Tipps zum Thema Gesundheit,15,9,2015,,True,False,Behalten,success,bmas
"Visitenkartenbox, Schlüsselanhänger",24,9,2015,,True,False,Behalten,success,bmas
"Visitenkartenbox, Schlüsselanhänger",23,9,2015,,True,False,Behalten,success,bmas
Krawatte mit Motiv des finnischen Regierungsgebäudes,24,9,2015,,True,False,Behalten,success,bmas
Kosmetik-Handset für Männer,25,9,2015,,True,False,Behalten,success,bmas
Kosmetik-Handset für Männer,28,9,2015,,True,False,Behalten,success,bmas
Halstuch,24,9,2015,,True,False,Behalten,success,bmas
"Teilnahme an der Verleihung des Mestemacher Preises ""Managerin des Jahres 2015"" im Hotel Adlon Berlin mit Einladung zum Mittagessen",17,9,2015,,False,True,Behalten (Dienstgebrauch),success,bmas
"Quartett (Spielkarten) ""QuarTED"" (Karten mit Inhalten zur Vergaberechtsreform)",2,10,2015,,True,False,Behalten,success,bmas
Fotorahmen aus Plastik und Papier,13,10,2015,,True,False,Behalten,success,bmas
"Buch ""Wild und köstlich""",14,10,2015,,True,False,Behalten,success,bmas
"1 Flasche Wein Les Trois Tomates 0,75 l",23,10,2015,,True,False,Behalten,success,bmas
"Schreibblock, Seidenschal",20,10,2015,,True,False,Behalten,success,bmas
1 Kasten Gebäck (250g),22,10,2015,,True,False,Behalten,success,bmas
1 Kasten Gebäck (250g),22,10,2015,,True,False,Behalten,success,bmas
"Tischaufsteller ""Help Age India""",28,10,2015,,True,False,Behalten,success,bmas
kleiner Bilderrahmen,2,11,2015,,True,False,Behalten,success,bmas
Eintrittkarten für PASS Late Year Benefiz mit Ute Lemper am 28.11.2015 in der Alten Oper in Frankfurt am Main,4,11,2015,,False,True,Rueckgabe,fail,bmas
Einladung zum Abendessen,6,11,2015,,False,True,Behalten (Dienstgebrauch),success,bmas
"Keramiktopf mit Lakritz, Kekse, Käse",26,11,2015,,True,False,Behalten,success,bmas
"Steinguttopf mit Lakritze, kleine Packung Kekse, eiine Käseecke (250g)",26,11,2015,,True,False,Behalten,success,bmas
Adventskalender (Schokolade),1,12,2015,,True,False,Behalten,success,bmas
Adventskalender (Schokolade),1,12,2015,,True,False,Behalten,success,bmas
"100g Pecans, 100g Kaffee",2,12,2015,,True,False,Behalten,success,bmas
Reisewecker,2,12,2015,,True,False,Behalten,success,bmas
Adventskalender,3,12,2015,,True,False,Behalten,success,bmas
2 Packungen Pekannüsse,3,12,2015,,True,False,Behalten,success,bmas
Lindt-Adventskalender,3,12,2015,,True,False,Behalten,success,bmas
Glas Honig (250g),3,12,2015,,True,False,Behalten,success,bmas
Ladegerät für Smartphones,3,12,2015,,True,False,Behalten,success,bmas
Ladegerät für Smartphones,3,12,2015,,True,False,Behalten,success,bmas
Ladegerät für Smartphones,3,12,2015,,True,False,Behalten,success,bmas
Packung Pekannüsse,3,12,2015,,True,False,Behalten,success,bmas
Packung Pekannüsse,3,12,2015,,True,False,Behalten,success,bmas
Ladegerät für mobile Geräte,3,12,2015,,True,False,Behalten,success,bmas
Adventskalender (Schokolade),27,11,2015,,True,False,Behalten,success,bmas
Adventskalender (Schokolade),30,11,2015,,True,False,Behalten,success,bmas
Adventskalender (Schokolade),27,11,2015,,True,False,Behalten,success,bmas
Adventskalender (Schokolade),27,11,2015,,True,False,Behalten,success,bmas
Adventskalender (Schokolade),20,11,2015,,True,False,Behalten,success,bmas
folkloristisches Oberhemd,23,11,2015,,True,False,Behalten,success,bmas
Adventskalender (Schokolade),20,11,2015,,True,False,Behalten,success,bmas
2 Tüten gebrannte Mandeln,8,12,2015,,True,False,Behalten,success,bmas
Adventskalender (Schokolade),16,12,2015,,True,False,Behalten,success,bmas
Ikebana Kalender,15,12,2015,,True,False,Behalten,success,bmas
"Mandeln, Schokolade",15,12,2015,,True,False,Behalten,success,bmas
Tischkalender,14,12,2015,,True,False,Behalten,success,bmas
Tischkalender,10,12,2015,,True,False,Behalten,success,bmas
Glas mit selbstgebackenen Keksen,16,12,2015,,True,False,Behalten,success,bmas
Wanduhr,17,11,2015,,False,True,Abgabe Dienstherr,fail,bmas
Präsentkorb,11,11,2015,,True,False,Behalten,success,bmas
1 Holzkiste Plantagen Schokolade,4,12,2015,,True,False,Behalten,success,bmas
CD Best of Christmas 4,7,12,2015,,True,False,Behalten,success,bmas
Adventskalender (Schokolade),8,12,2015,,True,False,Behalten,success,bmas
"Bewirtung mit 1 Glas Wasser, 1 Schnittchen",8,12,2015,,True,False,Behalten,success,bmas
Box mit Schokoladenpralinen,17,12,2015,,True,False,Behalten,success,bmas
"1 Dresdner Christstollen, 1 Marzipanstollen, 2 Eilles Gourmet Café für mehrere Mitarbeiter",18,12,2015,,False,True,Behalten,success,bmas
2 Flaschen Wein (ohne genauere Beschreibung),18,12,2015,,True,False,Behalten,success,bmas
Men's Kit Reiseset für Männer,18,12,2015,,True,False,Abgabe Dienstherr,fail,bmas
Bilderrahmen,18,12,2015,,True,False,Abgabe Dienstherr,fail,bmas
Adventskalender (Schokolade),16,12,2015,,True,False,Behalten,success,bmas
Ukrainischer Teller,22,12,2015,,True,False,Abgabe Dienstherr,fail,bmas
"Wandkalender, 2 Untersetzer",23,12,2015,,True,False,Behalten,success,bmas
kleines Mokka-Set nebst Dekoteller aus Sarajewo,18,12,2015,,True,False,Abgabe Dienstherr,fail,bmas
Kalender,18,12,2015,,True,False,Behalten,success,bmas
Einladung zum Neujahrskonzert,3,12,2015,,False,True,Rueckgabe,fail,bmas
"Tischkalender, 50 Stück Servietten, Schreibunterlage aus Papier, Wandkalender (4 Monate)",18,11,2015,,True,False,Behalten,success,bmas
Wandkalender,22,12,2015,,True,False,Behalten,success,bmas
USB Stick  ,22,12,2015,,True,False,Behalten,success,bmas
"Präsentkorb (Marmelade, Schokolade)",23,12,2015,,True,False,Behalten,success,bmas
kleine Schreibtischlampe,28,12,2015,,True,False,Behalten,success,bmas
Kelender 2016,30,12,2015,,True,False,Behalten,success,bmas
Wandkalender 2016,4,1,2016,,True,False,Behalten,success,bmas
Niedegger Marzipansortiment,4,1,2016,,True,False,Behalten,success,bmas
echter Dresdner Christstollen,6,1,2016,,True,False,Behalten,success,bmas
Kalender,7,1,2016,,True,False,Behalten,success,bmas
Geschenkpackung mit gebrannten Mandeln,11,1,2016,,True,False,Behalten,success,bmas
Geschenkpackung mit gebrannten Mandeln,11,1,2016,,True,False,Behalten,success,bmas
Kalender,12,1,2016,,True,False,Behalten,success,bmas
Wandkalender 2016,14,1,2016,,True,False,Behalten,success,bmas
Taschenlampe mit USB Anschluss,18,1,2016,,True,False,Behalten,success,bmas
"Einladung zum Festakt 11. Preisverleihung des ""Mestemacher Preises Spitzenvater des Jahres"" im Hotel InterContinental",20,1,2016,,False,True,Behalten (Dienstgebrauch),success,bmas
"Pralinen von Milka ""kleines Dankeschön""",1,2,2016,,True,False,Behalten,success,bmas
T-Shirt,28,1,2016,,True,False,Behalten,success,bmas
Wandkalender 2016,4,2,2016,,True,False,Behalten,success,bmas
Blumenstrauß,16,2,2016,,True,False,Behalten,success,bmas
"Gutschein über 50,- € für das Liquidrom in Berlin",16,2,2016,,False,True,Rueckgabe,fail,bmas
1 Flasche Wambsganss 2014er (Wein),18,2,2016,,True,False,Behalten,success,bmas
