17/2/2010,Das neue Wörterbuch für Leichte Sprache,x,,x,,,
26/5/2010,Taschenrechner ,x,,x,,,
21/9/2010,1 Krawatte für Vortrag vor einer Delegation der vietnamesich-deutschen Wirtschaftsförderungsgesellschaft über Soziale Sicherung in Deutschland,x,,x,,,
19/10/2010,"1 Krawatte, 1 Halstuch von Besuch einer Delegation des allchinesischen Gewerkschaftsbundes",x,,x,,,
2/3/2010,"CD ""Soldier of Love"" von Sade im Rahmen der Sitzung der Pflegekommission",x,,x,,,
11/1/2010,"Buch ""Wir sind das Volk"" v. Gerhard A. Ritter",x,,x,,,
20/4/2010,"4. Auflage Kommentar zum Betriebsrentengesetz von Marita Heinz, Verlagsgruppe Recht",,x,,x,x,
10/5/2010,4. Auflage Kommentar zum Betriebsrentengesetz ,,x,,x,x,
16/11/2010,Ersttagsblatt Sonderpostzeichen Knappschaft bei Feier 750 Jahre Knappschaft,x,,x,,,
5/8/2010,"3 Flaschen Wein (Riesling, Jahrgang 2009)  bei Vortrag bei Veranstaltung des Landkreistages Baden-Württemberg",x,,x,,,
18/8/2010,1 Flasche Assmannshäuser Höllenberg Spätburgunder für Teilnahme an Landräteseminar,x,,x,,,
30/9/2010,1 Krawatte für Vortrag von vietnames. Delegation organisiert von der vietnamesich-deutschen Wirtschaftsförderungsgesellschaft mbH,x,,x,,,
9/11/2010,Lesezeichen als Gastgeschenk bie einer chin. Delegation,x,,x,,,
9/11/2010,Buch über die Philippinen beim Treffen einer Botschaftsvertreterin,x,,x,,,
20/12/2010,Seidentuch bei Besuch einer indonesichen Delegation am 14.12.2010,x,,x,,,
13/12/2010,Kalender 2011 zum Jahreswechsel im Bereich Sozialpolitik,x,,x,,,
13/12/2010,Lesezeichen für Vortrag bei chin. Delegation,x,,x,,,
1/3/2010,Tageskarte Cebit für 05.03.2010,,x,,x,,
7/10/2010,"1 Flasche Wein, 10 Tulpenzwiebeln für Vortrag vor einer niederländ. Delegation",x,,x,,,
7/12/2010,Sozialgesetzbuch Textausgabe 2010 der Knappschaft Bahn See ,x,,x,,,
10/6/2010,"Manschettenknöpfe, Buch bei Gespräch mit dem Vizepräsidenten Ecuadors, dem Botschafter und der Dresdener Konsulin Ecuadors",x,,x,,,
17/2/2010,Das neue Wörterbuch für Leichte Sprache,x,,x,,,
3/3/2010,Tageskarte Cebit für 03.03.2010,,x,,x,,
9/4/2010,Kapuzenjacke/T-shirt des Paritätischen,x,,x,,,
20/9/2010,Leichte Wind-Jacke mit Firmen-Logo anläßlich einer Mitarbeiter/innen-Schulung des BMAS-Bürgertelefons zum Thema Webportal einfach-teilhaben.de,x,,x,,,
26/1/2010,Tageskarte Cebit für Zeitraum 02.-06.03.2010,,x,,x,,
24/11/2010,"Zwei Porzellanbecher ""Royal Copenhagen"" Konferenz anl. von Reha Intern. am 10.11.2010 in Kopenhagen",,x,x,,,
16/12/2010,Wandkalender für 2011 mit Ikebanamotiven von Sozialreferent der Botschaft Japan,x,,x,,,
23/11/2010,Haarmeyer/Wutzke/Förster Präsenzkommentar zur Insolvenzordnung bei Gläubigerforum am 18.11.2010,x,,x,,,
20/12/2010,"Brettspiel ""kick it"" als Weihnachtsgruß",x,,x,,,
25/5/2010,Taschenspiegel einer jap. Delegation,x,,x,,,
22/12/2010,Wildschweinslami + Schneidemesser minderer Qualität,x,,x,,,
23/9/2010,"Farbiges Stofftuch ca. 2x1m für Vortrag vor indon. Delegation, die zus. mit GTZ am 23.09.2010 im BMAS empfangen wurden",x,,x,,,
20/4/2010,"4. Auflage Kommentar zum Betriebsrentengesetz von Marita Heinz, Verlagsgruppe Recht",,x,,x,x,
10/5/2010,4. Auflage Kommentar zum Betriebsrentengesetz ,,x,,x,x,
18/11/2010,Eintrittskarte zur Messe Orgatec im Zuge von Mitgliedschaft des BMAS im dnb (Deutsches Netzwerk Büro e.V.),x,,x,,,
12/11/2010,Kamm aus Horn bei Delegationsreise des chin. Ministeriums mit Gespräch im BMAS,x,,x,,,
20/9/2010,Leichte Wind-Jacke mit Firmen-Logo anläßlich einer Mitarbeiter/innen-Schulung des BMAS-Bürgertelefons zum Thema trägerübergreifendes Persönliches Budget,x,,x,,,
25/8/2010,1 Flasche Wein bei  Landräteseminar Hessen,x,,x,,,
16/7/2010,Bild und DVD als Dank für den Vortrag über die Regelungen des über- und zwischenstaatl. Sozialversicherungsrechts,x,,,,x,
23/9/2010,Herrenhemd für Vortrag für eine indonesiche Delegation,x,,x,,,
7/12/2010,2 Flaschen Wein für guten Zusammenarbeit,x,,x,,,
16/12/2010,"Silberner Parkscheinhalter aus Edelstahl, vernickelt, für Gästebetreuung im Hotel",x,,x,,,
9/9/2010,2 CD´s bei Informationsveranstaltung über deutsche Arbeitsmarktpolitik ,x,,x,,,
18/6/2010,"Buch ""125 Jahre gesetzl. Unfallversicherung - Steiflichter"" von der UK Bund-Verwaltung bei der Vorstandssitzung der UK-Bund",x,,x,,,
1/3/2010,"Nachdruck ""Reform der Armenpflege""",x,,x,,,
4/10/2010,"Gesteck mit Kunstblume in Glasvase beim Besuch einer Gruppe von behinderten Menschen, Hausführung + Infogespräch im BMAS durch Besucherdienst",x,,x,,,
4/10/2010,"Teegeschenkkarton Heiko Blume, Friesische Spezialität bei Hausführung durchs BMAS",x,,x,,,
14/12/2010,Schokolade als Weihnachtsgruss,x,,x,,,
23/3/2010,"Holzdekoration von Direktor Arbeitsministerium Südkorea, Infogespräch am 22.03.2010/Empf. Delegation",x,,,,x,
27/1/2010,2 Dankesschreiben in Glasrahmen ,,x,,,x,
19/4/2010,Teilnahme an Frühlingsfest des Deutschen Führungskräfteverbandes UAL am 04.05.2010,,x,,x,,
2/11/2010,Brokatstickerei hinter Glas im Holzrahmen bei Vortrags- und Gesprächstermin einer chin. Delegation,x,,x,,,
16/11/2010,"1 Musik-CD mit Folklore, 1 Seidenkrawatte von Leiterin der bulg. Delegation für Vortrag BMAS",x,,x,,,
13/12/2010,"Wandkalender ""Ikebana 2011"" bzgl. verschiedener Arbeitskontakten von jap. Botschaft",x,,x,,,
22/3/2010,Karton mit Schlüsselanhänger sowie Visitenkartenbox/Delegation aus Südafrika,x,,x,,,
4/11/2010,Geschenkset (Taschenspiegel und Schlüsselanhänger) bei Vortrag vor chin. Delegation,x,,x,,,
22/4/2010,"4. Auflage Kommentar zum Betriebsrentengesetz von Marita Heinz, Verlagsgruppe Recht",,x,,x,x,
20/5/2010,"4.  Auflage Kommentar zum Betriebsrentengesetz mit Versorgungsausgleich von Kemper/Kisters-Kölkers/Berenz/Huber aus der Reihe Arbeitsrechtl. Kurzkommentare vom Pensions-Sicherungs-Verein, Köln",,x,,x,x,
14/9/2010,1 Dose grünen Tee bei Fachespräch - mit Dolmetschern - organisiert über die jap. Botschaft im BMAS über die Riester-Rente und die betriebl. Altersversorgung,x,,x,,,
12/5/2010,Krawatte mit Logo des Germanischen Loyds (GL) für Vortrag Umsetzung des ILO-Seearbeitsübereinkommens beim GL in Hamburg,x,,x,,,
8/12/2010,Wandkalender zu Weihnachten ,x,,x,,,
26/1/2010,Bausparkassen-Fachbuch 09/10,x,,x,,,
18/11/2010,Eintrittskarte zur Messe Orgatec im Zuge von Mitgliedschaft des BMAS im dnb (Deutsches Netzwerk Büro e.V.),x,,x,,,
1/3/2010,Tageskarte Cebit für 05.03.2010,,x,,x,,
25/5/2010,Schreibblock mit Kugelschreiber in farbigem Einband von jap. Besucherdelegation,x,,x,,,
7/10/2010,Porzellanclogs - Größe 4 für Vortrag vor Referenten aus dem niederl. Arbeits- und Sozialministerium,x,,x,,,
16/11/2010,Buchstütze mit Relief der chin. Mauer für Vortrag vor einer chin. Delegation,x,,x,,,
11/11/2010,Visitenkartenhalter bei Vortrag vor einer chin. Delegation,x,,x,,,
28/5/2010,Schreibblock mit Kugelschreiber in farbigem Einband von jap. Besucherdelegation,x,,x,,,
13/9/2010,2 CD´s Geschenk von der Delegation des Dänischen Beschäftigungsrates anläßlich ihres Besuches im BMAS,x,,x,,,
22/3/2010,Visitenkartenbox und Schlüsselanhänger/Delegation Südafrika,x,,x,,,
20/12/2010,"Brettspiel ""kick it"" als Weihnachtsgruß bei Ordensveranstaltung 2010",x,,x,,,
21/12/2010,Kalender 2011 bei Ordensveranstaltung 2011 ,x,,x,,,
13/1/2010,"Einlad. Festakt/Galabuffet ""Mestermacher Preis Spitzenvater 2010"" Restaurant Deutscher Bundestag/dienst. Nutzung",,x,,x,,
15/7/2010,"Einlad. Essen im Adlon ""Mestermacher Preises Managerin des Jahres 2010"" dienst. Nutzung am 17.09.2010",,x,,x,,
11/11/2010,Teilnahme an einem Essen im Hotel InterContinental zur Verleihung des Mestermacher Preises Spitzenvater des Jahres 2011,x,,x,,,
1/4/2010,2 Flaschen Wein für Vortrag bei Stadt Ulm zur UN-Behindertenkonvention,x,,x,,,
22/4/2010,"2 Packungen Räucherstäbchen, Schokolade/Grußworte 5jähr. Bestehen der Tür an Tür Integrationsprojekte gGmbH",x,,x,,,
21/12/2010,"Brettspiel ""kick it"" als Weihnachtsgruß bei Ordensveranstaltung 2010",x,,x,,,
28/4/2010,dünnes Seidentüchlein/Gespräch zu Fragen der ges. Unfallversicherung mit Herrn aus Taiwan,x,,x,,,
23/3/2010,"Visitenkartenetui aus Edelstahl mit Dekor von Director Equal Employment Policy Division, Ministry of Labor Korea",x,,,,x,
22/12/2010,"1 Flasche Qualitätswein Ahr 0,75 l als Weihnachtsgruß",x,,x,,,
22/12/2010,"1 Stück Schwarzwälder Schinken, 500 g, als Weihnachtsgruß",x,,x,,,
22/12/2010,"Taschenbuch ""Erfolgreiche Beratung"" ",,x,,x,x,
19/11/2010,Haarmeyer/Wutzke/Förster Präsenzkommentar zur Insolvenzordnung bei Gläubigerforum am 18.11.2010,x,,x,,,
19/11/2010,Haarmeyer/FrindInsolvenzrecht bei Gläubigerforum am 18.11.2010,x,,x,,,
19/11/2010,Haarmeyer/Wutzke/Förster Handbuch der vorläufigen Insolvenz bei Gläubigerforum am 18.11.2010,,x,,x,x,
28/12/2010,Armbanduhr bei aktiver Teilnahme von StS bei Veranstaltung der belg. Ratspräsidenschaft ,,x,,,x,
11/2/2010,"Sachbuch ""Vertrauen ist gut"" von Unbekannt",x,,x,,,
3/5/2010,"Buch ""Der Sozialstaat im Urteil der Bevölkerung"" von Prof. Dr. Wolfgang Glatzer Goethe-Uni Frankfurt",x,,x,,,
5/5/2010,Miniatur Buddy Bär stehend auf Sockel ,x,,x,,,
7/5/2010,"MetallRente Studie 2010 ""Jugend, Vorsorge, Finanzen - Herausford. oder Überford.? ",x,,x,,,
25/5/2010,Mosaikstier - Sozialreferentenseminar im BMAS ,x,,x,,,
25/5/2010,"Medienhandbuch Berlin 2010 von Hennes Schulz, Verleger & Chefredakteur von Topmedia Berlin",,x,,x,x,
8/6/2010,Buch über die Braunkohle im Zeitraum 1985 bis 2010,,x,,x,x,
9/6/2010,Standuhr (goldfarben auf Sockel aus Holz) bei Gesprächen mit der indischen Delegation unter Leitung des indischen Staatssekretärs Bandyopadhyay am 31.05.2010,x,,,,x,
15/6/2010,"Buch ""In diesem Geschäft gibt es keine Mathematik"" ",x,,x,,,
21/6/2010,"Flasche Riesling Spätlese trocken sowie DVD ""Zerrissene Umarmungen"" als Dank für eine Rede am 18.06.2010",x,,x,,,
25/5/2010,"Buch mit dem Titel ""Andere Augen - ein Fotolesetasthörbuch"" für Rede ",,x,,x,x,
1/7/2010,"Porzellanschälchen von KPM für Teilnahme und Rede an der Sitzung des ZDH-Ausschusses ""Sozialversicherung""",,x,,,x,
22/7/2010,Bilderrahmen mit 10 schweizer Briefmarken ,x,,x,,,
3/9/2010,Porzellanteller von Royal Delft,,x,,,x,
6/9/2010,Schmuckkästchen mit Hamsa-Symbol,,x,,,x,
14/9/2010,2 CD´s durch persönliche Überreichung,,x,,,x,
13/10/2010,1 Memospiel Nutzfahrzeuge - unaufgefordert zugeschickt,x,,x,,,
15/10/2010,"Buch zum Thema ""Ghettorenten"", Gastgeschenk bei Dienstreise nach Israel",x,,x,,,
15/10/2010,"Buch ""Zeugnisse des Holocaust - Gedenken in Yad Vashem; Gastgeschenk bei einer Dienstreise nach Israel",,x,,x,x,
26/10/2010,"3 israelische Briefmarken in Acryl, Designer Haimi Kivkovitch",x,,x,,,
26/10/2010,"Buch von Sven Söllner ""Studiengebühren und das Menschenrecht auf Bildung"" sowie Buch von Jürgen Meyer ""Charta der Grundrechte der Europäischen Union""",,x,,x,x,
8/11/2010,"Buch von Ulrike Lange-Michael und Lörg Lantelmé: ""Gudensberg"" als Gastgeschenk bei einer Podiumsdiskussion ",x,,x,,,
17/11/2010,Taschenkalender ,x,,x,,,
23/11/2010,Präsentkorb ,x,,x,,,
23/11/2010,"Buch ""55 Gründe Ingenieur zu werden""  von Autor Dr.-Ing. Ekkehard Schulz",x,,,x,x,
23/11/2010,Buchkalender für das Jahr 2011 von Repräsentant der Taipeh Vertretung der Bundesrepublik Deutschland,x,,,x,x,
25/11/2010,"Buch ""Werte Wissen Wachstum"" von Dr. Klaus Engel und Michael Vassiliadis ",x,,,x,x,
6/12/2010,"Buch ""Juristinnen"" von Marion Röwekamp ",,x,,x,x,
7/12/2010,Strohhauers Original Heidelberger Christstollen,x,,x,,,
7/12/2010,Vier Tassen ,x,,x,,,
10/12/2010,"Buch ""Einundzwanzig Jahrhundertgefahren Jahrhundertchancen""",x,,,x,x,
20/12/2010,2 Bücher: Aus Politik und Kultur 7; Digitalisierung: Kunst und Kultur sowie 2 Bücher: Aus Politik und Kultur 6; Künstlerleben: Zwischen Hype und Havarie v. Olaf Zimmermann/Theo Geißler im Rahmen einer Besprechung,,x,,x,x,
28/12/2010,"Porzellanbecher, orange als Weihnachts-/Neujahrsgruß",,x,,,x,
28/12/2010,"Bildband ""Hidden China"" von Alessandra Meniconzi",x,, ,x,x,
26/8/2010,1 silbernen Schutzengel-Schlüsselanhänger,x,,x,,,
1/12/2010,Regenschirm bei Gespräch zum ELENA-Verfahren,x,,x,,,
16/3/2010,"Buch von Daniel Kehlmann ""Die Vermessung der Welt"" für dienstl. Vortrag ",x,,x,,,
17/12/2010,Einladung  zum Eishockey-Bundesliga-Spiel in Berlin,,x,,,,x
8/11/2010,Einfaches gerahmtes Bildchen mit traditioneller chin. Darstellung bei Besuch einer 25-köpfigen chin. Besuchergruppe am 02.11.2010 in Berlin zu einem Vortrag zum Thema Arbeitsschutzsystem in Deutschland,x,,x,,,
2/3/2010,"CD ""Soldier of Love"" von Sade im Rahmen der Sitzung der Pflegekommission am 01.03.2010",x,,x,,,
3/12/2010,Heidelberger Christstollen (1.500 g) ,x,,x,,,
2/3/2010,Rückgabe Cebit-Tageskarte,,x,,,,x
17/6/2011,Buch als Geburtstagsgruß ,x,,x,,,
20/12/2011,Tischkalender als Dank für die gute Zusammenarbeit,x,,x,,,
19/12/2011,"Buch ""Zeitbombe Internet"" als Weihnachtspräsent",x,,x,,,
19/12/2011, Glas Honig und ein Tütchen Wildblumensamen als Weihnachtspräsent,x,,x,,,
12/10/2011,"Unaufgeforderte Zusendung des Buches ""Ich arbeite in einem Irrenhaus"" ",x,,x,,,
25/7/2011,"Flasche Wein (Staatliche Weinbaudomäne Oppenheim, Riesling trocken)",x,,x,,,
5/10/2011,1 Küchenmesser (Obstmesser) aus Solingen mit vergoldeter Klinge bei Implementierungsreise Stadt Solingen am 16.09.2011,x,,x,,,
25/7/2011,Flasche Wein (Wachtenburg Secco weiß trocken),x,,x,,,
16/11/2011,Adventskalender mit Schokoladenfüllung von Vivento zur Weihnachtszeit,x,,x,,,
1/9/2011,Kugelschreiber und Schlüsselanhänger bei Treffen einer südkoreanischen Regierungsdelegation im BMAS,x,,x,,,
16/9/2011,Bild von Behinderten bei Ausstellungsgestaltung ,x,,x,,,
27/4/2011,Keramikfigur als Gastgeschenk der chin. Delegation; Gespräch zur Arbeitsmarkt- und Sozialpolitik in Deutschland,x,,x,,,
27/4/2011,grüner Schal als Gastgeschenk bei bilateralem Gespräch zur Vertiefung der Zusammenarbeit mit dem vietnam. Partnerministerium,x,,,,x,
27/4/2011,Vase als Gastgeschenk für Teilnahme am ASEM-Forum in Vietnam,x,,x,,,
24/6/2011,Kleiner Holzfächer bei Besuch einer koreanischen Delegation am 15.06.2011,x,,x,,,
10/1/2011,Schmuckkästchen durch Besuch einer Delegation aus Korea am 16.11.2011,x,,x,,,
10/1/2011,Kleine Vase durch Besuch einer Delegation aus China,x,,x,,,
10/1/2011,Schreibset als Weihnachtsgruß,x,,x,,,
10/1/2011,Taschenspiegel mit Schlüsselanhänger,x,,x,,,
10/1/2011,Kamm,x,,x,,,
18/11/2011,Gastgeschenk der vietnamesischen Delegation am 18.11.2011 - ein Teebehälter,x,,x,,,
7/4/2011,"Buch des norwegischen Autors Bjornstad ""Die Frau im Tal"" für Vortrag zu CSR anl. Sitzung Norw. Wirtschaftsrat ",x,,x,,,
23/12/2011,Wandkalender/Schokolade,X,,X,,,
19/9/2011,Seidenschal von Chin. Delegation d. Nationalen Kommission für Bevölkerung und Familienplanung der Volksrepublik China,x,,x,,,
10/1/2011,Taschenspiegel und Wandteller bei Besuch einer Delegation aus China am 13.12.2010,x,,x,,,
9/3/2011,Buch bei Besuch einer Delegation aus China,x,,x,,,
14/3/2011,"Flasche Brut Magnum im Rahmen einer Veranstaltung ""MCC Zukunftsmarkt Altersvorsorge""",x,,x,,,
16/6/2011,"1 Flasche Weißwein, 1 DVD (Die Päpstin) ",x,,x,,,
8/8/2011,"Buch/Katalog ""Kunst trotz(t) Armut""",x,,x,,,
15/6/2011,Glas - geformt wie Kohlblätter - bei Betreuung der chin. Delegation am 09.06.2011,x,,,,x,
21/9/2011,1 Küchenmesser (Obstmesser) aus Solingen mit vergoldeter Klinge bei Implementierungsreise Stadt Solingen am 16.09.2011,x,,x,,,
13/1/2011,Kicker-Spiel als Weihnachtsgruß,x,,x,,,
1/7/2011,Mittagessen bei Int. Delegation der OECD,x,,x,,,
1/9/2011,Kugelschreiber und Schlüsselanhänger bei Treffen einer südkoreanischen Regierungsdelegation im BMAS,x,,x,,,
26/10/2011,Kochbuch für Betreuung einer Inhouse-Schulung ,x,,x,,,
8/9/2011,1 Motivteller bei Teilnahme am internationalen Workshop in Seoul (31.08.-05.09.2011),x,,x,,,
8/9/2011,"1 Mini-Bildband Australien, 1 Anstecknadel bei Teilnahme am internationalen Workshop in Seoul (31.08.-05.09.2011)",x,,x,,,
8/9/2011,"Broschüren zur Stadtinformation, 4 Ansichtskarten, 8 Stück Süßigkeiten, incl. Beutel bei Teilnahme am internationalen Workshop in Seoul (31.08.-05.09.2011)",x,,x,,,
8/9/2011,1 Etui mit Nagelpflegeutensilien (mit Aufdruck) bei Teilnahme am internationalen Workshop in Seoul (31.08.-05.09.2011),x,,x,,,
8/9/2011,1 Fächer bei Teilnahme am internationalen Workshop in Seoul (31.08.-05.09.2011),x,,x,,,
8/9/2011,"15-teiliges Besteckset, bestehend aus Löffeln und Esstäbchen bei Teilnahme am internationalen Workshop in Seoul (31.08.-05.09.2011)",x,,x,,,
8/9/2011,"1 Notizzettelhalter, 1 Schlüsselanhänger, 1 Anstecknadel bei Teilnahme am internationalen Workshop in Seoul (31.08.-05.09.2011)",x,,x,,,
8/9/2011,1 ungefülltes Schmuckkästchen bei Teilnahme am internationalen Workshop in Seoul (31.08.-05.09.2011),x,,x,,,
18/3/2011,1 Flache Wein bei Vortrag beim Deutschen Bauernverband,x,,x,,,
11/1/2011,Pralinen von Leonidas als Präsent zum Jahreswechsel/Dank für Zusammenarbeit,x,,x,,,
3/1/2011,Wandkalender für Infogespräch mit Integrationsamt Berlin,x,,x,,,
8/9/2011,1 Etui mit Nagelpflegeutensilien (mit Aufdruck) bei Teilnahme am internationalen Workshop in Seoul (31.08.-05.09.2011),x,,x,,,
8/9/2011,"Broschüren zur Stadtinforamtion, 4 Ansichtskarten, 8 Stück Süßigkeiten, incl. Beutel bei Teilnahme am internationalen Workshop in Seoul (31.08.-05.09.2011)",x,,x,,,
8/9/2011,1 Motivteller bei Teilnahme am internationalen Workshop in Seoul (31.08.-05.09.2011),x,,x,,,
8/9/2011,1 ungefülltes Schmuckkästchen bei Teilnahme am internationalen Workshop in Seoul (31.08.-05.09.2011),x,,x,,,
8/9/2011,"1 Notizzettelhalter, 1 Schlüsselanhänger, 1 Anstecknadel bei Teilnahme am internationalen Workshop in Seoul (31.08.-05.09.2011)",x,,x,,,
8/9/2011,"15-teiliges Besteckset, bestehend aus Löffeln und Esstäbchen bei Teilnahme am internationalen Workshop in Seoul (31.08.-05.09.2011)",x,,x,,,
8/9/2011,1 Fächer bei Teilnahme am internationalen Workshop in Seoul (31.08.-05.09.2011),x,,x,,,
8/9/2011,"1 Mini-Bildband Australien, 1 Anstecknadel bei Teilnahme am internationalen Workshop in Seoul (31.08.-05.09.2011)",x,,x,,,
8/9/2011,1 Minibildband Neuseeland bei Teilnahme am internationalen Workshop in Seoul (31.08.-05.09.2011),x,,x,,,
8/9/2011,1 Briefbeschwerer bei Teilnahme am internationalen Workshop in Seoul (31.08.-05.09.2011),x,,x,,,
2/12/2011,Taschenbuch von der Arbeitsgemeinschaft für Betriebl. Altersvorsorge eV).,,x,,x,x,
25/2/2011,Notizbuch als Weihnachtsgeschenk und Buch als Dank für die geleistete Arbeit im Projektbeirat,x,,x,,,
28/12/2011,"Kl. Buch m. Sachgeschichten, 180g Lindt-Pralinen, Notizblock, Wandkalender",x,,x,,,
14/12/2011,65 g Lindt-Weihnachtsschokolade als Weihnachtsgruß,x,,x,,,
14/12/2011,Holzstern als Weihnachtsgruß,x,,x,,,
14/12/2011,Monatskalender 2011 (Eigenherstellung des ICP) als Neujahrsgruß,x,,x,,,
16/12/2011,Schwarzwälter Schiken Weihnachtsgruß,x,,x,,,
15/12/2011,Christstollen als Aufmerksamkeit für Weihnachten,x,,x,,,
10/1/2011,Kiste mit sechs Pears (Birnenfrüchte) als Weihnachts-/Neujahrsgruß,x,,x,,,
10/6/2011,Publikation: The White House - The History Of An American Idea bei Veranstaltung im BMAS zur deutschen Arbeitsmarktpolitik,x,,x,,,
18/11/2011,Thermobecher,x,,x,,,
18/7/2011,"Schreibblock, Kugelschreiber, Klebezettel von Bund-Länder-Ausschuss ",x,,x,,,
18/7/2011,Mittagessen Deutscher Landkreistag,x,,x,,,
13/9/2011,"Tischuhr (versilbert) bei Besuch einer niederländischen Delegation, bestehend aus Abgeordneten des nierdel. Parlaments",,x,,x,x,
17/11/2011,1 Thermobecher mit dem LOGO IAS im Zuge der Zusammenarbeit,x,,x,,,
14/2/2011,CeBIT-Karte Hannover,,x,,x,,
12/4/2011,Grillfest ehem. Kollegen am Rhein/Nutzung Tiefgarage + Imbiss,x,,x,,,
19/12/2011,"Buch ""Zeitbombe Internet"" als Weihnachtspräsent",x,,x,,,
7/6/2011,"Eintrittskarte Bundesgartenschau Koblenz, Sitzung des Begleitausschusses des Landes Rheinland-Pfalz ",x,, ,x,,
26/7/2011,"Flasche Wein (Staatliche Weinbaudomäne Oppenheim, Riesling trocken)",x,,x,,,
26/7/2011,Flasche Wein (Wachtenburg Secco weiß trocken),x,,x,,,
4/1/2011,Kalender,x,,x,,,
4/1/2011,Adventskalender,x,,x,,,
21/12/2011,Wandkalender als Weihnachtspräsent,x,,x,,,
29/11/2011,Wandkalender Ikebana 2012,x,,x,,,
10/1/2011,Stickereimotive (im Plastikrahmen) am 11.11.2010,x,,x,,,
10/1/2011,Bild bei Besuch einer Delegation aus China am 02.11.2010,x,,x,,,
10/1/2011,Qayang Golek (Schattenpuppe aus Plastik) bei Besuch einer Delegation aus Indonesien am 20.12.2010,x,,x,,,
20/6/2011,3 Flaschen Sekt ,x,,x,,,
27/10/2011,1 Küchenmesser (Obstmesser) aus Solingen mit vergoldeter Klinge bei Implementierungsreise Stadt Solingen,x,,x,,,
27/4/2011,Vase als Gastgeschenk für Teilnahme am ASEM-Forum in Vietnam,x,,x,,,
27/4/2011,Krawatte als Gastgeschenk bei bilateralem Gespräch zur Vertiefung der Zusammenarbeit mit dem vietnamesischen Partnerministerium,x,,x,,,
1/8/2011,"Buch ""Fußballgötter und ihre Philosophien""",x,,,x,x,
27/10/2011,1 Flasche Wein bei Verwanstaltung am 25.08.11 bei GDA,x,,x,,,
19/10/2011,"DVD, Rosenöl bei Expertengespräch einer bulgarischen Delegation am 18.10.2011",x,,x,,,
22/6/2011,"Buch ""Arme habe ihr allezeit"" ",x,,x,,,
2/12/2011,Taschenbuch von der Arbeitsgemeinschaft für Betriebl. Altersvorsorge eV).,,x,,x,x,
19/10/2011,"DVD, Rosenöl bei Expertengespräch einer bulgarischen Delegation am 18.10.2011",x,,x,,,
29/12/2011,"Relief Wandkalender 2012 der Deutschen Zentralbücherei für Blinde in Leipzig (DZB) - ""chinesische Tierkreiszeichen im Braille-Druck""",x,,x,,,
15/12/2011,Wandkalender als Weihnachtsgruß,x,,x,,,
3/1/2011,Brettspiel Kick it ,x,,x,,,
24/11/2011,"Buch ""Das Krebs Buch"" ",x,,,x,x,
13/12/2011,"Ein vierfarbiger Siebdruck von Peter Steiner und Regina Steiner nach einem Entwurf der Künstler für die Sonderbriefmarke ""Altstadt Regensburg"" der BRD als Weihnachtsgruß",,x,,,x,
21/12/2011,Taschenkalender unaufgefordert zugesandt,x,,x,,,
27/12/2011,"1 Päckchen grüner Tee, ein Wandkalender aus Stoff, ein Halstuch",x,,x,,,
8/12/2011,Wandkalender als Weihnachtsgruß,x,,x,,,
1/8/2011,Flasche Wein (Wachtenburg Secco weiß trocken),x,,x,,,
19/9/2011,"Buch ""Ich arbeite in einem Irrenhaus"" bei 1 Jahr Zeitchancen ",x,,x,,,
21/9/2011,1 Küchenmesser (Obstmesser) aus Solingen mit vergoldeter Klinge bei Implementierungsreise Stadt Solingen am 16.09.2011,x,,x,,,
11/10/2011,Unaufgeforderte Zusendung des Stat. Jahrbuchs 2011 des Stat. Bundesamtes,,x,,x,x,
20/6/2011,3 Flaschen Sekt Zusendung per Post nach Begleitung der Ministerin zu einem Termin bei der Henkell Senktkellerei,x,,x,,,
14/6/2011,"Übernachtungskosten im Hotel Kloster, Geisenheim-Johannisberg am 15.06.2011 bei 30-jährigem Bestehen SOKA Bau",,x,,x,,
16/2/2011,"Kleine Schachtel Pralinen von Lindt (Creola) bei Vortragsrehie zum Inkrafttreten der reformierten Unfallverhütungsvorschrift ""Betriebsärtze und Fachkräfte für Arbeitssicherheit""",x,,x,,,
,Bronzeabbild Pferde mit Wagen auf Holz bei Übergabe bei chin. Delegation bei ehrenamtlicher Tätigkeit (Vortrag) ,x,,,,x,
12/7/2011,"Buch ""Fußballgötter und ihre Philosophien"" von Arbeitgeberverband Pflege unaufgefordert zugesandt",x,,x,,,
8/9/2011,"Druckbleistift,Stofftragetasche bei Gespräch über atypische Beschäftigung in DEU und Japan am 02.09.11",x,,,,x,
6/6/2011,Herrenarmbanduhr Bocchia Titanium bei Hauptstadtkongress der Offensive Mittelstand am 12.05.2011 im BMAS Berlin,,x,,,x,
14/12/2011,"1 Stück Schwarzwälder Schinken als Weihnachtsgruß eines Partners des betreuten INQA-Initiativkreises ""Offensive Mittelstand""",x,,x,,,
14/12/2011,Koreanische Lackdose als Gastgeschenk für den Empfang einer koreanischen Delegation,x,,x,,,
28/3/2011,Nagelpflegeetui,x,,x,,,
14/1/2011,Wein: Südtiroler Sauvignon 2008 als Weihnachtsgruß,x,,x,,,
21/12/2011,1 Flasche Wein als Aufmerksamkeit zu Weihnachten,x,,x,,,
3/2/2011,"Kommentar zum Kündigungsschutzgesetz (Thüsing/Laux/Lembke, 2. Auflage)",,x,,x,x,
5/1/2011,"Vierfarbiger Offsetdruck von Olaf Jäger ""Limburg a.d.Lahn"" als Weihnachtsgruß ",,x,,,x,
27/1/2011,Handbuch der gesetzl. Rentenversicherung SGB VI von Luchterhand anläßlich FNA-Jahrestagung bei DRV Bund,,x,,x,x,
1/2/2011,"Buch ""Der Streit um die Existenz des Menschen"" von Jósef Tischner",,x,,x,x,
14/2/2011,"Unaufgeforderte Zusendung der Sozialversicherungsgesetze 2011 Gesamt- und Kompaktausgabe SGB IV, V, IX, XI und Verträge",x,, ,x,x,
16/2/2011,Rotweinflasche bei Rede auf einer Konfrerenz des Instituts für Versicherungswirtschaft,x,,x,,,
15/2/2011,Pistolen-Ratschen-Magazin-Schraubendreher mit LED-Licht unaufgeforderte Zusendung,x,,x,,,
9/3/2011,"unaufgeforderte Zusendung einer Flasche Wein (Riesling) von Euroforum Deutschland SE, Konzeption und Org. von Handelsblatt Veranstaltungen",x,,x,,,
14/3/2011,"Flasche Brut Magnum im Rahmen einer Veranstaltung ""MCC Zukunftsmarkt Altersvorsorge""",x,,x,,,
17/3/2011,Geschenkpaket mit drei Flaschen Olivenöl á 250 ml im Rahmen 2. Staatssekretärskonsultation zur deutsch-griechischen Partnerschaftsinitiative,x,,x,,,
14/4/2011,Polnische Wetterlampe bei Eröffnungsrede auf dem Verbandstag des Berufsverbands Die Führungskräfte,,x,,,x,
29/4/2011,"Kunstwerk bestehend aus Miniatur-Zulu-Schild und Waffen, einer Coca-Cola-Drum-Rassel und einer Marimba in einem Kürbis, verziert mit Stachelschweinborsten und Perlhuhnfedern als Gastgeschenk bei workshop südafrik.-deutschen Kooperationsprojekt in Johannesburg",x,, ,x,x,
9/5/2011,"Buch ""Was trägt, wenn die Welt aus den Fugen gerät"" bei Haltung eines Referates in Kommende Dortmund",,x,,x,x,
18/5/2011,2 Flaschen Sekt bei Rede beim Jahresempfang des Deutschen Caritasverbandes am 11.05.2011,x,,x,,,
8/6/2011,Chinesische Tischdecke bei Gespräch mt chin. Delegation zur Rentenpolitik,,x,,,x,
21/6/2011,"Buch ""Arme habe ihr allezeit"" bei Gespräch mit Vertretern des Diakonischen Werkes in Hessen und Nassau",x,,,x,x,
21/6/2011,"1 Packung Minitrüffel Meistervariationen; Feinste Pralinenauslese 200 g, bei Statement in Mitgliederversammlung der Bundesarbeitsgemeinschaft der Berufsbildungswerke e.V. ",x,,x,,,
16/6/2011,"1 Flasche Weißwein, 1 DVD (Die Päpstin) bei Politiker-Abend am 09.06.2011",x,,x,,,
4/7/2011,"1 Flasche Champagne Heidsieck Monopole Cuvée Prestige, Brut für Teilnahme an Hauptgeschäftsführerkonferenz ",x,,x,,,
6/7/2011,"Buch ""Risiken kalkulierbar machen"" ",,x,,x,x,
7/7/2011,Album: Die Postwertzeichen der Bundesrepublik Deutschland 2010 bei Termin mit Präsident Deutsche Rentenversicherung Bund,,x,,x,x,
25/7/2011,"Zwei Holzkreisel, ein Paar Manschettenknöpfe in einem Etui, eine blaue Seidenkrawatte",,x,,,x,
8/7/2011,"Buch ""Erwachsene Nachbarschaft"", Die deutsch-polnischen Beziehungen 1991 bis 2011",,x,,x,x,
8/8/2011,"Ein Buch ""Der genormte Blick aufs Fremde"", Reiseführer in und über Ostmitteleureopa",x,,,x,x,
18/8/2011,Ein Päckchen mit japanischem Reisgebäck (300 g) bei Begrüßung einer jap. Gruppe junger Berufstätiger im Rahmen des Deutsch-Jap. Austauschsprogramms am 04.08.11,x,,x,,,
16/11/2011,Adventskalender mit Schokoladenfüllung von Vivento zur Weihnachtszeit,x,,x,,,
27/9/2011,"Buch ""Helfen macht müde"" für Vorbereitung der Gesundheitsvorträge (Burnout/Stress) am 19.09. und 22.09.2011 im BMAS",x,,x,,,
5/12/2011,Stollen als Weihnachtsgruß,x,,x,,,
3/1/2011,Orchidee im Übertopf anläßlich Verabschiedung in Mutterschutz und Elternzeit,x,,x,,,
16/5/2011,Kompass übersandt von der SOKA-Bau i. Z. mit einer Einladung Gipfeltreffen mit Reinhold Messner,x,,,,x,
14/11/2011,"Übernachtungskosten im Hotel Kloster, Geisenheim-Johannisberg am 15.06.2011 bei 30-jährigem Bestehen SOKA Bau",,x,,x,,
2/1/2012,"1 Schreibblock, 1 Dreimonatskalender, 1 Flasche Rotwein als Weihnachtspräsent",x,,x,,,
2/1/2012,2 Dreimonatskalender als Weihnachtspräsent,x,,x,,,
2/1/2012,"CD ""Musik auf Villa Hügel 2011""",X,,X,,,
2/1/2012,Drei Weinflaschen als Weihnachtspräsent von IFOK,,x,,,x,
3/1/2012,"Weihnachtspräsent Buch ""Der Mann, der kein Mörder war"" ",x,,x,,,
3/1/2012,"Wandkalender ""Schlösser und Herrenhäuser in Mecklenburg-Vorpommern""",x,,x,,,
4/1/2012,"Kalender 2012 ""Schlösser und Herrenhäuser in Mecklenburg-Vorpommern""",x,,x,,,
17/1/2012,Kalender als Weihnachtspräsent,x,,x,,,
17/1/2012,Briefmarken als Weihnachtspräsent,x,,x,,,
17/1/2012,Weihnachtsbäumchen als Weihnachtspräsent,x,,x,,,
18/1/2012,Lindt Pralinen als Dank für die gute Zusammenarbeit ,x,,x,,,
19/1/2012,Unaufgeforderte Zusendung von drei Exemplaren der 8. Auflage des EU-Arbeitsrechts,,x,,x,x,
24/1/2012,Unaufgeforderte Werbezusendung (Hammer mit der Aufschrift WÜRTH- Neujahrswünsche),x,,x,,,
25/1/2012,Geschenkgutschein von Douglas bei Gespräch mit einer Verlagsvertreterin der Holzmann Medien,x,,x,,,
27/1/2012,Vogeldach mit Meisenknödel bei Ordentsveranstaltung des BMAS ,x,,x,,,
27/1/2012,Vogelhäuschen (bestehend aus Holzdach und Schnur mit Vogelfutter),x,,x,,,
30/1/2012,"Give away (Vogelhaus, klein) bei Firmenaktion zum neuen Corporate Design",x,,x,,,
1/2/2012,Vogelhäuschen (nur ein Dach) mit Meisenknödel,x,,x,,,
6/2/2012,Vogelhausdach mit Meisenknödel,x,,x,,,
7/2/2012,CD als Anlage eines Briefes der PEAG mit Glückwünschen zum neuen Jahr,x,,x,,,
7/2/2012,"Präsentkorb mit zwei Dosen Wurst, einem Glas Honig und zwei Kräuterschnäpsen",x,,x,,,
9/2/2012,Eine Flasche Weißwein als unaufgeforderte Zusendung als Dankeschön für Mitwirken am Handelsblatt-Newsletter,x,,x,,,
9/2/2012,"Sozialversicherungsgesetze 2012, Gesamtausgabe und Kompaktausgabe als unaufgeforderte Zusendung",x,, ,x,x,
10/2/2012,10 Kugelschreiber mit Werbeaufdruck im Rahmen einer Besprechung ,x,,x,, ,
10/2/2012,10 Kugelschreiber mit Werbeaufdruck im Rahmen einer Besprechung ,x,,x,, ,
23/2/2012,Flasche Wein als Weihnachtspräsent,x,,x,,,
24/2/2012,Taxifahrt nach Ende der Besprechung zum Flughafen Frft./Main (Sitzung bei der ITSG im Rahmen eines Projektes),,x,,x,,
27/2/2012,Mittagessen mit Sozialreferentin der hiesigen Botschaft Bulgarien im Rahmen der Kontaktpflege,,x,,x,,
27/2/2012,Mittagessen mit Sozialreferentin der hiesigen Botschaft Bulgarien im Rahmen der Kontaktpflege,,x,,x,,
28/2/2012,Taschenbuch bei Gespräch mit einer Delegation des türkischen Arbeits- und Sozialministeriums,x,,x,,,
28/2/2012,Gebäck Cagri Pastaneleri,x,,x,,,
29/2/2012,"Vierbändige Taschenbuchausgabe ""Französische Dichtung"" Verlag C.H.Beck bei Empf. einer Schulklasse im Rahmen des deutsch-franz. ""Entdeckungstages""",,x,,x,x,
16/3/2012,1 Chinesisches Buch bei Treffen der Chin. Delegation,x,,,,x,
10/4/2012,1 Blumenstrauß,x,,x,,,
16/4/2012,Bünting Tee in 500 gr. Dose,x,,x,,,
17/4/2012,Einladung der Schwerbehindertenvertretung Deutschland AG zu einem Abendessen,,x,,x,,
23/4/2012,"Kugelschreiber, Kugelschreiberhalter bei Info-Termin einer wissenschaftl. Delegation aus Südkorea",x,,x,,,
23/4/2012,"Forschungsbericht ""Discover Korea in Public Administration"" bei Info-Veranstaltung von koreanischen Wissenschaftlern",x,,,x,x,
30/4/2012,"Kugelschreiber im Set, Vortrag über die Neuausrichtung der Initiative Neue Qualität der Arbeit auf der regionalen Fachkonferenz der Berufsgenossenschaft Gesundheitsdienste + Wohlfahrtsplfege (BGW)",x,,x,,,
3/5/2012,"Buch ""Chef, Sie haben ein Super-Team"" bei Vortrag am 02.05.12",x,,x,,,
10/5/2012,"Buch ""Die tarifvertraglich gestützte Entgeltumwandlung im Betriebsübergang"" ",,x,,x,x,
15/5/2012,"1 Flasche Wein, Informationsgespräch im BMAS mit einer Besuchergruppe aus Würzburg",x,,x,,,
16/5/2012,"Halstuch, Vortrag für eine vietnamesische Delegation mit Mitarbeitern verschiedener vietnamesischer Ministerien zum Thema ""Instrumente der aktiven Arbeitsmarktpolitik in Deutschland""",x,,x,,,
21/5/2012,"1 Flasche ""Ahr Spätburgunder"" Qualitätswein bei Vortrag des Bundesverbandes der Ärztinnen und Ärzte des öff. Gesundheitswesens",x,,x,,,
21/5/2012,"1 0,5 Liter Flasche ""Riesling Beerenauslese"" bei Vortrag für die Schwerbehindertenvertretung der Schenker AG",x,,x,, ,
21/5/2012,Mittagessen auf Einladung der GF des Instituts der Dt. Wirtschaft am 01.06.2012,,x,,x,,
29/5/2012,"1 Flasche ""Grüner Markgräfler"", Weißwein, Rede anl. der Veranstaltung ""Baustelle Eingliederungshilfe"" der Ev. Behindertenhilfe (BeB)",x,,x,,,
31/5/2012,Stoppuhr von SOKA-BAU anlässlich des Parlamentarischen Abends am 13.06.2012,x,,x,,,
4/6/2012,3 Flaschen Wein bei Vortrag im Rahmes eine Seminars,,x,,,x,
22/6/2012,Bewirtung bei Geschäftsessen,x,,x,,,
22/6/2012,Flaschenöffner bei Jahrestagung BMAS- Künstlersozialkasse,x,,x,,,
25/6/2012,"Ansichtsteller ""Mongolia 2012"" und Buch ""Minerals of Mongolia"" bei Besuch einer mong. Delegation am 18.06.2012",x,,x,,,
25/6/2012,3-D-Holzbild von Delegation aus Singapur am 14.06.2012,,x,,,x,
25/6/2012,Flaschenöffner bei Jahrestagung BMAS- Künstlersozialkasse,x,,x,,,
25/6/2012,"Buch ""Bewegungsspaß mit Wirkung"" bei Gespräch mit dem Förderverein Psychomotorik Bonn ",x,,x,,,
26/6/2012,"Medaille ""Freundschaft"" der Mongolei bei mong. Nationalfeiertag",x,,x,,,
29/6/2012,"1Flasche Weißwein, 1 Flasche Rotwein bei Grußwort bei einer IVSS Veranstaltung am Rande der ACHEMA 2012",x,,x,,,
9/7/2012,"100 ml Leinöl, 100 g Chutney bei Teilnahme an Bund-Länder-Ausschuss ",x,,x,,,
10/7/2012,Tradioneller Tonteller bei Gespräch mit armenischer Delegation,x,,x,,,
10/7/2012,Bild eines armenischen Teppichs bei Gespräch mit armenischer Delegation,x,,,,x,
10/7/2012,Tradioneller Tonteller bei Gespräch mit armenischer Delegation,x,,,,x,
27/7/2012,Einladung 2-tägiger Ministerialkongress ,,x,,x,,
31/7/2012,"Buch ""Gute Areit 2011""",x,,x,,,
14/8/2012,Stadtführung durch Köln bei Seminar der Fa. Euroforum,x,,x,,,
23/8/2012,3 Kofferbänder von HRS,x,,x,,,
23/8/2012,"Kunstobjekt ""Ein Glas Wasser"" (ist ein leeres Glas)",x,,x,,,
2/9/2012,Stadtführung durch Köln bei Seminar der Fa. Euroforum,x,,x,,,
3/9/2012,Stadtführung durch Köln bei Seminar der Fa. Euroforum,x,,x,,,
3/9/2012,Stadtführung durch Köln bei Seminar der Fa. Euroforum,x,,x,,,
5/9/2012,"Gutscheinbuch ""Schlemmen für 2 im Rhein-Sieg-Kreis Bonn Umgebung"" bei Betreuung des Firmenlaufs und Abholung der Startersets",x,,x,,,
11/9/2012,"Tasse mit BAUA-Logo, Süssigkeiten, Kerze für Organisation eines EU Workshops",x,,x,,,
24/9/2012,"Eintrittskarte für die Messe ""Zukunft Personal"" in Köln im Zuge der Auditierung des BMAS ",,x,,x,,
26/9/2012,Dekorationsteller Vietnam bei Begrüßung einer vietnamesischen Delegation,x,,,,x,
27/9/2012,Porzellanschale anläßlich  der Delegationsreise des Haushaltsausschusses vom 16.-21.09.12 ,x,,,,x,
27/9/2012,CD FADO anläßlich der Delegationsreise des Haushaltsausschusses vom 16.-21.09.2012,,x,,,x,
12/10/2012,"Werbekugelschreiber mit kleinem Werbeschreibblock des schwedischen ""trygghedsradet"" bei Vortrag über die Künstlersozialvers.",x,,x,,,
16/10/2012,Tradionelles jap. Wickeltuch bei fachlischem Austausch mit zwei jap. Wissenschaftlern,x,,x,,,
17/10/2012,"1 Buch ""Arbeitskampf in der Daseinsvorsorge"" anläßlich des 100. Geburtstages des Physikers und Friedensforschers",x,,x,,,
18/10/2012,Kunststoffschachtel für Büromaterialien als Gastgeschenk,x,,x,,,
25/10/2012,CD Fado + Porzelanschale anläßlich einer Delegationsreise nach Portugal und Madrid,,x,,,x,
16/11/2012,Japanischer Fächer,x,,,,,
20/11/2012,Buch und es beginnt ein neues Leben,x,,,x,x,
20/11/2012,Buch Inklusive Schule,x,,,x,x,
20/11/2012,zwei kleine japanische Faltfächer,x,,x,,,
20/11/2012,Wandkalender (Poster) für das Jahr 2013 mit Werbeaufdruck ITSG,x,,x,,,
20/11/2012,Wandkalender (Poster) für das Jahr 2013 mit Werbeaufdruck ITSG,x,,x,,,
22/11/2012,Süßigkeiten für Mitarbeiterinnen von Vb1,x,,x,,,
26/11/2012,Magnet-Pin und ein Tuch,x,,,,x,
27/11/2012,Kommentar zum Betriebsrentengesetz mit Insolvenzsicherung und Versorgungsausgleich 5. Auflage,,x,,x,x,
4/12/2012,Tischkalender scharz Lufthansa,x,,x,,,
5/12/2012,BMW - Wochenplaner,x,,x,,,
5/12/2012,BMW - Wochenplaner,x,,x,,,
6/12/2012,Kalender,x,,x,,,
6/12/2012,"Kalender ""Schiffswelten 2013"" mit VDR-Logo",x,,x,,,
7/12/2012,Espressotasse von Ritzenhoff,x,,x,,,
11/12/2012,Kalender 2013,x,,x,,,
11/12/2012,"1 Flasche Rotwein (0,75 Liter)",x,,,,x,
12/12/2012,Kalender mit Weihnachtsgruß,x,,x,,,
12/12/2012,1 Flasche Rotwein,x,,x,,,
12/12/2012,Kick it und ein Vogelhäuschen,x,,,,x,
14/12/2012,"Doppel-CD ""The Very Best of Arvo Pärt""",x,,x,,,
14/12/2012,"Teelicht, klein",x,,x,,,
17/12/2012,Schachtel Pralinen,x,,x,,,
18/12/2012,3 Kalender A3-Format,x,,x,,,
18/12/2012,5 Kalender A3-Format,x,,x,,,
18/12/2012,"1 Flasche Wein, Burggräfler Meran rosé",x,,x,,,
19/12/2012,Weihnachtssüßigkeiten,x,,x,,,
21/12/2012,"DLR Wandkalender 2013 (Anlass: In Verbindung mit Glückwünschen, Weihnachten, neues Jahr)",x,,x,,,
21/12/2012,Flasche Wein als Weihnachtspräsent,x,,x,,,
2/1/2013,"Buch ""Tarifsammlung für die Bauwirtschaft 2012/2013""",,x,,x,x,
16/5/2013,Ausgabe der iW Trends,x,,x,,,
4/1/2013,Kunstkalender 2013,x,,x,,,
8/1/2013,Tischuhr (-wecker) in Form eines blauen Männchens,x,,,,x,
8/1/2013,"Taschenbuch (""Alte Liebe"", Elke Heidenreich/Bernd Schroeder, Fischer-Verlag)(Anlass: Weihnachten)",x,,x,,,
21/1/2013,Hello Kitty Handyanhänger und Umlaufmappe,x,,x,,,
21/1/2013,Hello Kitty Handyanhänger und Umlaufmappe,x,,x,,,
2/1/2013,"Kalender, Weihnachtsbaum, Briefmarken",x,,x,,,
10/1/2013,Wandkalender,x,,x,,,
30/1/2013,1 Flasche Wein 2007 Villa di Capezzana,x,,x,,,
31/1/2013,1 Flasche Wein,x,,x,,,
6/2/2013,10 Notizbücher mit Kugelschreiber und 5 Wandkalender (Poster),x,,x,,,
1/2/2013,Eintrittskarte für die CeBIT,,x,,x,,
14/2/2013,Bewirtung und Get-Together bei einer Veranstaltung,,x,,x,,
22/2/2013,2 Pralinenschachteln und eine kleine Holzarbeit,x,,x,,,
26/2/2013,Nachbildung des königlichen Schmucks aus Korea,,x,,,x,
4/3/2013,Vier bemalte Untersetzer aus Papier/Pappe,x,,x,,,
5/3/2013,Kugelschreiber mit BMAS-Gravur,x,,x,,,
8/3/2013,"Bild ""100 Jahre - 100 Bilder"" anlässlich 100 Jahre DBSV (auf Leinwand)",x,,,,x,
15/4/2013,Holzbild mit der Darstellung einer Bucht in Singapore,x,,x,,,
18/4/2013,Krawatte,x,,x,,,
24/5/2013,kleines Buch und Champagne Trüffel,x,,x,,,
24/5/2013,Champagne Trüffel,x,,x,,,
10/6/2013,Bildband Danzig,x,,x,,,
14/6/2013,Tarifsammlung für die Bauwirtschaft,,x,,x,x,
29/5/2013,"Broschüre ""Zukunft der Arbeitswelt""",x,,x,,,
26/6/2013,Bild aus Singapur,x,,x,,,
26/6/2013,"Buch ""Alles auf Anfang - Potraits von Menschen mit Schädelhirntrauma""",x,,x,,,
24/6/2013,Einladung zu einer Theaterveranstaltung,x,,,,,x
27/6/2013,2 Tassen von der CSU + Kaffee,x,,x,,,
17/6/2013,"Heft ""Deutschland in Zahlen 2013""",x,,x,,,
3/7/2013,Handfächer,x,,x,,,
4/7/2013,"Handyetui, CD, Poster",x,,x,,,
4/7/2013,Blechtellerchen,x,,x,,,
3/7/2013,"Einladung Festakt ""Mestemacher Preis Managerin des Jahres 2013""",,x,,x,,
25/6/2013,"Fachbuch: Ulrich Karpenstein, Praxis des EU-Rechts, 2. Aufl",,x,,x,x,
5/7/2013,Blumenstrauß,x,,x,,,
5/7/2013,koreanischer Handfächer aus Holz,x,,x,,,
5/7/2013,Handfächer,x,,x,,,
22/8/2013,"Buch ""Das hatte ich aber ganz anders verstanden…""",x,,x,,,
22/8/2013,"Buch ""Das schaff ich schon…""",x,,x,,,
9/6/2013,Reiseführer MERIAN aktiv Rhein-Neckar,x,,x,,,
4/9/2013,"Kugelschreiber, Teetasse, Teeei, Kaffeebecher, Schlüsselanhänger, USB-Stick",x,,x,,,
2/9/2013,Geschenkdose Leysieffer mit 8 Schokoladenpralinés,x,,x,,,
13/9/2013,Briefmarken in Glasfassung,x,,,,x,
6/9/2013,Glas mit Lavendelblüten (Geburtstag),x,,x,,,
13/9/2013,Belgische Pralinen,x,,x,,,
16/9/2013,1 Flasche Wein (Spätburgunder),x,,x,,,
20/9/2013,Krawatte mit Emblem der Dienststelle Schiffssicherheit,x,,x,,,
20/9/2013,Krawatte ,x,,x,,,
25/9/2013,"Buch ""Controlling Corruption in Europe""",x,, ,x,x,
8/10/2013,"Buch ""Praxishandbuch Gute Büroarbeit""",,x,,x,x,
11/10/2013,Frühstückstablet (schwedisches Souvenir),x,,x,,,
11/10/2013,Frühstückstablet (schwedisches Souvenir),x,,x,,,
16/10/2013,Kalener in Taschenbuchform,x,,x,,,
11/10/2013,Frühstückstablet (schwedisches Souvenir),x,,x,,,
16/10/2013,Frühstückstablet (schwedisches Souvenir),x,,x,,,
29/10/2013,Buch (vermutlich gebraucht),x,,x,,,
29/10/2013,Lesezeichen,x,,x,,,
29/10/2013,Briefbeschwerer,x,,x,,,
29/10/2013,"Nylontasche, Schlüsselanhänger und 8 DVDs vom Workshop",x,,x,,,
29/10/2013,"Ein ungefülltes Holzschminkkästchen, Photobuch, Schlüsselanhänger und Brieföffner",x,,x,,,
29/10/2013,Kugelschreiber und Anstecknadel,x,,x,,,
29/10/2013,Kravatte und Buch,x,,x,,,
24/10/2013,Begleitprogramm im Estrel zu einer Fachveranstaltung,,x,,x,,
31/10/2013,Teilnahme an der 7. CERTQUA-Branchenkonferenz am 14.11.2013,,x,,x,,
4/11/2013,Seidenkrawatte,x,,x,,,
4/11/2013,"Bewirtung, Mittagstisch",x,,x,,,
20/11/2013,Porzellanteller mit Moskaumotiv und Aufsteller,x,,x,,,
18/11/2013,USB-Stick u nd Visitenkartenetui,,x,,x,,
21/11/2013,Porzellanteller mit Moskaumotiv und Aufsteller,x,,x,,,
25/11/2013,Eine Flasche Weißwein,x,,x,,,
25/11/2013,Adventskalender gefüllt mit Schokolade,x,,x,,,
26/11/2013,Flasche Wein Barolo,x,,x,,,
25/11/2013,Dreimonatskalender (Wandkalender),x,,x,,,
29/11/2013,Wandkalender in Posterform,x,,x,,,
5/12/2013,Eine Krawatte und ein Wandkalender,x,,x,,,
2/12/2013,Tasse,x,,x,,,
3/12/2013,Pralinen,x,,x,,,
2/12/2013,Kleines Plätzchenförmchen (Sternform),x,,x,,,
4/12/2013,Wandkalender,x,,x,,,
5/12/2013,2 Müslischalen und 2 Servietten,x,,x,,,
4/12/2013,"Visitenkartenetui, Taschenspiegel",x,,x,,,
4/12/2013,Koreanisches Kochbuch,x,,x,,,
4/12/2013,"Seidentuch, Krawatte",x,,x,,,
5/12/2013,Mini-Kerze,x,,x,,,
6/12/2013,Kalender,x,,x,,,
9/12/2013,Jahreskalender Ikebana,x,,x,,,
10/12/2013,Jahreskalender Ikebana,x,,x,,,
11/12/2013,Buch,x,,x,,,
11/12/2013,4-Monats-Wandkalender,x,,x,,,
12/12/2013,Lebkuchenhaus,x,,x,,,
16/12/2013,"Taschenaufhänger, Rollerpen",x,,x,,,
16/12/2013,Kalender,x,,x,,,
16/12/2013,Kalender,x,,x,,,
17/12/2013,"1. Wandkalender (Maße ca. 30x40 cm). Wandkalender (Maße ca. 35x90 cm)",x,,x,,,
17/12/2013,1 Flasche Sekt,x,,x,,,
18/12/2013,Kalender,x,,x,,,
19/12/2013,"3 x Sekt, Pinot Sekt rosé trocken, 0,2 l im Präsentkarton",x,,x,,,
17/12/2013,Weihnachtskarte mit 4 Weihnachtsbriefmarken á 58 Cent mit Erstausgabetagsstempel vom 2.11.2013 abgestempelt.,x,,x,,,
19/12/2013,"Kalender der Grafik Werkstatt Bielefeld, Monatsanzeige, Format ca. DIN A5",x,,x,,,
16/12/2013,Märchenbuch,x,,x,,,
23/12/2013,"0,75 l Flasche Wein ""Meyer-Näkel"", Us de la Meng",x,,x,,,
20/12/2013,Kalender,x,,x,,,
23/12/2013,a) Adventskranz; b) Kalender; c) Erstausgabe-Briefmarken (entwertet),x,,x,,,
19/12/2013,Baumkuchen,x,,x,,,
19/12/2013,"Kleine Schatulle, Adventskalender der Post und Brief mit 4 Sonderbriefmarken á 0,58 €",x,,x,,,
19/12/2013,Kalender,x,,x,,,
16/12/2013,Kopfhörer,x,,x,,,
12/12/2013,"Fachbücher: ""Betriebliche Suchtprävention und Suchthilfe""und ""Sucht im Betrieb""",,x,,x,x,
17/12/2013,"Thermosflasche 0,7 l aus Edelstahl",x,,x,,,
14/3/2014,"Eine Schachtel Pralinen von Kraume ""Die Kleinen Leineweber"" (16er)",x,,x,,,
2/1/2014,Wandkalender (Ca. DIN A2),x,,x,,,
2/1/2014,1 Wandkalender 2014,x,,x,,,
6/1/2014,Buch,,x,,x,x,
6/1/2014,"1 Weihnachtsfigur aus Holz, 1 Küchenhandtuch",x,,x,,,
6/1/2014,"Rotwein, Montepulciano",x,,x,,,
7/1/2014,Kalender,x,,x,,,
7/1/2014,"2 Flaschen Weißwein, Weingut Corvers-Kauter",,x,,,x,
9/1/2014,Kalender,x,,x,,,
13/1/2014,"2 Stück Dreimonatskalender der Firma Schwendy, 1 Papierschreibunterlage A2 + 2 Tischkalender der Firma IGEFA",x,,x,,,
15/1/2014,Schlüsselanhänger,x,,x,,,
17/1/2014,1 Flasche Rotwein,x,,x,,,
17/1/2014,"Essenseinladung ""Ministry of Agriculture, Forestry and Fisheries of Japan - Washoku reception - Botschaft Japan vom 17.01.2014""",x,,x,,,
17/1/2014,"Essenseinladung ""Ministry of Agriculture, Forestry and Fisheries of Japan - Washoku reception - Botschaft Japan vom 17.01.2014""",x,,x,,,
21/1/2014,Tischkalender schwarz Lufthansa,x,,x,,,
21/1/2014,Flasche Schaumwein,x,,x,,,
30/1/2014,Kopfhörer - Weihnachtsgeschenk 2013,x,,x,,,
30/1/2014,Kopfhörer - Weihnachtsgeschenk 2013,x,,x,,,
30/1/2014,Kopfhörer - Weihnachtsgeschenk 2013,x,,x,,,
30/1/2014,Kopfhörer - Weihnachtsgeschenk 2013,x,,x,,,
30/1/2014,"Eine Schachtel Pralinen von Kraume ""Die kleinen Leineweber"" (16er)",x,,x,,,
30/1/2014,"Eine Schachtel Pralinen; Feodora ""Zarte Momente"" 500g",x,,x,,,
3/2/2014,Gutschein für ein Kaffee-Getränk,x,,,,,
12/2/2014,Kopfhörer - Weihnachtsgeschenk 2013,x,,x,,,
12/2/2014,Schlips,x,,x,,,
12/2/2014,Konferenzmappe,,x,,,x,
18/2/2014,Teilnahme an einem Essen im Hotel InterContinental Berlin zur Verleihung des Mestemacher Preises Spitzenvater des Jahres 2014 (Schirmherrschaft BMFSFJ),x,,x,,,
19/2/2014,"Honig, Honigbonbons",x,,x,,,
18/3/2014,Bilderrahmen,x,,x,,,
24/3/2014,Stirnlampe,,x,,,x,
25/3/2014,2 Flaschen Wein in einer Präsentschachtel,,x,,,x,
27/3/2014,Lindt-Pralinen,x,,x,,,
31/3/2014,Werksausgabe 10. Kopfgeburten oder die Deutschen sterben aus; ISBN: 9783882434910,x,,x,,,
7/4/2014,17 Pralinen in einer Schachtel,x,,x,,,
14/4/2014,"Kostenlose Teilnahme an der Fachtagung am 21.05.2014",,x,,x,,
15/4/2014,Konfekt,x,,x,,,
28/4/2014,Konfekt,x,,x,,,
12/5/2014,Zwei Mousepads aus Seide,,x,,,x,
15/5/2014,"Geschenkpaket (Nougat, Kaffeepulver, Kaffeetasse und Reiseführer aus Magdeburg)",x,,x,,,
19/5/2014,"""Cupola"" Espresso Sammeltasse Nr. 42",,x,,x,x,
20/5/2014,"Eine Flasche kanadischer Eiswein, ein kleines kanadisches Koch-Rezepte-Buch",x,,x,,,
23/5/2014,"Flasche Baden Spätburgunder Rotwein, Auggener Schäf eG",x,,x,,,
27/5/2014,Grubenlampe,,x,,x,x,
2/6/2014,Kaffeetasse,x,,x,,,
5/6/2014,"Buch ""Dachdecker wollte ich eh nicht werden"" von Raul Krauthausen",x,,x,,,
5/6/2014,"Teilnahme an der Veranstaltung: 25 Jahre ""Neues Handeln"" (Rahmenagentur des BMAS)",,x, ,x,,
12/6/2014,Kleine Schale/Teller 24 Karat vergoldet,,x,,,x,
13/6/2014,Jahrbuch des Landesarchivs Berlin 2013,,x,,,x,
25/6/2014,3 Gläser,x,,x,,,
27/6/2014,"Schokolade, Kaffee, Plüschspielzeug, Schlüsselanhänger, Kuli",x,,x,,,
27/6/2014,Mobiles USB-Akku Ladegerät,x,,x,,,
27/6/2014,Mobiles USB-Akku Ladegerät,x,,x,,,
27/6/2014,Mobiles USB-Akku Ladegerät,x,,x,,,
8/7/2014,Table Display für typische Makeups von Opersängern,,x,,,x,
10/7/2014,Pralinen,x,,x,,,
10/7/2014,Vase,x,,x,,,
10/7/2014,"2 Porzellan-Schlüsselanhänger, 1 Kalender aus Kunststoff zum Aufstellen in chinesischer Sprache",x,,,,x,
14/7/2014,"Kugelschreiber, Schlüsselband, USB-Stick (1 GB)",x,,x,,,
29/7/2014,"1) Krawatte, blau; 2) Deckelfigur Röhrenkanne, goldfarben; 3) Buch - Die keltische Fürstin von Reinheim; 4) Kohlestück ""Ibbenbürener Anthrazit""",,x,,,x,
31/7/2014,Tarifsammlung für die Bauwirtschaft,,x,,x,x,
4/8/2014,Damenschal aus Seide,,x,,,x,
15/8/2014,"Einladung Festakt ""Mestemacher Preis Managerin des Jahres 2014""",,x,,x,,
26/8/2014,Schreibblock,x,,x,,,
26/8/2014,Notizblock,x,,x,,,
8/9/2014,"Einladung Festakt ""Mestemacher Preis Managerin des Jahres 2014""",,x,,x,,
24/9/2014,Poloshirt,x,,x,,,
16/9/2014,Kugelschreiber mit BMAS-Gravur,x,,x,,,
6/10/2014,"Buch, BetrAVG, Luchterhand Taschenkommentare zum Betriebsrentengesetz mit Insolvenzsicherung und Versorgungsausgleich",,x,,x,x,
8/10/2014,"Pralinenmischung von Heilemann, 45 gr.",x,,x,,,
21/10/2014,"1.) Kaffeetasse mit Aufdruck Freistaat Sachsen 2.) Musik-CD des Staatsministeriums für Soziales und Verbraucherschutz Sachsen",x,,x,,,
9/10/2014,vierte Auflage des Corporate Health Jahrbuch 2014,,x,,x,x,
21/10/2014,Kommentar zum Betriebsrentenrecht mit Insolvenzsicherung und Versorgungsausgleich,,x,,x,x,
20/9/2014,Kommentar zum Betriebsrentengesetz,,x,,x,x,
20/9/2014,Kommentar zum Betriebsrentengesetz,,x,,x,x,
23/10/2014,Flasche Wein,x,,x,,,
15/10/2014,Kalender,x,,x,,,
24/10/2014,Schreibset,x,,x,,,
30/10/2014,Mini-Holzbank und Flasche Wein,x,,x,,,
4/11/2014,Taschentuch,x,,x,,,
6/11/2014,"Funkmaus, Kugelschreiber, Brieföffner",x,,x,,,
10/11/2014,DVD + Kunststoffarmringe,x,,x,,,
14/11/2014,Pralinen + Marmelade,x,,x,,,
19/11/2014,Flasche Sekt,x,,x,,,
17/9/2014,Champagner Moutard Brut Grand Cuvée,x,,x,,,
24/11/2014,Glaswürfel,x,,,,x,
24/11/2014,USB Stick 4 Gigabite,x,,x,,,
25/11/2014,"Geschenkebox (Wein, Süßigkeiten)",x,,x,,,
21/10/2014,Kommentar zum Betriebsrentengesetz,,x,,x,x,
14/11/2014,Adventskalender,x,,x,,,
2/12/2014,Adventskalender,x,,x,,,
3/12/2014,Adventskalender,x,,x,,,
5/12/2014,Kalender,x,,x,,,
8/12/2014,"Adventskalender NIKKUS Veranstaltungstechnik",x,,x,,,
9/12/2014,Annaberger Faltstern (Weihnachtsstern Erzgebirge),x,,x,,,
9/12/2014,Premium Elisen Schatulle von Lebkuchen Schmidt für mehrere Mitarbeiter,,x,x,,,
9/12/2014,CD-Best of Christmas (105.5 Spreeradio),x,,x,,,
9/12/2014,"Ezetil Keep Cool Professional Bottle Cooler, 1,5 l (Kühltasche für Getränkeflaschen)",x,,x,,,
9/12/2014,2 Weihnachtskalender,x,,x,,,
9/12/2014,Süßigkeiten,x,,x,,,
10/12/2014,Jahreskalender 2015,x,,x,,,
2/12/2014,"Konferenzmappe, Polo-Shirt, Basecap",,x,,,x,
11/12/2014,600g Köln Dom - Spekulatius Präsentbox,x,,x,,,
11/11/2014,"Broschüre ""Stichwort Kommentar Behindertenrecht""",,x,,x,x,
5/12/2014,3 Kalender Franz - Sales - Haus,x,,x,,,
9/12/2014,Süßigkeiten,x,,x,,,
11/12/2014,"Bewirtung im Allgemein üblichen und angemessenen Rahmen (Drei-Gang-Menü), zusammen mit Vertretern des BMI ",x,,x,,,
10/12/2014,1 Flasche Wein,x,,x,,,
2/12/2014,Kalender Kirgisistan 2015,x,,x, ,, 
12/12/2014,"Praxisbuch ""Inklusion Vielfalt Gestalten""",,x,,x,x,
11/12/2014,Packung mit 4 Pralienen und Informationsbroschüre,x,,x,,,
5/12/2014,Adventskalender,x,,x,,,
16/12/2014,4 Pralinen,x,,x,,,
17/12/2014,Wandkalender (30x40 cm),x,,x,,,
17/12/2014,Wandkalender (35x90 cm),x,,x,,,
17/12/2014,Wandkalender (35x40 cm),x,,x,,,
17/12/2014,"Alutrinkflasche für das Fahrrad, 0,6 l, Marke Sigg, mit Werbedruck der schweizerischen Botschaft",x,,x,,,
17/12/2014,CD,x,,x,,,
18/12/2014,Tütchen Lebkuchen-Gewürzmischung (2 Gramm),x,,x,,,
16/12/2014,Flasche Wein,x,,x,,,
19/12/2014,Taschenkalender,x,,x,,,
30/12/2014,Wandkalender (ca. DINA2),x,,x,,,
18/12/2014,"0,75l Sektflaschee (Marke Arthur Metz, Crement dálsace)",x,,x,,,
22/12/2014,Wandkalender,x,,x,,,
22/12/2014,Kalender,x,,x,,,
30/12/2014,Feinster Nürnberger Elisen-Lebkuchen,x,,x,,,
29/12/2014,Wandkalender,x,,x,,,
23/12/2014,Adventskranz,x,,x,,,
23/12/2014,Kalender,x,,x,,,
5/1/2015,"Schwarzwälder Schinken, 450 g",x,,x,,,
5/1/2015,"Dose Pralinen, Lindt",x,,x,,,
5/1/2015,Jahreskalender 2015 DIN A5,x,,x,,,
6/1/2015,Eine Schachtel Pralinen,x,,x,,,
6/1/2015,"Ein Buch ""Gute Arbeit; Ausgabe 2015""",,x,,,x,
12/1/2015,Wandkalender 2015 in Posterform,x,,x,,,
9/1/2015,Wandkalender DIN A3,x,,x,,,
20/1/2015,"Tasse, Schlüsselanhänger, Leuchtband für Fahrrad",x,,x,,,
7/1/2015,"Weihnachtspräsent, bestehend aus 1 Tafel Schokolade und 1 Handwärmer",x,,x,,,
18/2/2015,Kalender,x,,x,,,
14/1/2015,Einladung Symposium der Tarifvertragsparteien der Bauwirtschaft mit Abendessen,,x,,x,,
24/2/2015,"Buch ""The Symphony of Siveryanska Land"" bestickter Tischläufer",x,,x,,,
12/3/2015,Einladung zum Mittagessen,x,,x,,,
12/3/2015,Einladung zum Mittagessen,x,,x,,,
12/3/2015,Einladung zum Mittagessen,x,,x,,,
16/3/2015,Einladung zum Mittagessen,x,,x,,,
26/3/2015,Flasche Baden Kreisler Diedesheimer Herzogsberg Auxerrois 2013,x,,x,,,
7/4/2015,Handtuch,x,,x,,,
22/4/2015,Kugelschreiber,x,,x,,,
18/5/2015,Abenddinner & Get-together im Porsche Museum,,x,,x,,
6/5/2015,"1x Flasche Ellmendinger Keulebuckel, Schwarzriesling, Kabinett, trocken, 2013",x,,x,,,
7/5/2015,"Süßigkeiten (Frustschutzbärchen, Gute Laune Drops, Nervennahrung von Hussel)",x,,x,,,
6/5/2015,Einladung zum Mittagessen,,x,,x,,
3/6/2015,Buch 'ADHS aus Sicht einer betroffenen Familie',x,,,x,x,
11/6/2015,"Musikkalender, kleine Kopfhörer, kleiner Stoffbeutel",x,,x,,,
18/6/2015,Blumenstrauß,x,,x,,,
17/6/2015,1x Flasche Prosecco,x,,x,,,
23/6/2015,Buch 'Geht alles gar nicht',x,,x,,,
19/6/2015,"Teilnahme an der Verleihung des Mestemacher Preises ""Managerin des Jahres 2015"" im Hotel Adlon Berlin mit Einladung zum Mittagessen",,x,,x,,
26/6/2015,Stiftehalter,x,,x,,,
29/6/2015,"Buch über das Reisen, Koffergurt, Kofferanhänger als Namensschild",x,,x,,,
1/7/2015,"Balsamico-Öl, handgefertigte Kerze",x,,x,,,
2/7/2015,Thomas Espresso-Set (3 tlg.) Sunny Day New-Red,,x,,x,x,
8/7/2015,"Buch BMW Art Cars, Hatje Cantz",,x,,,x,
28/7/2015,Modell Fregatte Klasse 125,,x,,,x,
31/7/2015,"Kuscheltier, Handseife",x,,x,,,
31/7/2015,Thermoskanne,x,,x,,,
6/8/2015,USB Stick (4 GB),x,,x,,,
28/7/2015,Bildband Blohm+Voss Beautifully Engineered,,x,,x,x,
30/7/2015,Bildband Blohm+Voss Beautifully Engineered,,x,,x,x,
28/7/2015,Modell Airbus A320,,x,,x,x,
28/7/2015,Modell klein Airbus A320 neo,,x,,x,x,
28/7/2015,"Schlüsselband, Airbus Travel Adapter",x,,x,,,
30/7/2015,Modell klein Airbus A320 neo,,x,,x,x,
30/7/2015,"Schlüsselband, Airbus Travel Adapter, Beutel",x,,x,,,
28/7/2015,Modell klein Airbus A320 neo,,x,,,x,
28/7/2015,"Schlüsselband, Airbus Travel Adapter",x,,x,,,
24/8/2015,kleine Tischuhr (als Werbegeschenk),x,,,,x,
31/8/2015,Schmuckteller in Samtschatulle,,x,,,x,
1/9/2015,Einladung zur Teilnahme an der 23. Preisverleihung des Deutschen Wirtschaftsbeirates als Mitglied des Messebeirats,,x,,x,,
15/9/2015,2x Kalender 2016 mit Tipps zum Thema Gesundheit,x,,x,,,
24/9/2015,"Visitenkartenbox, Schlüsselanhänger",x,,x,,,
23/9/2015,"Visitenkartenbox, Schlüsselanhänger",x,,x,,,
24/9/2015,Krawatte mit Motiv des finnischen Regierungsgebäudes,x,,x,,,
25/9/2015,Kosmetik-Handset für Männer,x,,x,,,
28/9/2015,Kosmetik-Handset für Männer,x,,x,,,
24/9/2015,Halstuch,x,,x,,,
17/9/2015,"Teilnahme an der Verleihung des Mestemacher Preises ""Managerin des Jahres 2015"" im Hotel Adlon Berlin mit Einladung zum Mittagessen",,x,,x,,
2/10/2015,"Quartett (Spielkarten) ""QuarTED"" (Karten mit Inhalten zur Vergaberechtsreform)",x,,x,,,
13/10/2015,Fotorahmen aus Plastik und Papier,x,,x,,,
14/10/2015,"Buch ""Wild und köstlich""",x,,x,,,
23/10/2015,"1 Flasche Wein Les Trois Tomates 0,75 l",x,,x,,,
20/10/2015,"Schreibblock, Seidenschal",x,,x,,,
22/10/2015,1 Kasten Gebäck (250g),x,,x,,,
22/10/2015,1 Kasten Gebäck (250g),x,,x,,,
28/10/2015,"Tischaufsteller ""Help Age India""",x,,x,,,
2/11/2015,kleiner Bilderrahmen,x,,x,,,
4/11/2015,Eintrittkarten für PASS Late Year Benefiz mit Ute Lemper am 28.11.2015 in der Alten Oper in Frankfurt am Main,,x,,,,x
6/11/2015,Einladung zum Abendessen,,x,,x,,
26/11/2015,"Keramiktopf mit Lakritz, Kekse, Käse",x,,x,,,
26/11/2015,"Steinguttopf mit Lakritze, kleine Packung Kekse, eiine Käseecke (250g)",x,,x,,,
1/12/2015,Adventskalender (Schokolade),x,,x,,,
1/12/2015,Adventskalender (Schokolade),x,,x,,,
2/12/2015,"100g Pecans, 100g Kaffee",x,,x,,,
2/12/2015,Reisewecker,x,,x,,,
3/12/2015,Adventskalender,x,,x,,,
3/12/2015,2 Packungen Pekannüsse,x,,x,,,
3/12/2015,Lindt-Adventskalender,x,,x,,,
3/12/2015,Glas Honig (250g),x,,x,,,
3/12/2015,Ladegerät für Smartphones,x,,x,,,
3/12/2015,Ladegerät für Smartphones,x,,x,,,
3/12/2015,Ladegerät für Smartphones,x,,x,,,
3/12/2015,Packung Pekannüsse,x,,x,,,
3/12/2015,Packung Pekannüsse,x,,x,,,
3/12/2015,Ladegerät für mobile Geräte,x,,x,,,
27/11/2015,Adventskalender (Schokolade),x,,x,,,
30/11/2015,Adventskalender (Schokolade),x,,x,,,
27/11/2015,Adventskalender (Schokolade),x,,x,,,
27/11/2015,Adventskalender (Schokolade),x,,x,,,
20/11/2015,Adventskalender (Schokolade),x,,x,,,
23/11/2015,folkloristisches Oberhemd,x,,x,,,
20/11/2015,Adventskalender (Schokolade),x,,x,,,
8/12/2015,2 Tüten gebrannte Mandeln,x,,x,,,
16/12/2015,Adventskalender (Schokolade),x,,x,,,
15/12/2015,Ikebana Kalender,x,,x,,,
15/12/2015,"Mandeln, Schokolade",x,,x,,,
14/12/2015,Tischkalender,x,,x,,,
10/12/2015,Tischkalender,x,,x,,,
16/12/2015,Glas mit selbstgebackenen Keksen,x,,x,,,
17/11/2015,Wanduhr,,x,,,x,
11/11/2015,Präsentkorb,x,,x,,,
4/12/2015,1 Holzkiste Plantagen Schokolade,x,,x,,,
7/12/2015,CD Best of Christmas 4,x,,x,,,
8/12/2015,Adventskalender (Schokolade),x,,x,,,
8/12/2015,"Bewirtung mit 1 Glas Wasser, 1 Schnittchen",x,,x,,,
17/12/2015,Box mit Schokoladenpralinen,x,,x,,,
18/12/2015,"1 Dresdner Christstollen, 1 Marzipanstollen, 2 Eilles Gourmet Café für mehrere Mitarbeiter",,x,x,,,
18/12/2015,2 Flaschen Wein (ohne genauere Beschreibung),x,,x,,,
18/12/2015,Men's Kit Reiseset für Männer,x,,,,x,
18/12/2015,Bilderrahmen,x,,,,x,
16/12/2015,Adventskalender (Schokolade),x,,x,,,
22/12/2015,Ukrainischer Teller,x,,,,x,
23/12/2015,"Wandkalender, 2 Untersetzer",x,,x,,,
18/12/2015,kleines Mokka-Set nebst Dekoteller aus Sarajewo,x,,,,x,
18/12/2015,Kalender,x,,x,,,
3/12/2015,Einladung zum Neujahrskonzert,,x,,,,x
18/11/2015,"Tischkalender, 50 Stück Servietten, Schreibunterlage aus Papier, Wandkalender (4 Monate)",x,,x,,,
22/12/2015,Wandkalender,x,,x,,,
22/12/2015,USB Stick  ,x,,x,,,
23/12/2015,"Präsentkorb (Marmelade, Schokolade)",x,,x,,,
28/12/2015,kleine Schreibtischlampe,x,,x,,,
30/12/2015,Kelender 2016,x,,x,,,
4/1/2016,Wandkalender 2016,x,,x,,,
4/1/2016,Niedegger Marzipansortiment,x,,x,,,
6/1/2016,echter Dresdner Christstollen,x,,x,,,
7/1/2016,Kalender,x,,x,,,
11/1/2016,Geschenkpackung mit gebrannten Mandeln,x,,x,,,
11/1/2016,Geschenkpackung mit gebrannten Mandeln,x,,x,,,
12/1/2016,Kalender,x,,x,,,
14/1/2016,Wandkalender 2016,x,,x,,,
18/1/2016,Taschenlampe mit USB Anschluss,x,,x,,,
20/1/2016,"Einladung zum Festakt 11. Preisverleihung des ""Mestemacher Preises Spitzenvater des Jahres"" im Hotel InterContinental",,x,,x,,
1/2/2016,"Pralinen von Milka ""kleines Dankeschön""",x,,x,,,
28/1/2016,T-Shirt,x,,x,,,
4/2/2016,Wandkalender 2016,x,,x,,,
16/2/2016,Blumenstrauß,x, ,x,,,
16/2/2016,"Gutschein über 50,- € für das Liquidrom in Berlin",,x,,,,x
18/2/2016,1 Flasche Wambsganss 2014er (Wein),x,,x,,,