06.01.2014,Zentrale,Tischdecke,"","Lager
Geschenke"
"","","","",""
07.01.2014,Zentrale,Armbanduhr Raidillon,mind. 1.400,Tresor
"","","","",""
08.01.2014,Zentrale,Skulptur,"","Lager
Geschenke"
"","","","",""
08.01.2014,Zentrale,"Bogen Pyramide Christi Geburt
(Weihnachtspyramide)","","Lager
Geschenke"
"","","","",""
15.02.2012,Zentrale,"2 Anstecknadeln mit AGO
Flagge/Emblem","","Lager
Geschenke"
"","","","",""
Dez 2012,Zentrale,"3 DVDs ""Schumann at Pier 2""","","Lager
Geschenke"
"","","","",""
Dez 2012,Zentrale,"CD/DVD 
? 
""Musical Tribute to
the King""","","Lager
Geschenke"
"","","","",""
09.07.2013,Zentrale,"Teeservice für 2 Personen,
Postkarte (Nature of Kazakhstan)","","Lager
Geschenke"
"","","","",""
15.07.2013,Zentrale,Messing-Kännchen mit Vogelkopf,"","Lager
Geschenke"
"","","","",""
24.10.2013,Zentrale,"Kristall-? Stein; silberne Brosche
(Blume) mit braunem Stein in der
Mitte","","Lager
Geschenke"
"","","","",""
03.12.2013,Zentrale,"Bild 
Skyline von Singapur, aus
Holz gefertigt)","","Lager
Geschenke"
"","","","",""
13.12.2013,Zentrale,"silberne Dose 
viereckig 
mit
Pflanzenmuster","","Lager
Geschenke"
"","","","",""
19.12.2013,Zentrale,blau-weiße Porzellandose (rund),"","Lager
Geschenke"
"","","","",""
20.12.2013,Zentrale,"bestickter Mantel und Buch
""Gerettete Schätze Afghanistan -
Die Sammlung des
Nationalmuseums in Kabul""","","Lager
Geschenke"
"","","","",""
23.12.2013,Zentrale,"zwei Heiligenbilder auf Holz gr.
und kl.)","","Lager
Geschenke"
"","","","",""
Dez 2013,Zentrale,Hermès-Tuch,"","Lager
Geschenke"
"","","","",""
Dez 2013,Zentrale,Roeckl-Tuch,"","Lager
Geschenke"
"","","","",""
"","","","",""
Dez 2013,Zentrale,"Kettenanhänger 
silber 
mit Achat-
Stein","","Lager
Geschenke"
"","","","",""
Dez 2013,Zentrale,"hölzernes Tablett 
viereckig,
geschnitzt, mit Glasplatte)","","Lager
Geschenke"
"","","","",""
Dez 2013,Zentrale,KPM-Bär (Käse),"","Lager
Geschenke"
"","","","",""
Dez 2013,Zentrale,Adagio-Tuch,"","Lager
Geschenke"
"","","","",""
Dez 2013,Zentrale,"Buch ""Brasilia - Von der Utopie
zur Hauptstadt""","","Lager
Geschenke"
"","","","",""
Dez 2013,Zentrale,Kerzenständer,"","Lager
Geschenke"
"","","","",""
Dez 2013,Zentrale,"Siebdruck ""Stern von
Bethlehehm"" (Künstlerin: Kitty
Kahane)","","Lager
Geschenke"
"","","","",""
Dez 2013,Zentrale,"bunt gemusterte Porzellan-Dose
(Narai Phand) DEFEKT","","Lager
Geschenke"
"","","","",""
2013,Zentrale,Deutsche Welle-Tuch,"","Lager
Geschenke"
"","","","",""
2013,Zentrale,"3 DVDs ""The Colón Ring""","","Lager
Geschenke"
"","","","",""
02.06.2006,Zentrale,"Rote Glasvase mit goldener
Bemalung, Höhe 20cm","","Lager
Geschenke"
"","","","",""
13.01.2014,Zentrale,"kleines Silbergefäß ""Kantharos""","","Lager
Geschenke"
"","","","",""
13.01.2014,Zentrale,Hellas Gravuren,"","Lager
Geschenke"
"","","","",""
13.01.2014,Zentrale,"Bild 
(bunte Farben,viergeteilt)","","Lager
Geschenke"
"","","","",""
16.01.2014,Zentrale,"Kugelschreiber von Hazorfim
personale","","Lager
Geschenke"
"","","","",""
16.01.2014,Zentrale,"Bild aus Perlmutt ""Olive Tree from
Palestine""","","Lager
Geschenke"
"","","","",""
???,Zentrale,Modell einer arabischen Dhau,"","311-RL, Raum
4.1.09"
"","","","",""
"",Zentrale,"hölzernes Modell Borobudur
Temple","",Lager 5.0.10
"","","","",""
03.02.2014,Zentrale,Krawatte Martha´s vineyard,"","Lager
Geschenke"
"","","","",""
05.02.2014,Zentrale,goldene Vase aus Glas/Kupfer,"","Lager
Geschenke"
07.02.2014,Zentrale,"Kristallschale mit Deckel von
Tiffany&Co","","Lager
Geschenke"
11.02.2014,Zentrale,Schale aus Lapislazuli,"","Lager
Geschenke"
11.02.2014,Zentrale,Vase aus Lapislazuli,"","Lager
Geschenke"
11.02.2014,Zentrale,"Briefbeschwerer mit Schriftzug
der AFG Nationalpolizei","","Lager
Geschenke"
11.02.2014,Zentrale,Schale aus Lapislazuli,"","Lager
Geschenke"
12.02.2014,Zentrale,"Stoffdruckstempel mit
Blütenmuster","","Lager
Geschenke"
17.02.2014,Zentrale,Bemalte Schatulle,"","Lager
Geschenke"
30.01.2014,Zentrale,"Bilderrahmen mit arabischem
Namensschriftzug","",Verbleib BM
22.01.2014,Zentrale,"Karaffe Glas/Silber Christofle
Paris","",Verbleib BM
05.02.2014,Zentrale,glasiertes Tongefäß,"",Verbleib BM
13.12.2013,Zentrale,"thailändische Porellandose mit
Deckel","","Lager
Geschenke"
09.12.2013,Zentrale,Alabasterdose,"","Lager
Geschenke"
17.02.2014,Zentrale,Krawatte von Hermès,"","Lager
Geschenke"
18.10.2013,"Botschaft
Peking",Seidentuch,"","Lager
Geschenke"
13.03.2014,Zentrale,Tuch,"","Lager
Geschenke"
09.12.2013,"Botschaft
Peking","kleines Schmuckstück (Spielzeug
aus Silber)","","Lager
Geschenke"
11.09.2013,"Botschaft
Peking","Münzsammlung Jugendolympiade
Nanjing 2014","","Lager
Geschenke"
17.01.2014,Zentrale,Duftset Dolce & Gabbana,"","Lager
Geschenke"
17.01.2014,Zentrale,Krawatte von Hermès,"","Lager
Geschenke"
"","","","",""
17.01.2014,Zentrale,"2 Krawatten Louis Vuitton, 1
Krawatte Cadini (Teile I,II,III)","","Lager
Geschenke"
"","","","",""
17.01.2014,Zentrale,"1 Krawatte Louis Vuitton, 1
Krawatte Gucci (Teile I,II)","","Lager
Geschenke"
"","","","",""
14.03.2014,"Botschaft
Prag",Herrenhut Borsalino,225,"Lager
Geschenke"
13.03.2014,Zentrale,Fotokalender USA für 2014,"","BM im Ref. 115
aufgehangen"
28.10.2013,Zentrale,"Seidenschal der Marke Mar a
Kurki","","Lager
Geschenke"
"","","","",""
21.10.2013,Zentrale,"Herrenarmbanduhr ""Treviso"" von
Aigner",ca. 100,"Lager
Geschenke"
"","","","",""
17.01.2014,"Botschaft
Prag",Manschettenknöpfe,"","Lager
Geschenke"
"","","","",""
03.03.2014,Zentrale,Schreibset der Marke Ferraghini,ca. 35,"Lager
Geschenke"
"","","","",""
03.03.2014,Zentrale,Deko Wandteller silber,"","Lager
Geschenke"
"","","","",""
03.03.2014,Zentrale,kleiner Kelimteppich,"","Lager
Geschenke"
"","","","",""
26.03.2014,????,Metallbild der Lebanese Army,"","Lager
Geschenke"
"","","","",""
28.02.2014,Zentrale,Kalligraphie,"","Lager
Geschenke"
"","","","",""
03.03.2014,Zentrale,Vase,"","Lager
Geschenke"
"","","","",""
03.03.2014,Zentrale,Holzschatulle,"","Lager
Geschenke"
"","","","",""
03.03.2014,Zentrale,Manschettenknöpfe,"","Lager
Geschenke"
"","","","",""
12.03.2014,Zentrale,Adler aus Silber,"","Lager
Geschenke"
"","","","",""
12.03.2014,Zentrale,Manschettenknöpfe,"","Lager
Geschenke"
"","","","",""
20.03.2014,Zentrale,gerahmtes Bild,"","Lager
Geschenke"
"","","","",""
20.03.2014,Zentrale,Stickerei,"","Lager
Geschenke"
"","","","",""
25.03.2014,Zentrale,Bild,"","Lager
Geschenke"
"","","","",""
25.02.2014,Zentrale,Tonbild,"","Lager
Geschenke"
"","","","",""
25.03.2014,Zentrale,"Trikot ""All Blacks""","","Lager
Geschenke"
"","","","",""
29.03.2014,Zentrale,gerahmtes Bild Elefant,"","Lager
Geschenke"
"","","","",""
29.03.2014,Zentrale,"goldener Wandteller ""African
Union""","","Lager
Geschenke"
"","","","",""
29.03.2014,Zentrale,"Gerahmtes Bild ""traditionelles
ETH Kaffeezeremonie""","","Lager
Geschenke"
"","","","",""
29.03.2014,Zentrale,Figur Trommler aus Bronze,"","Verbleib
Vorzimmer BM"
"","","","",""
31.03.2014,Zentrale,Maske aus Holz und Metall,"",Verbleib BM
"","","","",""
31.03.2014,Zentrale,Chinesisches Teeservice,"","Lager
Geschenke"
"","","","",""
02.04.2014,Zentrale,Manschettenknöpfe,"","Lager
Geschenke"
"","","","",""
03.04.2014,Zentrale,Teeservice,"","Lager
Geschenke"
"","","","",""
03.04.2014,Zentrale,Goethes Wasserglas,"","Lager
Geschenke"
"","","","",""
01.04.2014,Zentrale,"Kupfermünzen mit Prägung ""Irak""","","Lager
Geschenke"
"","","","",""
01.04.2014,Zentrale,gewebter Tischläufer,"","Lager
Geschenke"
"","","","",""
01.04.2014,Zentrale,Plakette,"","Lager
Geschenke"
"","","","",""
08.04.2014,Zentrale,Holzskulptur,"","Lager
Geschenke"
"","","","",""
10.04.2014,Zentrale,Silberdose,"","Lager
Geschenke"
"","","","",""
16.04.2014,Zentrale,"Paper-Cut Schriftrolle in CHN
Schrift","","Lager
Geschenke"
"","","","",""
16.04.2014,Zentrale,Kirschblüten in Glasbehältnis,"","Lager
Geschenke"
"","","","",""
16.04.2014,Zentrale,Origami-Kranich aus Kupfer,"","Lager
Geschenke"
"","","","",""
"","","","",""
25.04.2014,Zentrale,"Lackkunst-Holzschatulle von Iyo
Sakurai Lacquer Hall","","Lager
Geschenke"
"","","","",""
28.04.2014,Zentrale,"Bild aus buntem Stein im
Holzrahmen","","Lager
Geschenke"
"","","","",""
28.04.2014,Zentrale,"Bild gerahmt ""Winter in Svaneti""
von Kate Meskhi","","Lager
Geschenke"
"","","","",""
28.04.2014,Zentrale,Räuchergefäß,"","Lager
Geschenke"
"","","","",""
16.05.2014,Zentrale,"Bild aus Keramik im Holzrahmen
""Odessa 1794""","","Lager
Geschenke"
"","","","",""
21.05.2014,Zentrale,"gold- und silberfarbenes Schiff
zum 50-jährigen Bestehen
diplomatischer Beziehungen
zwischen KWT und DEU","","Lager
Geschenke"
"","","","",""
21.05.2014,Zentrale,"Medaille zum 50- ährigen
Bestehen diplomatischer
Beziehungen zwischen KWT und
DEU","","Lager
Geschenke"
"","","","",""
02.06.2014,Zentrale,Bild aus Kuhleder im Holzrahmen,"","Lager
Geschenke"
"","","","",""
04.06.2014,Zentrale,"Vase ""Musician""","",BM VZ
"","","","",""
04.06.2014,Zentrale,"Besteckservice ""Haddad""","","Lager
Geschenke"
"","","","",""
04.06.2014,Zentrale,Goldfarbenes Modelschiff,"",Büro 010-6
"","","","",""
04.06.2014,Zentrale,"Tariq Bin Ziad Independent
Secondary School For Boys
Medaille im Holzrahmen","","Lager
Geschenke"
"","","","",""
04.06.2014,Zentrale,Wind Tower Miniatur Katar,"",Büro 010-6
"","","","",""
04.06.2014,Zentrale,Buddy Bear,"",BM VZ
"","","","",""
05.06.2014,Zentrale,"Briefbeschwerer mit Schriftzug
der AFG Nationalpolizei","",Büro 010-6
"","","","",""
12.06.2014,Zentrale,Abbildung Sheihk Zayed Mosque,"","Lager
Geschenke"
"","","","",""
17.06.2014,Zentrale,Landschaftsgemälde mit Rahmen,"","Lager
Geschenke"
"","","","",""
17.06.2014,Zentrale,schwarze Schnitzerei,"","Lager
Geschenke"
"","","","",""
17.06.2014,Zentrale,Holzschatulle mit Münzen,"","Lager
Geschenke"
"","","","",""
"","","","",""
24.06.2014,Zentrale,"wertvolle Herrenarmbanduhr der
Marke Longines","","Lager
Geschenke"
"","","","",""
17.06.2014,Zentrale,Glasschale,"","Lager
Geschenke"
"","","","",""
16.04.2014,Zentrale,dekorativer (Wand-)-Teller,"","Lager
Geschenke"
"","","","",""
19.06.2014,Zentrale,"hochpreisige Armbanduhr
(TAGHeuer)","","Lager
Geschenke"
"","","","",""
19.06.2014,Zentrale,"hochpreisige Armbanduhr
(Baume&Mercier)","","Lager
Geschenke"
"","","","",""
24.06.2014,Zentrale,"wertvolle Uhr, Sonderedition von
Tissot","","Lager
Geschenke"
"","","","",""
17.06.2014,Zentrale,"Mini Tomato der Fa. Click and
Grow","","Lager
Geschenke"
"","","","",""
05.06.2008,Zentrale,Elefantenskulptur Kupferlegierung,"","Lager
Geschenke"
"","","","",""
19.06.2014,Zentrale,"Bilderrahmen mit Teekanne und
Tasse","","Lager
Geschenke"
"","","","",""
29.06.2014,Zentrale,Metallwimpel,"","Lager
Geschenke"
"","","","",""
29.06.2014,Zentrale,Gedenkmünze,"","Lager
Geschenke"
"","","","",""
30.06.2014,Zentrale,"Plakette anl. Achtelfinale Fußball-
WM 2014","","Lager
Geschenke"
"","","","",""
06.07.2014,Zentrale,Mongolische Pferdekopfpfeife,"",Büro 010-6
"","","","",""
06.07.2014,Zentrale,"""Credential Tablet"" goldfarben","","Lager
Geschenke"
"","","","",""
14.07.2014,Zentrale,"Silberabbildung Jerusalem im
braunem Rahmen","","Lager
Geschenke"
"","","","",""
14.07.2014,Zentrale,"""Das letzte Abendmahl"" in
Perlmutrahmen","","Lager
Geschenke"
"","","","",""
18.02.2014,Zentrale,zwei Bücher über Quatar,"","Lager
Geschenke"
"","","","",""
25.02.2014,Zentrale,Bildband Tunesien,"","Lager
Geschenke"
"","","","",""
???,Zentrale,Teetasse,"","Lager
Geschenke"
"","","","",""
19.03.2014,Zentrale,Skulptur dunkles Holz,"","Lager
Geschenke"
"","","","",""
26.06.2014,Zentrale,Bildband,"","Lager
Geschenke"
"","","","",""
"","","","",""
20.05.2014,Zentrale,Schale aus Porzellan,"","Lager
Geschenke"
"","","","",""
21.05.2014,Zentrale,zwei Münzen,"","Lager
Geschenke"
"","","","",""
01.06.2014,Zentrale,Münze,"","Lager
Geschenke"
"","","","",""
24.07.2014,Zentrale,Bild,"","Lager
Geschenke"
"","","","",""
30.07.2014,Zentrale,Skulptur goldfarben,"","Lager
Geschenke"
"","","","",""
???,Zentrale,Vase,"","Lager
Geschenke"
"","","","",""
???,Zentrale,"Buch und CDs Traumreise durch
Thailand","","Lager
Geschenke"
"","","","",""
???,Zentrale,Schale Porzellan,"","Lager
Geschenke"
"","","","",""
29.01.2014,Zentrale,Vase aus Porzellan,"","Lager
Geschenke"
"","","","",""
Feb 2014,Zentrale,"Silberarbeit hinter Glas, gerahmt","","Lager
Geschenke"
"","","","",""
06.08.2014,Zentrale,"Wandteller Hand made, Enamel
Work, Material: Copper)","","Lager
Geschenke"
"","","","",""
17.07.2014,Zentrale,Tisch-Glocke,"",Büro 010-6
"","","","",""
17.07.2014,Zentrale,Manschettenknöpfe Silber-S&B,"","Lager
Geschenke"
"","","","",""
17.07.2014,Zentrale,bunt bemalte Ton-Flöte,"","Lager
Geschenke"
"","","","",""
17.07.2014,Zentrale,"Keramik-Wandteller mit Totenkopf
Motiv","","Lager
Geschenke"
"","","","",""
17.07.2014,Zentrale,Schachspiel,"","Lager
Geschenke"
"","","","",""
17.07.2014,Zentrale,"Silbermedaille, 48mm","","Lager
Geschenke"
"","","","",""
28.08.2014,Zentrale,"Pferd, Silber, auf Sockel","",Büro 010-6
"","","","",""
31.08.2014,Zentrale,"Holzschiff, im Glasrahmen","","Lager
Geschenke"
"","","","",""
16.05.2006,Zentrale,"Aktie 60 Francs Panamakanal
Titre provisoire de 1889 No.
0591229 Gerahmt, 47x43cm","","Lager
Geschenke"
"","","","",""
16.01.2013,Zentrale,"Gemälde ""Porte de Chef"" -
N´Guessan Essah Marcel","","Lager
Geschenke"
"","","","",""
"","","","",""
1996 ???,???,"silberner Teller; Ehrenpreis für 34.
Internationaler NRW-Fußball-Cup","","Lager
Geschenke"
"","","","",""
16.09.2014,Zentrale,"Herrenarmbanduhr Bulgari,
Aumatic mit schwarzem
Lederband","",Tresor
"","","","",""
16.09.2014,Zentrale,"Herrenarmbanduhr Rolex, Modell
Oyster Perpetual Datejust,
Edelstahl",ca. 4.400,Tresor
"","","","",""
01.09.2014,Zentrale,"Obstschale, Perlmutt","",BM-VZ
"","","","",""
06.09.2014,Zentrale,"Wandteller, Holz/Kupfer, Pfau","","Lager
Geschenke"
"","","","",""
06.09.2014,Zentrale,"2 Kerzenständer, Iapislazuli/gold","","Lager
Geschenke"
"","","","",""
06.09.2014,Zentrale,"5armiger Kerzenständer,
labpislazuli/gold","","Lager
Geschenke"
"","","","",""
17.09.2014,Zentrale,"silbernes Pferd auf goldenem
Sockel","","Lager
Geschenke"
"","","","",""
18.09.2014,Zentrale,"Schale, in Form eines
Tabakblatts, Leder/Holz","","Lager
Geschenke"
"","","","",""
18.09.2014,Zentrale,Silberschale mit Deckel,"","Lager
Geschenke"
"","","","",""
04.09.2014,Zentrale,"Druck ""Celtic approach""","","Lager
Geschenke"
"","","","",""
14.09.2014,Zentrale,"Pferdefuß, Silber","","Lager
Geschenke"
"","","","",""
30.09.2014,Zentrale,handgefertigte Schale aus Tabak,"","Lager
Geschenke"
"","","","",""
30.09.2014,Zentrale,Perlmutt-Teller,"","Lager
Geschenke"
"","","","",""
30.09.2014,Zentrale,"Glassockel mit Inschrift ""Als Dank
für Ihren Beitrag zur Saudi
Arabischen Kulturwoche""","","Lager
Geschenke"
"","","","",""
30.09.2014,Zentrale,"Silberteller, 20cm Durchmesser","","Lager
Geschenke"
"","","","",""
"","","","",""
12.10.2014,Zentrale,"Wandteller ""Gulf Research
Center"" silber","","Lager
Geschenke"
"","","","",""
14.10.2014,Zentrale,"Teeservice, (Kupfer, vergoldet)","","Lager
Geschenke"
"","","","",""
14.10.2014,Zentrale,"Goldmünzen, Sotschi (Russland)","","Lager
Geschenke"
"","","","",""
15.10.2014,Zentrale,Bild-Bronze,"","Lager
Geschenke"
"","","","",""
12.10.2014,Zentrale,"Ring, silber","","Lager
Geschenke"
"","","","",""
12.10.2014,Zentrale,Gebetskette,"","Lager
Geschenke"
"","","","",""
06.10.2014,Zentrale,"Foto im Rahmen, schwarz-weiss","","Lager
Geschenke"
"","","","",""
09.10.2014,Zentrale,Vase mit Vogel-Blumen Motiven,"","Lager
Geschenke"
"","","","",""
21.10.2014,Zentrale,"gerahmtes Bild ""Ibadan Praise
Singer""","","Lager
Geschenke"
"","","","",""
22.10.2014,Zentrale,"gerahmtes lgemälde
(Segelboote)","","Lager
Geschenke"
"","","","",""
23.10.2014,Zentrale,10 Briefmarken in Rahmen,"","Lager
Geschenke"
"","","","",""
23.10.2014,Zentrale,3 Goldmünzen in Holzbox,"","Lager
Geschenke"
"","","","",""
23.10.2014,Zentrale,"6 Silbermünzen mit
Kirchenmotiven in Holzbox","","Lager
Geschenke"
06.11.2014,Zentrale,"Herrenarmbanduhr der Marke
Tissot, schwarzes Lederarmband","",""
"","","","",""
06.11.2014,Zentrale,"Geschenk-Set 
Kravatte,
Einstecktuch, Gürtel,
Portemonaie) in Holzbox","",""
"","","","",""
13.06.2014,Bo Peking,"Herrenarmbanduhr EBOHR,
Lederarmband","",""
"","","","",""
06.11.2014,Bo Doha,"Stift der Marke ""Mont Blanc""","",""
"","","","",""
06.11.2014,Bo Chisinau,Mont Blanc-Kugelschreiber,"",""
"","","","",""
06.11.2014,Bo Riad,"Herrenarmbanduhr 
Pilotenuhr
ROTARY","",""
"","","","",""
06.11.2014,Bo Peking,"Pulsuhr 
ein Teil im Karton fehlt,
was?)",ca. 90,""
"","","","",""
06.11.2014,Zentrale,Gedenkmünze Brunei,"",""
"","","","",""
06.11.2014,Zentrale,kleines gerahmtes Bild,"",""
"","","","",""
06.11.2014,Bo Moskau,Schal Cesare Gatti,"",""
"","","","",""
30.09.2014,Bo Peking,Jadepferd,ca. 125,""
"","","","",""
Juli 2014,Zentrale,"Geschenk-Set 
Kravatte,
Enstecktuch, Gürtel,
Portemonaie) in Holzbox","",""
"","","","",""
"September
2014",Zentrale,"Herrenarmbanduhr EDOX Day
Retrograde",ca. 700,""
"","","","",""
06.11.2014,Bo Doha,"Herrenarmbanduhr ROLEX
""Oyster Perpetual Datejust""","",""
"","","","",""
06.11.2014,5-B-2,Tee-Service,"",""
26.10.2014,Zentrale,"Uhr mit versch. Funktionen
(Kompass, Temperatur, Uhrzeit)","","Lager
Geschenke"
"","","","",""
26.10.2014,Zentrale,Kugelschreiber (Rimador),"","Lager
Geschenke"
"","","","",""
26.10.2014,Zentrale,Wandplakette,"","Lager
Geschenke"
"","","","",""
01.11.2014,Zentrale,weiße Keramikschale mit Deckel,"","Lager
Geschenke"
"","","","",""
01.11.2014,Zentrale,"Holzbild ""Changdeokgung
Palace""","","Lager
Geschenke"
"","","","",""
02.11.2014,Zentrale,"Modell ""R-80""
Regionalverkehrsflugzeugprojekt","","Verbleib bei
Ref. 405 (zust.
Fachreferat)"
"","","","",""
02.11.2014,Zentrale,Batik Schal orange,"","Lager
Geschenke"
24.11.2014,Zentrale,Herrenarmbanduhr,"",""
"","","","",""
24.11.2014,Zentrale,"Handy iPhone 6, 16 GB","",""
"","","","",""
24.11.2014,Zentrale,"Handy iPhone 6, 16 GB","",""
09.11.2014,Zentrale,"Schachspiel ""Warrior of the great
Steppe""","","Lager
Geschenke"
"","","","",""
12.11.2014,Zentrale,lackiertes Holz mit Uhr,"","Lager
Geschenke"
"","","","",""
09.09.2014,Zentrale,Weinkelch,"","Lager
Geschenke"
"","","","",""
09.09.2014,Zentrale,Weinkelch,"","Lager
Geschenke"
"","","","",""
13.11.2014,Zentrale,Holzschatulle,"","Lager
Geschenke"
"","","","",""
18.11.2014,Zentrale,Holzschatulle mit Teeglas+Löffel,"","Lager
Geschenke"
"","","","",""
18.11.2014,Zentrale,bunt bemalter Wand-Holzteller,"","Lager
Geschenke"
"","","","",""
18.11.2014,Zentrale,gerahmtes Bild,"","Lager
Geschenke"
"","","","",""
15.11.2014,Zentrale,gesticktes Motiv im Kupferrahmen,"","Lager
Geschenke"
"","","","",""
15.11.2014,Zentrale,Madonna im Perlmuttrahmen,"","Lager
Geschenke"
"","","","",""
19.11.2014,Zentrale,Deko-Holzkamm,"","Lager
Geschenke"
"","","","",""
19.11.2014,Zentrale,"Besteck, verziert","","Lager
Geschenke"
"","","","",""
19.11.2014,Zentrale,Obstschale bunt,"","Lager
Geschenke"
21.11.2014,Zentrale,"1 Medaille zum 50. Jahrestag dipl.
Bez.","","Lager
Geschenke"
"","","","",""
17.11.2014,Zentrale,"1 Vase, Beutel mit Pistazien
fehlte","","Lager
Geschenke"
"","","","",""
11.11.2014,Zentrale,1 Porzellan-Elefant,"","Lager
Geschenke"
"","","","",""
21.11.2014,Zentrale,ungarische Porzellanbox,"","Lager
Geschenke"
"","","","",""
21.11.2014,Zentrale,kleine Steinvase mit Metallständer,"","Lager
Geschenke"
"","","","",""
25.04.2006,Zentrale,"lgemälde auf Leinwand,
goldfarbener Rahmen,
Berglandschaft mit Fluss, ca.
90x65cm","","Lager
Geschenke"
"","","","",""
24.04.2006,Zentrale,"Mathila Painting ""Bharti Dayal""
Größe 91x70cm","","Lager
Geschenke"
"","","","",""
19.05.2006,Zentrale,"Bildband Kasachstan und Bild aus
Leder, im Rahmen gespannt,
Jagdszene, Größe 58x50cm","","Lager
Geschenke"
"","","","",""
29.06.2006,Zentrale,"Bild vom Glockenturm Ivans des
Großen/ Kathedralplatz Kreml,
Arkhangelski Kathedrale, Titel in
kyrillischen Buchstaben, 19. JH,
Holzrahmen 51x62cm","","Lager
Geschenke"
"","","","",""
"","","","",""
19.10.2006,Zentrale,"Bild gerahmt mit Passepartout
von Eduard Garreaud ca
50x42cm","","Lager
Geschenke"
"","","","",""
03.11.2006,Zentrale,"Bild in verzierten Goldrahmen
40cm breit und 43cm hoch","","Lager
Geschenke"
"","","","",""
22.12.2006,Zentrale,"Bild Kupferportal mit Kacheln ca
50x65cm","","Lager
Geschenke"
"","","","",""
20.12.2006,Zentrale,"Bild Grüne Quadrate ca 58cm
breit","","Lager
Geschenke"
"","","","",""
14.11.2006,Zentrale,"Bild im Metallrahmen, Metall-
Brunnenabbildung und Säulen mit
schwarzen Rosen ca. 35x25cm","","Lager
Geschenke"
"","","","",""
24.03.2007,Zentrale,2 Bilder Geschichtsbaum,"","Lager
Geschenke"
"","","","",""
29.05.2007,Zentrale,Bild 56x45cm,"","Lager
Geschenke"
"","","","",""
14.07.2007,Zentrale,Brief in Bilderrahmen (kaputt),"","Lager
Geschenke"
"","","","",""
20.07.2007,Zentrale,Bild vom Kreml in Rahmen,"","Lager
Geschenke"
"","","","",""
06.09.2007,Zentrale,"Bild 68x18cm in 
l in vergoldeten
Rahmen","","Lager
Geschenke"
"","","","",""
01.11.2007,Zentrale,"""God bless our home"" gesickt,
umrahmt von Blumenrelief in
Belch 43x30cm","","Lager
Geschenke"
"","","","",""
11.02.2008,Zentrale,"Ölgemälde 1m x 1,10 m","","Lager
Geschenke"
"","","","",""
27.02.2008,Zentrale,"filigrane Pferdekutsche in Vitrine
27x13x15cm","","Lager
Geschenke"
"","","","",""
13.05.2008,Zentrale,"Gemälde, Öl, Herbstlandschaft,
gerahmt 90x70cm (Nr 255
beinhaltet außerdem eine
Porzellan-Blutskirche und ein
Buch Jekaterinburg, diese
Geschenke werden unter einer
anderen Nr im Geschenkelager
geführt.)","","Lager
Geschenke"
"","","","",""
25.02.2009,Zentrale,"Gaustein eingerahmt in
Holzrahmen","","Lager
Geschenke"
"","","","",""
"","","","",""
03.11.2006,Zentrale,"Mitternachtsblauer Samtmantel,
Goldstickerei","","Lager
Geschenke"
"","","","",""
28.12.2007,Zentrale,Große Glaskaraffe mit Verzierung,"","Lager
Geschenke"
"","","","",""
13.06.2006,Zentrale,"Silberdose, Namen des
Kronprinzen ist eingraviert, mit
arabischer Verzierung, 9cm hoch,
Durchmesser 7cm","","Lager
Geschenke"
"","","","",""
ohne,Zentrale,"kl. Blumenstrauß 
silber
(Paketklebeband mit der Nr. 18)","","Lager
Geschenke"
"","","","",""
08.02.2007,Zentrale,Kleine versilberte Schale,"","Lager
Geschenke"
"","","","",""
11.10.2007,Zentrale,Holzkiste mit versilbertem Deckel,"","Lager
Geschenke"
"","","","",""
28.04.2006,Zentrale,"1 silberne Dose mit duftendem
Inhalt, 2 durchsichtige Flakons
Parfüm","","Lager
Geschenke"
"","","","",""
15.09.2008,Zentrale,"Blaue Karaffe mit
geschwungenem Griff
(Ornamente)","","Lager
Geschenke"
"","","","",""
ohne,Zentrale,"6 silberne Serviettenringe aus
Malta von Malta Crafts Council","","Lager
Geschenke"
"","","","",""
06.05.2007,Zentrale,Goldmünze in Holzkästchen,"","Lager
Geschenke"
"","","","",""
20.09.2007,Zentrale,"Silbermünze ""1879"",
Durchmesser 6cm","","Lager
Geschenke"
"","","","",""
05.01.2006,Zentrale,"""Kyiv hryvnia coin"", Silberne
Münze (sechseckig) aus dem 11.-
13. Jahrhundert mit Zertifikat der
Nationalbank der Ukraine","","Lager
Geschenke"
"","","","",""
27.04.2006,Zentrale,"Silberne Statue, halb Pferd und
halb Füllhorn auf Steinblock,
14x9cm","","Lager
Geschenke"
"","","","",""
31.08.2007,Zentrale,Briefbeschwerer aus Kristall,"","Lager
Geschenke"
"","","","",""
28.12.2006,Zentrale,"Post-it Note Halter in Bronze mit
goldenem Fisch","","Lager
Geschenke"
"","","","",""
28.03.2007,Zentrale,Silberne Münze,"","Lager
Geschenke"
"","","","",""
"","","","",""
15.03.2007,Zentrale,"silberne Pagodenspitze, ca 10cm","","Lager
Geschenke"
"","","","",""
15.07.2008,Zentrale,"Silbermünze mit Albert Einstein,
Inschrift: ""125. Geburtstag Albert
Einstein""","","Lager
Geschenke"
"","","","",""
???,Zentrale,"Jubiläumsmünze in brauner
Schachtel","","Lager
Geschenke"
"","","","",""
26.04.2006,Zentrale,"Jubiläumsmünze Silber 3 Rubel
aus dem Jahr 2004","","Lager
Geschenke"
"","","","",""
16.05.2008,Zentrale,Kl. eisbär aus Speckstein,"","Lager
Geschenke"
"","","","",""
22.05.2006,Zentrale,"Marmorblock 13,5x7,5cm","","Lager
Geschenke"
"","","","",""
???,Zentrale,"Wasserturm in durchsichtiger
Figur","","Lager
Geschenke"
"","","","",""
16.03.2007,Zentrale,"Asfour Crystal, Kristallkugel auf
silbernem Sockel, stellt einen
ägyptischen Foul Topf dar, ca
10cm","","Lager
Geschenke"
"","","","",""
12.06.2007,Zentrale,"Buch ""Time and the River"" von
Prince Bolkiah","","Lager
Geschenke"
"","","","",""
01.01.2007,Zentrale,"Relief of Rhyton Thracian Gold
Treasure 4th Century","","Lager
Geschenke"
"","","","",""
13.06.2008,Zentrale,"Chinesischer Stempel aus
Shoushan Stein, Provinz Fujian,
mit Drachenmotiv. Stempel:
Deutschland und China -
gemeinsam in Bewegung, an der
Seite sind die Namen der beiden
Außenminister graviert","","Lager
Geschenke"
"","","","",""
01.01.2007,Zentrale,"Leder Kreditkartenetui dunkelgrün
mit Initialen FWS","","Lager
Geschenke"
"","","","",""
25.04.2006,Zentrale,"Silberschale mit Namensplakette
(fehlt) Kasuri, rund Durchmesser
16cm","","Lager
Geschenke"
"","","","",""
07.12.2006,Zentrale,"Silberne Schmuckdose mit rosa
Blütenbesatz ca. 6x6x5cm","","Lager
Geschenke"
"","","","",""
"","","","",""
31.05.2006,Zentrale,"Dolch, goldener Schaft, Griff in
Form eines Vogels, rot/blau-
gestreift, ca 33cm in Holzschatulle","","Lager
Geschenke"
"","","","",""
31.12.2006,Zentrale,"EU-Briefmarken im goldenen
Rahmen, 20x21cm","","Lager
Geschenke"
"","","","",""
28.03.2007,Zentrale,"Wandteller aus Leder mit
Applikationen 26cm Durchmesser","","Lager
Geschenke"
"","","","",""
13.06.2008,Zentrale,in Holz gefasste Goldplakette,"","Lager
Geschenke"
"","","","",""
12.06.2007,Zentrale,"25th Anniversary of Brunei
currency board 1967-1992 sieben
Silbermünzen versch. Werts","",Tresor
"","","","",""
28.05.2007,Zentrale,Silbernes Döschen,"","Lager
Geschenke"
"","","","",""
29.05.2006,Zentrale,"Bild, Picasso Gallery, Gold/Silber
Applikation, rot/blauer Hintergrund
(zerrissener Stern), Crystal
Gallery ""ADGAS""","","Lager
Geschenke"
"","","","",""
????,Zentrale,Vase blau,"","Lager
Geschenke"
"","","","",""
15.03.2007,Zentrale,Miniatur Porzellanservice,"","Lager
Geschenke"
"","","","",""
23.11.2006,Zentrale,"Modellauto Porsche 
Verpackung
defekt)","","Lager
Geschenke"
"","","","",""
???,Zentrale,"Vase 
bauchig mit
Goldverzierung)","","Lager
Geschenke"
"","","","",""
27.08.2014,Zentrale,Briefbeschwerer Glas,"","Lager
Geschenke"
"","","","",""
27.11.2014,Zentrale,"Holzfigur ""Jäger""","","Lager
Geschenke"
"","","","",""
05.12.2014,Zentrale,Holzschatulle,"","Lager
Geschenke"
"","","","",""
05.12.2014,Zentrale,Teppich,"","Lager
Geschenke"
"","","","",""
09.12.2014,Zentrale,"Mosaikvogel auf schwarzem
Sockel in Holzschatulle","","Lager
Geschenke"
"","","","",""
???,Zentrale,"Abbildung Turm in silberfarbenem
Rahmen","","Lager
Geschenke"
22.12.2014,Zentrale,"Porzellanteller blaue
Blumentmotive","","Lager
Geschenke"
22.12.2014,Zentrale,Skulptur Gitarrenspieler/Tänzerin,"","Lager
Geschenke"
