Datum ,DienststelleBeschreibung ,Wert
13.11.2008 ,1 Armbanduhr Marke Longines,""
"",Botschaft,""
30.10.2008 ,Dhaka 1 Perlenkette,""
"",Leiter,""
20.11.2008 ,Protokoll 1 Armbanduhr Marke Longines,""
"",Leiter,""
19.12.2008 ,Protokoll 1 Krawatte,""
19.12.2008 ,1 Krawatte,""
20.01.2009 ,Schreibset Marke Pelikan,""
18.02.2009 ,vergoldetes Floßmodell,""
"",Krawattennadel aus Granat,""
18.05.2009 ,Kugelschreiber Marke Cartier,""
"",Kugelschreiber Marke Mont Blanc,""
23.06.2009 ,„Greta Garbot“ ,600
"",KPM-Teller „Schloss,""
26.06.2009 ,Lissabon Charlottenburg“,""
"",Kugelschreiber „Special Edition“,""
20.07.2009 ,Marke Mont Blanc ,"ca. 600,00"
30.09.2009 ,Teller zur Zierde inkl. Aufsteller,""
30.09.2009 ,Tablett,""
30.09.2009 ,(Bild) Holzrahmen,""
02.02.2009 ,Maske,""
13.02.2009 ,Bildband,""
18.02.2009 ,Dose,""
24.03.2009 ,Bild,""
"",kl. Elefantenstatue,""
08.04.2009 ,Deko-Teller,""
22.04.2009 ,Wandteller,""
04.05.2009 ,Münzen,""
07.05.2009 ,Wappen auf Holz,""
07.05.2009 ,Wandteller,""
14.05.2009 ,Glasvase,""
15.05.2009 ,Bildband,""
25.05.2009 ,Mantel + Mütze,""
07.06.2009 ,Schachspiel,""
07.06.2009 ,Buch,""
07.06.2009 ,Stiftehalter,""
16.06.2009 ,Bild,""
23.06.2009 ,Bild,""
17.09.2009 ,vergoldeter Pin,""
12.08.2009 ,Tintenroller Marke „Faber Castell“ ,"ca. 150,00"
26.10.2009 ,zwei Briefmarkenalben BMF,""
"",Dolch,""
"",Dolch,""
"",Dolch,""
"",Aktentasche,""
"",Stift Watermann,""
"",2 Münzen,""
"",Münzen,""
Münzen
Münzen
Stift
2 Stifte
Uhr
Brieföffner
Silberdose Tiffany
Bild mit Dolch
Teller
Bildband
Wandteller
Triptychon
CD
Glasschale
Glasschachspiel
Siegel
Dalvey
Besteck
"Vase Malachit, blau"
Bild mit Silberrahmen
Bild mit gelbgoldenem Rahmen
„Couvent de Casa fumien“
„Ancient Glass Vessels“ antikes
"Glasschälchen, klein"
2 Silbertruhen
"","DVD's: The Pianist, The Three"
"","Colours Trilogy, Polnischer Film"
"","Buch: """"Poland - A History"""" von"
31.10.2009 ,Adam Zamoyski
"",Silberner Füllfederhalter mit
"","Tintenfass in Holzkiste, Firma"
31.10.2009 ,Waldmann
"","Vase, Firma Schoonhoven"
"","Keramiek, ca. 30 cm hoch, vom"
02.11.2009 ,Künstler Corneille gestaltet
"",Quadratische Keramikschale mit
"",Wappen der Französischen
"","Republik, Farben: weiß, blau, gold"
"","(ca. 17x17 cm), Firma Raynaud"
02.11.2009 ,Limoges
"",Goldene Medaille BM Dr. Guido
"","Westerwelle gewidmet,"
02.11.2009 ,Durchmesser ca. 9 cm
"",Hellblaue quadratische Schale
02.11.2009 ,(ca. 12x12 cm)
"","Buch """"Die Stadt Luxemburg:"
"","Streifzüge und Impressionen"""","
"",von Georges Hausemer und Rob
03.11.2009 ,Kieffer
"",Schmuckschatulle aus Holz zum
03.11.2009 ,verschließen (17x26 cm)
"",Silber eingefasster Bilderrahmen
03.11.2009 ,(ca. 19x24 cm)
"","Silberner Teller, innen florales"
"","Muster Farben: blau, rot, türkis,"
"",weiß (Durchmesser ca. 18 cm) in
06.11.2009 ,blauer Schachtel
"",Silberner Teller mit Gravur
"","""""United States Senate"""""
05.11.2009 ,(Durchmesser 21 cm)
"",2 Manschettenknöpfe in silber
"","und gold mit Gravur """"Hillary"
05.11.2009 ,"Rodham Clinton"""""
"","Freedom Award, Statue aus Glas"
08.11.2009 ,(ca. 25 cm hoch)
"",Deutschlandstuhl in Holzkiste (ca.
08.11.2009 ,20 cm hoch)
"","2 Skulpturen in rot, """"Kugel"
"","Spieler"""" von Wang Shugang"
06.11.2009 ,Figuren im Büro des BM
"","Goldener Kugelschreiber, Caran"
12.11.2009 ,d'Ache Genève
"","Kristallfigur, Motiv Gebäude (10"
13.11.2009 ,cm x 10 cm)
"","Blechfigur, Motiv: Mann, mit"
13.11.2009 ,Schweizer Flagge in der Hand
"",Weiße Porzellankanne mit blauer
20.11.2009 ,Verzierung (ca. 21 cm hoch)
"",Quadratisches Bild in Gold mit
"",hebräischer Inschrift (ca. 30 cm x
23.11.2009 ,"30 cm), Designer: A. Klein Ltd."
"",Füllfederhalter mit Inschrift
"","""""Presidencia del Gobierno"
"","España"""", Holzgriff, silberner"
13.11.2009 ,Deckel
"","Ölbild auf Leinwand, Motiv: Mann"
"",mit Fisch in der Hand (50 cm x 30
23.11.2009 ,cm)
"",Gewebter Teppich zur
"",Wanddekoration auf Stange
23.11.2009 ,"aufgezogen, Farben Rot, Schwarz"
"",Schwarzes Rugby-Trikot für die
01.12.2009 ,Weltmeisterschaft
"",Fotoalbum aus Holz (ca. 24 cm x
03.12.2009 ,30 cm)
"",Teller in Schachtel (silber und
10.12.2009 ,"gold), Durchmesser ca. 12 cm"
"","Kleine Statue ca. 25 cm hoch,"
"",betende Frau (vielleicht Mutter
11.12.2009 ,Theresa)
"","Kreisrunde Wanddekoration 2x ,"
21.12.2009 ,Muschelkette
21.12.2009 ,Teppich
21.12.2009 ,Tuch
"","Set: Bilderrahmen, Stift und"
21.12.2009 ,Visitenkartenorganizer in Box
"",2 Teppiche in grünem Stoff
21.12.2009 ,eingepackt
21.12.2009 ,2 Weihnachtskugeln
28.12.2009 ,Silberner Dolch eingerahmt
"","2 bemalte Teller, Motiv: BM"
"",Westerwelle und Michael Mronz
28.12.2009 ,(Durchmesser ca. 40 cm)
"",Silberne Schale (Stiftablage) mit
"","Gravur """"Il Ministro Degli Affari"
??? ,"Esteri"""""
"","Bleikristall mit Gravur """"I planted a"
??? ,"tree on Malta"""""
"","Dose mit Deckel aus Glas, gold"
07.01.2010 ,mit roten Steinen besetzt
09.01.2010 ,"""""Krippenspiel"""
"","Buch """"Museum of Islamic Art -"
"","",Goldener Rahmen in Form eines,""
"","",Fensters mit Rundbogen (ca. 15,""
08.01.2010 ,"",cm x 25 cm),""
11.01.2010 ,"","Waffe, versilberter Dolch",""
"","",Bild der Botschaft Ankara von,""
07.01.2010 ,"",1925 (ca. 30cm x 90 cm),""
"","","2 Bücher """"Constantinople - The",""
07.01.2010 ,"","Patriarchal Cathedrals""""",""
"","",Lackdose rechteckig (ca. 10 cm x,""
14.01.2010 ,"",12 cm),""
"","","Holzglocke, ca. 3 cm groß und",""
14.01.2010 ,"",Bilderbuch mit Vogelmotiven,""
"","",Vase weiß mit blauen Blumen (ca.,""
14.01.2010 ,"",23 cm hoch),""
"","","Glücksbringer """"Daruma"""",",""
14.01.2010 ,"","großer, bunt gestalteter Kopf",""
"","","Große, bauchige rote Vase mit",""
"","",floralem Muster und Standfuß (ca.,""
15.01.2010 ,"",30 cm hoch),""
"","",Schal in Schachtel (Expo,""
15.01.2010 ,"",Shanghai China),""
20.01.2010 ,Zentrale ,Silberschmuck-Set,""
31.08.2009 ,"",Bildband,""
??? ,"",Dolch,""
22.10.2009 ,"",7 CD Box,""
30.10.2009 ,"",Münzen,""
23.12.2009 ,"",Bildband,""
23.12.2009 ,"",Bildband,""
23.12.2009 ,"",Bildband,""
01.02.2010 ,"","Restaurantgutschein 50,00 ",50
"","",Steinschale (Kristallgestein?) und,""
15.01.2010 ,"",goldene Anstecknadel,""
"","",Ölbild auf Leinwand von Fahad,""
"","",Abdulla Jaber (hängt im,""
10.01.2010 ,"",Vorzimmer BM),""
"","","Silberne Weltkarte """"World Map,",""
"","",Jerusalem in Center of the World,""
"","","in """"Itinerarium Sacrae Scriptura""""",""
27.01.2010 ,"","by HeinrichBuentig.""""",""
"","",Skulptur in Form einer Frau von,""
"","","Luis Duque namens """"Velàzquez",""
01.01.2010 ,"","I"""", Copyright Nr. M-106.338",""
"","","2 große rote Bücher """"From",""
Anfang ,"","Konstantiniyye to Istanbul"""" Sinan",""
Januar 2010 ,"",Genim,""
"","",Marmorfigur in Form einer Violine,""
02.02.2010 ,"",(ca. 14 cm hoch),""
"","",Silberschale mit Segelschiff-,""
"","",Symbol in der Mitte (Durchmesser,""
02.02.2010 ,"",ca. 18 cm),""
02.02.2010 ,"","Marmorrelief (ca. 8 cm x 4,5 cm)",""
"","",3 Tassen und 1 Teller (schwarz-,""
05.02.2010 ,"",gold verziert),""
??? ,"",Silberarmband mit Kupfereinlage,""
"","","Tissot Herrenarmbanduhr, ","ca. 325,-"
01.03.2010 ,"",silberfarben ,(lt. Internet)
??? ,Zentrale ,Perlenkette ,"ca. 120,-"
"",Botschaft,"",""
??? ,"","Krawatte, rosa-silber gestreift",""
"","",2 Teppiche (Aserbaidschan)+,""
"","",Tasche (andere Tasche von 1-PV,""
??? ,"",an Beschenkten überlassen),""
??? ,"",Digitaler Bilderrahmen (Intenso) ,"ca. 35,-"
"","","Schwarze Statue, ca. 45 cm hoch",""
"","","(eine Frau, die einen Wasserkrug",""
23.02.2010 ,Zentrale ,trägt),""
"","",1 Fußball und 2 Trikots mit,""
10.03.2010 ,Zentrale ,Brasilien-Rucksack,""
05.03.2010 ,Zentrale ,E-Book „Inves Book 600“ ,299
"","",Münze der Banco Central do,""
10.03.2010 ,Zentrale ,Brasil,""
"","",Buch Kasachstan-Jahr in Dtl.,""
??? ,Zentrale ,2009,""
06.03.2010 ,Zentrale ,Silberschale,""
"","","1 Glasvase, 1 Glasdose mit",""
"","","Deckel (blaues Glas, mit",""
06.03.2010 ,Zentrale ,Blumenverzierung),""
"","",Anhänger für Halskette (Kreuz),""
07.03.2010 ,Zentrale ,aus Lapislazuli,""
"","",2 Medaillen mit Abbildung des,""
"","",Parlaments von Uruguay (eine,""
09.03.2010 ,Zentrale ,runde M und eine rechteckige M.),""
"","",Set mit Weinaccessoires,""
10.03.2010 ,Zentrale ,(Korkenzieher etc.) und ein Trikot,""
"","","Trikot (Signatur Pele), 2 Bücher",""
"","",über Siemens „Siemens in Brazil,""
10.03.2010 ,Zentrale ,– 100 years shaping the future“,""
10.03.2010 ,Zentrale ,3 CDs von Jacob Do Bandolim,""
"","",Ölbild auf Leinwand (nicht auf,""
"","",Rahmen aufgespannt) Motiv:,""
"","",2 kleine Webteppiche mit
"","",Edelsteinen beklebt (ca. 19 cm x
09.03.2010 ,Zentrale ,15 cm groß)
"","","Kiste mit verschiedenen Flöten,"
"","",um Tierstimmen zu imitieren
10.03.2010 ,Zentrale ,(ca.40cm x 25cm)
07.03.2010 ,Zentrale ,Silberner Schmuckanhänger
"","",Aktenhalter aus Leder (ca. 43 cm
09.03.2010 ,Zentrale ,x 35 cm)
"","","Schreibtischset: Schreibunterlage,"
08.03.2010 ,Zentrale ,Brieföffner und Visitenkartenetui
02.04.2010 ,Zentrale ,Speedminton-Schläger
"","",4 Untersetzer mit goldenem
"","",Rahmen und Leder bespannt +
"","",Halter für Untersetzer + Bierkrug
30.03.2010 ,Zentrale ,(Aufschrift: Molson Canadian)
09.01.2010 ,Zentrale ,"""""Krippenspiel"""
"","",Vase aus Holz mit Schnitzerei
"","",(Blumenornamente) und
"","",passender Glasvitrine gerahmt in
"","",Holz (2 Boxen für Vase und
13.04.2010 ,Zentrale ,Vitrine)
"","","""""Krippenspiel"""" Kaffeezeremonie"
01.03.2010 ,Zentrale ,mit goldenen Kaffeekannen etc.
"","",Vase aus Holz mit Schnitzerei
"","",(Blumenornamente) und
"","",passender Glasvitrine gerahmt in
"","",Holz (2 Boxen für Vase und
13.04.2010 ,Zentrale ,Vitrine)
"","","Gelb-grünes Trikot, mit Aufschrift"
09.04.2010 ,Zentrale ,„Westerwelle“
"","",Glaspokal mit eingraviertem
"","",Vogel und Wappen und Aufschrift
"","","„République de Djibouti, Unité –"
11.04.2010 ,Zentrale ,Égalite – Paix“
"","","Holzschachtel mit Verzierung,",""
29.04.2010 ,Zentrale ,Inhalt Krawatte,""
"","",Schale stehend auf drei Füßen,""
09.04.2010 ,Zentrale ,(Silberfarben),""
"","","Teller mit Mosaik aus Straußenei,",""
09.04.2010 ,Zentrale ,von Künstler Gideon,""
09.04.2010 ,Zentrale ,Schale mit afrikanischen Motiven,""
05.05.2010 ,Zentrale ,Designer-Glasschale nambe.com ,"99,-$"
15.04.2010 ,Zentrale ,Herren-Armbanduhr ,"ca. 90,-"
15.04.2010 ,Zentrale ,Damen-Armbanduhr ,"ca. 90,-"
"","","Hochwertige Herren-Armbanduhr, ","Über 1.000,-"
01.06.2010 ,Zentrale ,Tabbah,""
"","","hochwertige Herren-Armbanduhr, ","Über 1.000,-"
02.06.2010 ,Zentrale ,Hamilton,""
"","","hochwertige Herren-Armbanduhr, ","Über 1.000,-"
02.06.2010 ,Zentrale ,Tabbah,""
"","","hochwertige Herren-Armbanduhr,",""
02.06.2010 ,Zentrale ,„Van der Bauwede“ ,"ca. 2.000,-"
"","","hochwertige Herren-Armbanduhr,",""
02.06.2010 ,Zentrale ,„Armand Nicolet Tramelan“ ,ca. 6.-7.000
"","",hochwertige Damen-Armbanduhr,""
02.06.2010 ,Zentrale ,„Blancpain“ ,"Über 100,-"
"","","Buch v. Karen Blixen, Sven",""
02.06.2010 ,Zentrale ,Gothic Tales,""
"","",Edelstein mit Buch über,""
06.05.2010 ,Zentrale ,Edelsteine,""
"","","rotes Bild, Öl auf Leinwand (Motiv",""
19.05.2010 ,Zentrale ,2 Pferde/Esel),""
"","",traditionell jüdisches Trinkgefäß,""
19.05.2010 ,Zentrale ,aus Porzellan,""
22.04.2010 ,Zentrale ,Pullover,""
23.05.2010 ,Zentrale ,braune Vase,""
"","",Holzkiste mit Schnitzerei und,""
"","",Perlmutt + Tischdecke und,""
23.05.2010 ,Zentrale ,Servietten,""
"","","Bilderrahmen, Motiv: goldener",""
21.05.2010 ,Zentrale ,Zedernbaum,""
"","",Dreieckige silberne Schale mit,""
22.05.2010 ,Zentrale ,Gravur,""
23.05.2010 ,Zentrale ,Kleiner Dolch,""
"","","Buch """"The Art of Flying -",""
"","",Singapore through the Lens of,""
??? ,Zentrale ,"Russel Wong""""",""
17.05.2010 ,Zentrale ,Vase und Bildband,""
18.05.2010 ,Zentrale ,Vase und Bildband,""
"","",Herren-Armbanduhr „Armand,""
02.06.2010 ,Zentrale ,Nicolet LS8“ ,8000
"","","","Über 1.000,-"
07.06.2010 ,Zentrale ,Damen-Armbanduhr „Montega“,""
"","",Damen-Armbanduhr „Gérald ,"Über 1.000,-"
08.06.2010 ,Zentrale ,Genta“,""
"","",Miniatur des Al-Masmak Castle in,""
01.06.2010 ,Zentrale ,Gold,""
??? ,Zentrale ,"Buch ""National Palace of Mexiko""",""
08.06.2010 ,Zentrale ,schwarzes Portemonnaie,""
08.06.2010 ,Zentrale ,Porzellanschale (ca. 15 x 15 cm),""
"","","Buch """"Castles and manors of",""
14.06.2010 ,Zentrale ,"Latvia""""",""
14.06.2010 ,Zentrale ,Silbermünze,""
"","",Goldene Maske in Form eines,""
25.06.2010 ,Zentrale ,Männergesichts (Blattgold),""
"","",Kubistisches Bild in Holzrahmen,""
22.06.2010 ,Zentrale ,(ca. 12 cm x 15 cm),""
"","",Russisches Lackbild (ca. 20 cm x,""
22.06.2010 ,Zentrale ,30 cm),""
"","","Holzfigur mit Untersetzern,",""
21.06.2010 ,Zentrale ,Tasche,""
"","",Eingerahmte rumänische,""
25.06.2010 ,Zentrale ,Briefmarke,""
25.06.2010 ,Zentrale ,Wein Jahrgang 1990,""
??? ,Zentrale ,Blackberry,""
"","","","4.000-8.000,-"
21.06.2010 ,Zentrale ,Herrenarmbanduhr „Tabbah“,""
"","","","4.000-8.000,-"
23.06.2010 ,Zentrale ,Herren-Armbanduhr „Tabbah“,""
"","",Herren-Armbanduhr „Gio ,"4.000-8.000,-"
04.06.2010 ,Zentrale ,Monaco“,""
05.07.2010 ,Zentrale ,Holzschiff klein,""
05.07.2010 ,Zentrale ,Holzschiff groß,""
05.07.2010 ,Zentrale ,Armbanduhr Korea,""
05.07.2010 ,Zentrale ,Manschettenknöpfe,""
05.07.2010 ,Zentrale ,Brieföffner,""
05.07.2010 ,Zentrale ,Laura Biagiotti Parfum,""
05.07.2010 ,Zentrale ,"CD """"Visegrad""""",""
05.07.2010 ,Zentrale ,Manschettenknöpfe Silber,""
05.07.2010 ,Zentrale ,Heiligenteller,""
05.07.2010 ,Zentrale ,Streichholzschachte Singapur,""
05.07.2010 ,Zentrale ,Tortenheber,""
05.07.2010 ,Zentrale ,2 Biografien Obama,""
05.07.2010 ,Zentrale ,Blumenbild,""
"","",Eau de Toilette/Duschgel,""
05.07.2010 ,Zentrale ,Chairman Black,""
05.07.2010 ,Zentrale ,Schal Paschmina (2 mal),""
05.07.2010 ,Zentrale ,Wandteppich Lesotho,""
"","","Tischdecke Weihnachten,",""
05.07.2010 ,Zentrale ,Philippinen,""
05.07.2010 ,Zentrale ,Bild Leopard mit Fell
05.07.2010 ,Zentrale ,Kalebasse
05.07.2010 ,Zentrale ,Porzellan Elefant
05.07.2010 ,Zentrale ,Krokodil Holz
05.07.2010 ,Zentrale ,Ameisenbär Holz
05.07.2010 ,Zentrale ,2 Wandteller Klein
05.07.2010 ,Zentrale ,1 Wandteller groß
05.07.2010 ,Zentrale ,2 Vasen
05.07.2010 ,Zentrale ,kleine weiße Skulptur
05.07.2010 ,Zentrale ,Bild Mongolei Gold
05.07.2010 ,Zentrale ,Bild Bunt
05.07.2010 ,Zentrale ,"kleine Dose Messing, Irak"
05.07.2010 ,Zentrale ,kleine Dose Gold und Blau
05.07.2010 ,Zentrale ,Holztruhe groß
05.07.2010 ,Zentrale ,Holztruhe bunt
05.07.2010 ,Zentrale ,Fossile
"","","Buch """"Literat und Europäer,"
08.07.2010 ,Zentrale ,"Tagebücher 1"""", Sandor Marai"
05.07.2010 ,Zentrale ,5 Münzen 925er Silber von 1989
"","","Buch """"Epizentrum des"
"","","Friedens"""", Nursultan Nasarbajew"
"","","Buch """"Das Haus des"
"","","Heimatlosen"""", Herold Belger"
"","","Buch """"Kasachstan - Daten -"
"","","Fakten - Hintergründe"""" CDs"
"","","""""Musical Heritage of"
"","","Kazakhstan"""" Broschüre """"Der"
13.07.2010 ,Zentrale ,"Buch/DVD """" Die Kissinger Saga"""""
13.07.2010 ,Zentrale ,Plexiglas Kopf
"","","Buch """"Thailand - Nine days in the"
"","","kingdom"""" by 55 great"
"","",photographers 2 Jim Thompson
22.07.2010 ,Zentrale ,Manschettenknöpfe
14.07.2010 ,Zentrale ,Holzkasten mit Jaspis-Steinplatte
"","",Silbermünze und 1 Flasche
"","",Berkut Vodka (nicht an die HV
16.07.2010 ,Zentrale ,abgegeben)
"","",Traditionelle Kleidung mit
"","",Kopfbedeckung weinrot/gold
16.07.2010 ,Zentrale ,"Gemälde, brauner Rahmen"
"","","Brauner Lederkoffer,"
"","",verschlossen (enthält
"","",Infomaterial) goldfarbener Apfel
"","",als Briefbeschwerer Kalender in
16.07.2010 ,Zentrale ,braunem Ledereinband
23.07.2010 ,Zentrale ,"Buch """"Maps of Cyprus"""""
"","",kleiner silberner Teller mit
23.07.2010 ,Zentrale ,Ständer
"","",silberner halber Lobeerkranz auf
23.07.2010 ,Zentrale ,Holzständer
"","","Bild im Silberfarbenen Rahmen,"
10.08.2010 ,Zentrale ,Gruppenbild mit BM Westerwelle
10.08.2010 ,Zentrale ,Bild rotbrauner Rahmen mit Kunst
"","",Gruppenbild „Sondersitzung des
10.08.2010 ,Zentrale ,Europäischen Rates 28.04.1990“
01.12.2009 ,Zentrale ,Vase mit Schnaps
01.12.2009 ,Zentrale ,Wandteppich und Tasse
"","",Buch „Pakistan from mountains to
01.12.2009 ,Zentrale ,sea“
"","","Hut mit Ecuador Aufschrift, Buch"
22.04.2010 ,Zentrale ,über Expressionismus
27.05.2010 ,Zentrale ,"Krawatte, Bild mit Briefmarken"
06.05.2010 ,Zentrale ,Bild (mit vier runden Früchten)
02.05.2010 ,Zentrale ,Briefbeschwerer aus Glas
??? ,Zentrale ,Gebäck- /Obstschale
04.06.2010 ,Zentrale ,8 CDs „Eternal Melody“
"","",Asiatisches Bild auf Rolle in
??? ,Zentrale ,rosafarbenem Karton
??? ,Zentrale ,Vase verziert
"","",asiatische Deko-Vase mit
??? ,Zentrale ,Unterteller
"","","Teller eckig, „Sénat“ von Raynand"
??? ,Zentrale ,Limoges“
??? ,Zentrale ,Aquarellbild gerahmt
"","",zwei Bilderrahmen (Holz- bzw.
??? ,Zentrale ,Goldfarbener Rahmen)
??? ,Zentrale ,Porzellanschale Palazzo Chigi
??? ,Zentrale ,Nepalesischer Dolch in Scheide
??? ,Zentrale ,Briefbeschwerer in Verpackung
"","",CD des Qatar Symphony
"","",Orchesters in
??? ,Zentrale ,Geschenkeverpackung
"","",Glasschale in
??? ,Zentrale ,Geschenkeverpackung
"","",Ornament in
??? ,Zentrale ,Geschenkeverpackung
"","",Stifbehälter in
06.07.2010 ,Zentrale ,Geschenkeverpackung
??? ,Zentrale ,Kalligrapie
28.05.2010 ,Osaka ,Römische Münze
"","",1 Sammlung kuwaitischer
05.07.2010 ,Zentrale ,Silbermünzen
26.07.2010 ,Zentrale ,1 Packung asiatischer Tee,""
"","","","Über 1.000,-"
29.07.2010 ,Zentrale ,"Damen-Armbanduhr, Repossi",""
"","","Damen-Armbanduhr, Gio Monaco ","Über 1.000,-"
29.07.2010 ,Zentrale ,Italia,""
"","","","Über 1.000,-"
29.07.2010 ,Zentrale ,"Damen-Armbanduhr, Repossi",""
"","",Herren-Armbanduhr „Audemars,""
"","",Piguet Royal Oak“ und,""
"","",Silberteller mit vergoldetem ,"Uhr: 17.500,-"
29.06.2010 ,Doha ,Wappentier,""
"","",Herren-Armbanduhr Swiss ,"Über 1.000,-"
17.08.2010 ,Zentrale ,Chrono,""
"","","Herren-Armbanduhr, Dio Monaco ","Über 1.000,-"
16.06.2010 ,Riad ,Genève,""
"","",3D Bild (grau) im Glasrahmen in,""
27.07.2010 ,Zentrale ,brauner Holzkiste,""
"","",Bilderrahmen mit 3 gold-silber,""
"","","Stücken (""""Orchid"""", """"Wau",""
04.08.2010 ,Zentrale ,"Bulan"""", """"Bunga Raya"""")",""
09.08.2010 ,Zentrale ,"Buch """"Johannes King""""",""
09.08.2010 ,Zentrale ,"Buch """"Prada Milano""""",""
"","","Buch """"Tenerife - Kanarische",""
09.08.2010 ,Zentrale ,"Inseln""""",""
25.08.2010 ,Zentrale ,"Füller/Kugelschreiber """"Penkala""""",""
25.08.2010 ,Zentrale ,schwarze Lederhausschuhe,""
25.08.2010 ,Zentrale ,Teeset (Tablet und Tassen),""
"","","Buch """"Serbien in Europa"""", Zoran",""
26.08.2010 ,Zentrale ,Djindji?,""
"","","Buch und CD """"University of",""
26.08.2010 ,Zentrale ,"Begrade 1808-2008""""",""
"","","Buch """"Belgrad-An der Kreuzung",""
"","","von Wegen und Jahrhunderten"""",",""
26.08.2010 ,Zentrale ,Branislav Strugar,""
26.08.2010 ,Zentrale ,Souvenir,""
"","","CD """"Solo Cantatas"""", Bernarda"
27.08.2010 ,Zentrale ,Fink
27.08.2010 ,Zentrale ,Kristallgestein auf Sockel
"","","Buch """"Moving Forward, Kosovo"
27.08.2010 ,Zentrale ,"Force"""""
"","","Plakette """"Moving Forward,"
27.08.2010 ,Zentrale ,"Kosovo Force"""""
27.08.2010 ,Zentrale ,Kristallgestein in blauer Samtbox
"","","Buch """"Kosovo's Crystals and"
27.08.2010 ,Zentrale ,"Minerals"""" (Büro BM)"
"","",Nachbildung Dhaka Chittagong
"","",Container Shuttle in Glas in
01.09.2010 ,Zentrale ,schwarzer Box
"","",Silberne Gedenkmünze in
"","",mahagonifarbener Box anl.
30.08.2010 ,Zentrale ,Übernahme Präsidentschaft
02.09.2010 ,Zentrale ,Buch „Iveagh House“
"","",Buch „The conventual church of
03.09.2010 ,Zentrale ,the knights of Malta“
"","","11 Bücher – Kroatische Werke,"
"","",Styria Medien AG mit kroatischem
17.09.2010 ,Zentrale ,Ku-Ministerium
17.09.2010 ,Zentrale ,Vase orange-gold
"","",Bunt verzierte Holzbox in brauner
"","",Papbox mit Weinöffnungszubehör
06.09.2010 ,Zentrale ,(115-213: ein Zubehörteil fehlt)
"","",Buch „Vol de Dia-Andorra“ -
23.09.2010 ,Zentrale ,Jaume Riba Sabaté
"","",Farbstich „Straßburger Münster“
04.10.2010 ,Zentrale ,in goldfarbenen Rahmen
"","",Buch „Straßbourg Romantique“
04.10.2010 ,Zentrale ,Régis J. Spiegel
06.10.2010 ,Zentrale ,Bunter Seiden-Kissenbezug
"",Botschaft ,1 Schreibset Marlene Dietrich,""
04.08.2010 ,Doha ,Limited Edition ,1300
"",Botschaft,"",""
04.08.2010 ,Doha ,1 Schreibset Arturo Toscanini ,930
"","","2 Armbanduhren Marke Meyers, ","Über 1.000,-"
07.10.2010 ,Zentrale ,Lady Beach,""
18.02.2010 ,Zentrale ,Porzellanpferd,""
"","",Schwarze Lederbrieftasche in,""
05.10.2010 ,Zentrale ,blauer Pappbox,""
"","",Hölzerne Schmuckbox mit,""
"","",silberfarbener Einlegearbeit in,""
14.10.2010 ,Zentrale ,dunkelroter Pappbox,""
"","",Grüne Vase mit goldener Gravur,""
08.10.2010 ,Zentrale ,in brauner Holzbox,""
11.10.2010 ,Zentrale ,aus Holz geschnitzte Statue,""
18.11.2010 ,Zentrale ,Lampe mit Holzsockel,""
18.11.2010 ,Zentrale ,"Steinplatte """"Eternal Gandhi""""",""
"","","Glasständer """"Seven Social Sins""""",""
18.11.2010 ,Zentrale ,- Eternal Gandhi,""
"","","Briefbeschwerer Kunsttoff """"Indian",""
18.11.2010 ,Zentrale ,"Institute of Technology""""",""
"","",Blaue Samtbox mit silberner,""
18.11.2010 ,Zentrale ,Schale,""
"","","Buch """"Hegau, Singen,",""
23.11.2010 ,Zentrale ,"Untersee""""",""
"","","Bild """"Stoffblumen"""" mit",""
26.11.2010 ,Zentrale ,vergoldetem Rahmen,""
"","",Ebenholz Schnitzerie mit,""
18.11.2010 ,Zentrale ,Vogelmotiven (Wandschmuck),""
29.10.2010 ,Zentrale ,Teppich,""
"","",2 Broschüren in russischer,""
31.10.2010 ,Zentrale ,Sprache und eine CD,""
31.10.2010 ,Zentrale ,Bild mit braunem Holzrahmen,""
"","","Bildband """"Moskau"""", Nikolai"
31.10.2010 ,Zentrale ,Rakhmanov
"","","Bildband """"Nida Brücke"""", Saulius"
01.11.2010 ,Zentrale ,Kruopis
02.11.2010 ,Zentrale ,"Bildband """"Treasures of Belarus"""""
03.11.2010 ,Zentrale ,"Buch """"Verbüdungshaus Fforst"""""
"","","Buch """"Die Viadrina"""", Richard"
03.11.2010 ,Zentrale ,Pyritz
"","","Buch """"Frankfurt(Oder) und"
03.11.2010 ,Zentrale ,"Slubice, Winfried Mausolf"
03.11.2010 ,Zentrale ,"Buch """"Slubice"""""
"","",vergoldete Münze in
07.11.2010 ,Zentrale ,Holzschachtel
"","",indonesisches Bild (aufgezogen
10.11.2010 ,Zentrale ,"auf Tierhaut) """"Prabu Kresna"""""
10.11.2010 ,Zentrale ,"Hemd """"Batik Keris"""""
09.11.2010 ,Zentrale ,Kristallpapagei
12.11.2010 ,Zentrale ,rote Krawatte in blauem Karton
12.11.2010 ,Zentrale ,Kopfbedeckung mit Staatswappen
"","",silbernes Pferd mit grüner
24.11.2010 ,Zentrale ,Samtbox
"","","orientalische Lampe (defekt,"
15.11.2010 ,Zentrale ,Gehäuse eingedrückt)
"","","Buch """"Marrakesh - The Secret of"
15.11.2010 ,Zentrale ,"Courtyard Houses"""""
15.11.2010 ,Zentrale ,Teelicht/Kerze in dunkler Holzbox
15.11.2010 ,Zentrale ,Teelicht/Kerze in dunkler Holzbox
29.11.2010 ,Zentrale ,"Buch """"Libya"""""
"","",schwarzer Lederkoffer mit
29.11.2010 ,Zentrale ,diversen Broschüren
"","",Seiden Briefmarkensammlung in
26.11.2010 ,Zentrale ,Buchform
08.12.2010 ,Zentrale ,Silberkelch und Teller
07.10.2010 ,Zentrale ,College Emblem
14.10.2010 ,Zentrale ,Stifthalter aus Glas
19.11.2010 ,Zentrale ,Dolch im Bilderrahmen
08.12.2010 ,Zentrale ,Glasteller in grauem Karton
"","",Silberner Dolch in weinrotem
08.12.2010 ,Zentrale ,Lederkasten
11.12.2010 ,Zentrale ,CDs Weihnachtsoratorium
13.12.2010 ,Zentrale ,Buch „The Romanian Millenium“
17.12.2010 ,Zentrale ,gelber Füller Faber Castell
20.12.2010 ,Zentrale ,CD „Kellylee Evans – NINA“
"","",Keramikschale mit
20.12.2010 ,Zentrale ,Blumen/Vogel/Wildbildern
"","",Orange-farbene Porzellanbecher
22.12.2010 ,Zentrale ,in blauer Box
20.12.2010 ,Zentrale ,graue Vase mit Muster
"","",Dose mit Deckel „German-
20.12.2010 ,Zentrale ,"Jordanian University“, Porzellan"
"","","Teppich mit mehrfarb. Muster, ca.",""
21.12.2010 ,Zentrale ,2 x 3 m,""
21.12.2010 ,Zentrale ,Holzteller mit Verzierungen,""
22.12.2010 ,Zentrale ,"Tischuhr, Porzellan",""
23.12.2010 ,Zentrale ,kleines Bild mit Figur,""
23.12.2010 ,Zentrale ,"Becher, Porzellan",""
"","",großer Teppich mit rot-beiger,""
"","","Bemusterung, Parfum wurde von",""
04.01.2011 ,Zentrale ,1-PV vernichtet.,""
"","",2 Kataloge von,""
09.12.2010 ,Zentrale ,Blum/Fischer/Rumohr,""
"","","2 Seidenkrawatten, 1 x gelb,",""
"",Botschaft ,"floristisches Muster, 1 x blau",""
23.08.2010 ,Seoul ,Fußball-Muster,""
"",Botschaft,"",""
23.08.2010 ,Seoul ,2 Damenarmbanduhren,""
"",Botschaft ,"","Über 8.000,--"
20.10.2010 ,Doha ,Armbanduhr Rolex für Damen,""
"","",Parker Schreibset mit Füller und,""
29.12.2010 ,Zentrale ,Kugelschreiber ,"30,--"
"","","Set: Kalender,",""
"","","Damenarmbanduhr,",""
"","","Kugelschreiber, oranges Leder",""
05.01.2011 ,Zentrale ,Pierre Waldon Vienna ,"ca. 150,-"
"","","","Über 1.000,-"
19.08.2010 ,Bonn ,Herren-Armbanduhr Tabbah,""
27.10.2010 ,Zentrale ,1 Silberteller + Silberdose (klein),""
21.12.2010 ,Zentrale ,1 Kugelschreiber silberfarben,""
05.01.2011 ,Zentrale ,1 Kugelschreiber silberfarben,""
"","",1 blaue Kiste mit 2 Tee-Tassen +,""
03.11.2010 ,Zentrale ,2 Servierschalen,""
"","",rosafarbene Verpackung mit,""
"","",sportlicher Damenarmbanduhr,""
"","",(schwarz/bronze) von MEYERS,""
"","",in Holz eingerahmter Teller mit
05.01.2011 ,Zentrale ,floristischen Motiven
"","","Buch """"Ferner Blitz - Das Leben"
03.01.2011 ,Zentrale ,"fiel...."""
"","","Buch """"Entweder Broder - Die"
03.01.2011 ,Zentrale ,"Deutschland-Safari"""""
03.01.2011 ,Zentrale ,"CD """"For the New Year"""""
03.01.2011 ,Zentrale ,"Buch """"Das heilige Kiew"""""
"","","Buch """"Romanian Diplomacy - An"
03.01.2011 ,Zentrale ,"Illustrated History 1862 - 1947"""""
"","","""""Die Türkische Bibliothek"""" -"
"","","Romane, Biografien,"
"","","Kurzgeschichten, Gedichte:"
"","",Meilensteine der türkischen
03.01.2011 ,Zentrale ,Literatur in 20 Bänden
"","",Teeservice (blau/weiß) in
07.01.2011 ,Zentrale ,Geschenkbox
"","",Teppich (Bordeaux/Blau) ca. 180
09.01.2011 ,Zentrale ,x 120
10.01.2011 ,Zentrale ,"Buch """"Das Elsass"""""
"","",braune Lederbrieftasche Pablo
17.01.2011 ,Zentrale ,del Barrio
"","","schwarz-weiss Stich """"Cogiendo"
18.01.2011 ,Zentrale ,"Café"""""
"","","Buch """"Costa Rica National"
18.01.2011 ,Zentrale ,"Parks"""""
19.01.2011 ,Zentrale ,rot-bunter Teppich
05.02.2011 ,Zentrale ,Keramik-Teeset
"","",Gerahmtes Schwarz-Weiss
"","","Portrait BM in, 140cm x 90cm"
09.02.2011 ,Zentrale ,(BM)
"","","Holzwandschmuck (""""bärtiger"
14.02.2011 ,Zentrale ,"Mann"""")"
"","","Buch """"Frauenfußball - der lange",""
"","","Weg zur Anerkennung"""" und",""
14.02.2011 ,Zentrale ,Trikot,""
"","","Buch """"BOP-Ball of Peace"""" und",""
"","",runder Anstecker (goldfarben),""
15.02.2011 ,Zentrale ,"""""Engel der Kulturen",""
19.02.2011 ,Zentrale ,Bunte Kermikschale mit Deckel,""
23.02.2011 ,Zentrale ,"Buch """"Coptic Art Revealed""""",""
"","","Buch """"Marrakesh - The Secret of",""
25.02.2011 ,Zentrale ,"Courtyard Houses""""",""
"","",3 Silbermünzen in blauer,""
25.02.2011 ,Zentrale ,Schachtel,""
25.02.2011 ,Zentrale ,schwarze Lederaktenmappe,""
"","",1 Dupont-Kugelschreiber und 2 ,Kuli ca.
07.03.2011 ,Zentrale ,Armbanduhren ,1.000
"","","E-Book (gebraucht, weist starke",""
03.03.2011 ,Peking ,Kratzspuren im Display auf) ,ca. 66
"","",1 Damenarmbanduhr Robergé mit,""
08.03.2011 ,Zentrale ,Strass-Steinen,""
"","","E-Book (gebraucht, weist starke",""
03.03.2011 ,Peking ,Kratzspuren im Display auf) ,ca. 66
"","",2 Damenarmbanduhren und 1 ,Uhren ca.
14.03.2011 ,Zentrale ,Deko-Marmor-Perlmutt-Teller ,2.000
01.03.2011 ,Zentrale ,2 Herren-Armbanduhren ,"ca. 2.000,-"
01.03.2011 ,Kuwait ,1 Herren-Armbanduhr ,ca. 1.000
01.03.2011 ,Kuwait ,1 Armbanduhr ,ca. 1.000
17.02.2011 ,Zentrale ,Stiftehalter aus Glas mit Tierfigur,""
"","",CD-Reihe „Masters of the,""
"","",Millenium“ 30 Klassik-Musik CDs,""
01.03.2011 ,Zentrale ,von Mozart Ravel Schubert usw.,""
"","",Pierre Cardin Damenarmbanduhr,""
"","",schwarz-kupfer mit Steinen im,""
01.03.2011 ,Zentrale ,Uhrwerk,""
01.03.2011 ,Zentrale ,1 Armbanduhr ,ca. 1.000
"","",Christalpyramide mit,""
23.02.2011 ,Zentrale ,Schulwappen,""
"","",Goldene Medaille mit,""
02.03.2011 ,Zentrale ,Namensgravur in blauer Samtbox,""
02.03.2011 ,Zentrale ,Buntes Holzei mit Sockel,""
"","",Holzteller mit Sonnenblumen,""
02.03.2011 ,Zentrale ,bemalt,""
"","","Hungarian Innovation Kit, 2 DVD,",""
"","",1 CD sowie div. Bücher zur ung.,""
11.03.2011 ,Zentrale ,Presidentschaft,""
"","",Damenuhr mit schwarzem,""
22.03.2011 ,Zentrale ,"Armband, Giorgio Visconti",""
"","","2 Armbanduhren, Tag Heuer +",""
"","",Jacob & Co. Kuwait limited,""
28.03.2011 ,Zentrale ,edition. Große schwarze Kiste,""
"","","1 Armbanduhr, Jacob & Co.",""
"","",Kuwait limited edition. Große,""
"","",schwarze Kiste + 1 Yonger &,""
28.03.2011 ,Zentrale ,Bresson Armbanduhr,""
22.02.2011 ,Zentrale ,Glasplakette mit Emblem,""
??? ,Zentrale ,Lupe und Brieföffner,""
??? ,Zentrale ,Glasbriefbeschwerer,""
"","",Gedenkmünze Nationalbank,""
??? ,Zentrale ,Moldau,""
??? ,Zentrale ,Medaille Vilnius,""
??? ,Zentrale ,"Schale, silber",""
??? ,Zentrale ,Teller mit floralem Muster,""
01.03.2011 ,Zentrale ,Standuhr mit Ziegenfiguren,""
"","",Uhr mit Wechselarmband und,""
01.03.2011 ,Zentrale ,Lupe in großer Holzkiste,""
"","",1 Damenarmbanduhr Makre Léon,""
02.03.2011 ,Doha ,Hatot ,2900
"","","E-Book (gebraucht, weist starke",""
03.03.2011 ,Peking ,Kratzspuren im Display auf),""
"","",Seidenbuch und Übersetzung,""
"","",„Lao Zi's Dao de Jing“ in brauner,""
05.04.2011 ,Zentrale ,Box,""
"","",Schriftrolle mit chinesischen,""
05.04.2011 ,Zentrale ,Schriftzeichen in Holzkiste,""
05.04.2011 ,Zentrale ,Silbermünze in blauem Kästchen,""
15.04.2011 ,Zentrale ,Stifthalter silber,""
"","",Box mit Säulenmotiv (weiß – blau),""
15.04.2011 ,Zentrale ,in blauer Samtbox,""
"","",Runde rote Dose mit goldfarbener,""
30.04.2011 ,Zentrale ,Bemalung in heller Holzbox,""
"","",Zeichnung „Notas“ von Alvaro,""
30.04.2011 ,Zentrale ,Santiago,""
"","",Nachbildung „Ishtar Gate“ in,""
04.05.2011 ,Zentrale ,grüner Box,""
"","",Asiatisches Bild auf Rolle in,""
01.05.2011 ,Zentrale ,beigefarbenem langem Karton,""
"","",Bild mit bunten Häusern im,""
"","","Holzrahmen, mit gerolltem",""
01.05.2011 ,Zentrale ,Material,""
"","",kreisförmige Darstellung mit,""
"","",Vietnam und Figuren in,""
01.05.2011 ,Zentrale ,"goldschwarzfarben, im Holrahmen",""
"","",silberfarbener Miniaturzubehör,""
01.05.2011 ,Zentrale ,von BMW,""
"","",Grüne Standfigur aus Glas im,""
"","",Karton mit Broschüren über,""
01.05.2011 ,Zentrale ,Taiwan,""
"","",Standbild mit Aufschrift „Central,""
01.05.2011 ,Zentrale ,Board of Aisyiyah Indonesia“,""
"","",Elefantenfigur blau/grün/gold in,""
"","","Standfigur, Frau mit Krug auf dem"
01.05.2011 ,Zentrale ,"Kopf, aus dunklem Holz"
"","","Schatulle, ca. 30x15cm,"
16.05.2011 ,Zentrale ,weiß/silber
"","",Buch „Inner Characters“ / Fathiya
16.05.2011 ,Zentrale ,Tahiri
"","",Buch „Arabesques – Decorative
16.05.2011 ,Zentrale ,Art in Morocco“
19.05.2011 ,Zentrale ,Goldene Tischuhr mit Lupe
"","",Silberner Teller mit Sultan
29.05.2011 ,Zentrale ,Qaboos Grand Mosque Abbildung
"","",Brieföffner aus Zinn mit
"","",eingearbeitetem Platypus in roter
01.06.2011 ,Zentrale ,Samtbox
01.06.2011 ,Zentrale ,Schwarze Kängeruh Ledertasche
"","",Silberne Manschettenknöpfe in
02.06.2011 ,Zentrale ,Holzbox
02.06.2011 ,Zentrale ,Kugelschreiber in Holzbox
02.06.2011 ,Zentrale ,Schwazer Pullover
"","","Buch „150 Treasures“, Aukland"
02.06.2011 ,Zentrale ,War Memorial Museum
"","","Gerahmtes Bild, gold/rot,"
"","","vietnamesisches Motiv,"
05.06.2011 ,Zentrale ,Holzrahmen
10.06.2011 ,Zentrale ,Steinfigur „Hyjnesha ne fron“
"","",Bild „Virgin Mary Bethlehem“ mit
14.06.2011 ,Zentrale ,Perlmutrahmen
23.06.2011 ,Zentrale ,"Silberner Teller, rund, 15 cm"
"","",2 dunkelbraune hölzerne
23.06.2011 ,Zentrale ,Kerzenständer
"","",Burgunderfarbene Holzdose
"","",(lackiert) mit Jerusalem Abbildung
29.06.2011 ,Zentrale ,(silberfarben)
"","",Kleine Messingplatte mit
02.07.2011 ,Zentrale ,Abbildung Priesterseminar
"","",Blau-silberfarbene
04.07.2011 ,Zentrale ,„Parfümflasche“ ca. 25 cm
"","",Buch „Nelson Mandela-
04.07.2011 ,Zentrale ,Conversations with myself“
"","",Silberfarbener „Vuvuzela
04.07.2011 ,Zentrale ,Kugelschreiber“
"","",Notizblock mit Lederhülle verziert
04.07.2011 ,Zentrale ,mit bunter Perlenstickerei
02.07.2011 ,Zentrale ,„Firuz Plate“ Osmanli Collection
"","",Signiertes Foto des Kronprinzen
13.07.2011 ,Zentrale ,in schwarzem Rahmen
"","",Blassblaue Vase mit
13.07.2011 ,Zentrale ,Goldverzierungen
"","",Blau-weiss Teetassen und
14.07.2011 ,Zentrale ,Untertassen
14.07.2011 ,Zentrale ,Buch – Menos Tiempo Que Lugar
"","",Buch – Colombian Art – Santiago
14.07.2011 ,Zentrale ,Vélez
14.07.2011 ,Zentrale ,Decke in Leinensack (beige)
"","",Buch „Fiesta Grande Chiapa de
"","",Corzo“ in rotem Kasten mit bunter
16.07.2011 ,Zentrale ,Maske (Maske defekt)
16.07.2011 ,Zentrale ,Holzfigur Mann mit Hut
"","",Schildkröte bernsteinfarben auf
16.07.2011 ,Zentrale ,Koralle
"","",Silberfarbenes „Beetle Modell“ auf
16.07.2011 ,Zentrale ,schwarzem Sockel
16.07.2011 ,Zentrale ,DVD „Finca Hamburgo“
"","",Buch - Teothihuacan Ciudad De
16.07.2011 ,Zentrale ,Los Dioses
16.07.2011 ,Zentrale ,Buch – Comer Sano Vivir Mejor
"","",Buch – Artes Y Oficios En La
16.07.2011 ,Zentrale ,Buch – Arte Sano Artistas
"","",Buch - Muerte Sin Fin una
16.07.2011 ,Zentrale ,Cotidianeidad
"","",„Stadtschlüssel“ Tuxtla
16.07.2011 ,Zentrale ,bronzefarben in Holzbox
"","",Wall Art Panel Collection „Saka
20.07.2011 ,Zentrale ,Evidence“
11.07.2011 ,Zentrale ,DVD / CD Villa-Lobos
12.01.2011 ,Zentrale ,"Bildband, Reiseführer u. DVD"
10.02.2011 ,Zentrale ,Porzellan-Sammelteller
25.03.2011 ,Zentrale ,Metall-Samelteller
"","",Gerahmtes Foto von NLD Königin
"","",sowie Schale Royal Leerdam
12.04.2011 ,Zentrale ,Crystal
"","",Buch „The Secret History of the
08.06.2011 ,Zentrale ,Mongols“ in Holzschatulle
05.07.2011 ,Zentrale ,Medaille in Plastik
"","",Skizzen und
28.08.2010 ,Zentrale ,Wasserfarbenzeichnungen
Unbekannt -,"",""
gefunden,"",""
bei Sts-,"",""
Wechsel,"",""
Ammon –,"",""
Braun ,Zentrale ,2 gerahmte Mosaikbilder
Unbekannt -,"",""
gefunden,"",""
bei Sts-,"",""
Wechsel,"",""
Ammon –,"",""
Braun ,Zentrale ,Gerahmter Stich
Unbekannt -,"",""
gefunden,"",""
bei Sts-,"",""
Wechsel,"",""
Ammon –,"",""
Braun ,Zentrale ,Silbernes SDA Kaffee-Set
Unbekannt -,"",""
gefunden,"",""
bei Sts-,"",""
Wechsel,"",""
Ammon – ,"",Arabisches Duftset in
Braun ,Zentrale ,Samtschatulle
Unbekannt -,"",""
gefunden,"",""
bei Sts-,"",""
Wechsel,"",""
Ammon –,"",""
Braun ,Zentrale ,Bilderrahmen mit Miniaturen
Unbekannt -,"",""
gefunden,"",""
bei Sts-,"",""
Wechsel,"",""
Ammon –,"",""
Braun ,Zentrale ,Asiatisches Küchenbeil
"","","Deko-Teller aus Stein, mit"
01.07.2011 ,Zentrale ,Blumenmuster
"","","Schreibtischset, bestehend aus"
"","","Kugelschreiber, Lupe und"
"","",Brieföffner mit Holzgriffen in
01.07.2011 ,Zentrale ,Holzkiste
"","",kleines Schreibtischbild mit
"","","Gebäude in goldfarben, Aufschrift"
01.07.2011 ,Zentrale ,H.E.Mr. NGUYEN TAN DUNG
"","",Eisendose (rechteckig) mit
"","","Blumenmuster, blau in blauer"
01.07.2011 ,Zentrale ,Samtpackung
"","","Deko-Teller aus Stein, mit"
01.07.2011 ,Zentrale ,Blumenmuster
16.06.2011 ,Zentrale ,Royal Insigna Kugelschreiber
26.04.2011 ,Zentrale ,N.N.
06.09.2011 ,Pjöngjang ,N.N.
30.08.2011 ,Zentrale ,N.N.
05.07.2011 ,Zentrale ,N.N.
15.06.2011 ,Zentrale ,Präsident Obama
16.07.2011 ,Zentrale ,AM Mexico
21.07.2011 ,Zentrale ,Skatistan Kabul
21.07.2011 ,Zentrale ,Präsident Afghanistan
22.07.2011 ,Zentrale ,Gouverneur Marsar el sharif
12.08.2011 ,Zentrale ,AM Ägypten
09.08.2011 ,Zentrale ,Balkan Reise
10.08.2011 ,Zentrale ,Balkan Reise
11.08.2011 ,Zentrale ,Balkan Reise
11.08.2011 ,Zentrale ,Balkan Reise
14.07.2011 ,Zentrale ,AM Kolumbien
06.09.2011 ,Zentrale ,GS ASEAN
06.09.2011 ,Zentrale ,GS ASEAN
06.09.2011 ,Zentrale ,AM Portugal
12.09.2011 ,Zentrale ,AM Jordanien
13.09.2011 ,Zentrale ,AM'in Liechtenstein
14.09.2011 ,Zentrale ,AM Malta
14.09.2011 ,Zentrale ,Saudischer Botschafter
14.09.2011 ,Zentrale ,Vorsitzender Brasil Board,""
"","","","Über 1.000,-"
30.09.2011 ,Zentrale ,N.N.,""
30.09.2011 ,Zentrale ,N.N.,""
30.09.2011 ,Zentrale ,USA,""
30.09.2011 ,Zentrale ,Saudi-Arabien,""
30.09.2011 ,Zentrale ,Tunesien,""
30.09.2011 ,Zentrale ,Sultan von Brunei,""
30.09.2011 ,Zentrale ,Südkorea,""
30.09.2011 ,Zentrale ,Belgien,""
30.09.2011 ,Zentrale ,China,""
"","",Besuch Türkischer,""
30.09.2011 ,Zentrale ,Staatspräsident Gül,""
19.09.2011 ,Zentrale ,Präsident Türkei,""
18.09.2011 ,Zentrale ,Herrn Schapira,""
28.09.2011 ,Zentrale ,Governeur Mexiko,""
04.10.2011 ,Zentrale ,Niederlande Reise,""
18.10.2011 ,Paris ,N.N. ,"71,--"
31.10.2011 ,New Delhi ,N.N. ,"70,--"
11.10.2011 ,Zentrale ,AM Island,""
12.10.2011 ,Zentrale ,AM Ecuador,""
13.10.2011 ,Zentrale ,AM Türkei,""
"","","Minister European Union Affairs,"
13.10.2011 ,Zentrale ,Türkei
"","","Landwirtschaftsminister Italien,"
08.10.2011 ,Zentrale ,ANUGA Köln
"","","Landwirtschaftsminister Italien,"
08.10.2011 ,Zentrale ,ANUGA Köln
"","","Wirtschaftsminister Thailand,"
08.10.2011 ,Zentrale ,ANUGA Köln
"","","Wirtschaftsminister Thailand,"
08.10.2011 ,Zentrale ,ANUGA Köln
14.10.2011 ,Zentrale ,UN Institutionen Bonn
18.10.2011 ,Zentrale ,Präsident Uruguay
21.10.2011 ,Zentrale ,AM Peru
21.10.2011 ,Zentrale ,Tunesischer Botschafter
24.10.2011 ,Zentrale ,Secretary Chief Hongkong
25.10.2011 ,Zentrale ,Premierministerin Bangladesch
17.11.2011 ,Zentrale ,N.N.
"","",Traian Basescu Präsident
17.11.2011 ,Zentrale ,Rumänien
17.11.2011 ,Zentrale ,N.N.
01.11.2011 ,Zentrale ,AM Tadjikistan
01.11.2011 ,Zentrale ,AM Tadjikistan
28.10.2011 ,Zentrale ,AM Armenien
09.11.2011 ,Zentrale ,AM Albanien
17.11.2011 ,Zentrale ,Reise Turkmenistan
18.11.2011 ,Zentrale ,Außenminister Pakistan
18.11.2011 ,Zentrale ,Chief of Army Staff Pakistan
18.11.2011 ,Zentrale ,Chief of Army Staff Pakistan
18.11.2011 ,Zentrale ,Präsident Pakistan
18.11.2011 ,Zentrale ,Präsident Pakistan
19.11.2011 ,Zentrale ,Pakistan Reise
20.11.2011 ,Zentrale ,AM Italien
23.11.2011 ,Zentrale ,Wirtschaftsminister Costa Rica
28.11.2011 ,Zentrale ,Kronprinz Bahrain
28.11.2011 ,Zentrale ,Kronzprinz Bahrain
29.11.2011 ,Zentrale ,König Jordanien
"","",Botschafter Polen (Ende EU
30.11.2011 ,Zentrale ,Präsidentschaft)
02.12.2011 ,Zentrale ,AM Nigeria
05.12.2011 ,Zentrale ,Afghanistan Konferenz
05.12.2011 ,Zentrale ,Afg Konf – Vize AM Usbekistan
05.12.2011 ,Zentrale ,Afg Konf – AM Malysia
05.12.2011 ,Zentrale ,Afg Konf – AM Turkmenistan
05.12.2011 ,Zentrale ,Afg Konf – AM Turkmenistan
05.12.2011 ,Zentrale ,Afg Konf – AM Turkmenistan
05.12.2011 ,Zentrale ,Afg Konf – AM Indonesien
06.12.2011 ,Zentrale ,OSZE Konferenz,""
07.12.2011 ,Zentrale ,AM China,""
??? ,Zentrale ,Herren-Armbanduhr Tissot ,"350,--"
??? ,Zentrale ,Herren-Armbanduhr Tag Heuer,""
??? ,Zentrale ,Teller mit floralem Muster,""
??? ,Zentrale ,Vase mit Holzhalterung,""
15.09.2011 ,Zentrale ,Stiftschale,""
23.09.2011 ,Zentrale ,"Schale, blau, florale Muster, IRAN",""
??? ,Zentrale ,Bild mit goldfarbenen Rahmen,""
"",Zentrale ,N.N.,""
"","","Vorstand d. EnBW, Hrn.",""
"",Zentrale ,Baumgärtner,""
"",Zentrale ,N.N.,""
06.12.2011 ,Zentrale ,Botschafterin Oman,""
"","","übermittelt durch die Poststelle,",""
30.12.2011 ,Zentrale ,keine weiteren Angaben,""
04.01.202 ,Zentrale,"",""
20.12.2011 ,Zentrale ,silbernes Weihrauchbecken,""
20.12.2011 ,Zentrale ,goldene Manschettenknöpfe,""
20.12.2011 ,Zentrale ,silberne Lupe,""
20.12.2011 ,Zentrale ,Damenohrringe,""
20.12.2011 ,Zentrale ,Hugo Boss Eau de Toilette,""
"","",Manschettenknöpfe Fa.,""
04.01.2012 ,Zentrale ,Cottmann&Ludwig,""
28.12.2011 ,Zentrale ,Manschettenknöpfe,""
27.12.2012 ,Zentrale ,Manschettenknöpfe,""
28.12.2011 ,Zentrale ,Armbanduhr von Tissot ,"ca. 350,--"
"","",Handgefertigte Uhrenkiste aus,""
07.12.2011 ,Zentrale ,Kokosholz (dunkelbraun),""
05.12.2011 ,Zentrale ,Beiger Schal,""
"","",Oda Sherbet Cup – Osmanh,""
05.12.2011 ,Zentrale ,Collection (grün/gold),""
"","",Fotographien + 1 goldfarbene,""
"","","Münze in braunem,",""
15.12.2011 ,Zentrale ,flaschenförmigem Lederetui,""
15.12.2011 ,Zentrale ,CDs in grünem Etui,""
15.12.2011 ,Zentrale ,Bildband Aserbaidschan,""
16.12.2011 ,Zentrale ,Roter Teppich,""
"","",Buch „Akhalteke – our Pride and,""
"","","Glory“, Gurbanguly",""
16.12.2011 ,Zentrale ,Berdymukhamedov,""
"","",Buch „The Flight of Celestial,""
16.12.2011 ,Zentrale ,Race Horses“,""
"","",Buch „O Cavalo Arabe em,""
09.12.2011 ,Zentrale ,Portugal“ - Manuel H. D: Heleno,""
"","",Silberne Manschettenknöpfe in,""
09.12.2011 ,Zentrale ,kleiner schwarzer Box,""
09.12.2011 ,Zentrale ,Rot-blaue Krawatte,""
11.12.2011 ,Zentrale ,Stuben Glass – Vogelfigur,""
"","",Sammlung Glückwünsche zum,""
"","",40. Gebrutstag von Franz,""
11.12.2011 ,Zentrale ,Rosenzweig,""
16.01.2012 ,Zentrale ,Bonbonière aus Nickel,""
"","",Hugo Boss,""
05.01.2012 ,Zentrale ,Krawatte+Manschettenknöpfe,""
06.01.2012 ,Zentrale ,Schreibset der Fa. Daniel Hechter,""
04.01.2012 ,Zentrale ,"Femme de Montblanc, EdP 75ml",""
28.12.2011 ,Rom ,"EdT amorvero uomo, 50ml",""
20.12.2011 ,Zentrale ,Manschettenknöpfe RT,""
06.01.2012 ,Zentrale ,Schreibset der Fa. Parker mit Etui,""
23.01.2012 ,Zentrale ,silberne Kaffeekanne,""
16.01.2012 ,Zentrale ,EdP L'Instant de Guerlain,""
"","",Schlüsselring und,""
16.01.2012 ,Zentrale ,Halsschmuckanhänger,""
04.01.2012 ,Zentrale ,Teppich,""
"","",Fliesenbild blau/grün Töne in,""
10.01.2012 ,Zentrale ,goldfarbenem Rahmen,""
"","","Teller „Leptis Magna, the market“",""
10.01.2012 ,Zentrale ,(Goldtöne),""
10.01.2012 ,Zentrale ,CD „Musique Sera“,""
"","",Buch „To Axion Esti – Gepriesen,""
15.01.2012 ,Zentrale ,Sei“ - Odysseas Elytis,""
"","",Buch „Konstantinos Kavafis,""
15.01.2012 ,Zentrale ,Gedichte“,""
"","",David und Kim Okrant „Exotic,""
19.01.2012 ,Zentrale ,Hardwood Box“,""
"","",Silberner Wandteller mit GCC,""
03.02.2012 ,Zentrale ,Logo,""
"","",Friedenstaube aus Holz auf,""
06.02.2012 ,Zentrale ,Perlmut,""
"","","Hangestickter Tischläufer (rot,",""
06.02.2012 ,Zentrale ,"rosa, schwarz, grün)",""
"","",Silberfarbene Friedenstaube auf,""
06.02.2012 ,Zentrale ,dunklem Sockel,""
"","",Teller mit Verzierung aus 22,""
01.01.2012 ,Zentrale ,Karat Gold,""
01.01.2012 ,Zentrale ,Mosaikbild,""
01.01.2012 ,Zentrale ,Chinesische „Dekoration“,""
16.02.2012 ,Zentrale ,Armbanduhr von Tissot,""
16.02.2012 ,Zentrale ,Armbanduhr ,"70,--"
"","",hochwertige Armbanduhr von,""
15.03.2010 ,Zentrale ,"Gedenkmünze 50,-- silber ","","160,--"
"","",Löwenfigur Nymphenburger,"",""
04.02.2012 ,Zentrale ,Porzellan,"",""
05.02.2012 ,Zentrale ,Aalto vase miniature collectibles,"",""
"","",Gemälde orange mit,"",""
"","",Pferdemotiven in,"",""
"","",Holzlederrahmen in brauner,"",""
07.02.2012 ,Zentrale ,Holzkiste,"",""
"","",Oikos Texture Collection in,"",""
13.02.2012 ,Zentrale ,Holzbox,"",""
"","",„Holzschnitzerei“ mit braunem,"",""
14.02.2012 ,Zentrale ,Sockel,"",""
"","",Handgemachter Keramikteller mit,"",""
13.02.2012 ,Zentrale ,Blattmotiv,"",""
"","",Vergoldete Nachbildung „Huaca“,"",""
17.02.2012 ,Zentrale ,in braunem Holzrahmen,"",""
13.02.2012 ,Zentrale ,Silberner Schlüsselring,"",""
17.02.2012 ,Zentrale ,Grubenlampe,"",""
24.02.2012 ,Zentrale ,2 Drucke handsigniert,"",""
29.02.2012 ,Zentrale ,Pferdestatue (silber),"",""
16.01.2012 ,Asmara ,Herren-Armbanduhr Jaguar ,"","ca. 500,--"
13.02.2012 ,Kiew ,Herren-Armbanduhr ,"","ca. 70,--"
"","",Zwei Silber-Gedenkmünzen,"",""
"","",Schmuckanhänger+Manchettenk,"",""
23.02.2012 ,Zentrale ,nöpfe Halbedelstein,"",""
"","","Füllhalter Montblanc, Meisterstück","",""
17.02.2012 ,Prag ,mit Gravur Skoda ,"","ca. 350,--"
"","",2 Moccatassen und,"",""
"","",Gebäckschale (Kütahya,"",""
"","",Porzellan) Souvenirteller aus,"",""
21.02.2012 ,Zentrale ,Marmor,"",""
"","",Kunsthandwerk Silber in
07.03.2012 ,Zentrale ,schwarzem Rahmen
06.03.2012 ,Zentrale ,Buch „Geometrie der Nacktheit“
06.03.2012 ,Zentrale ,"Moser Gläser, 6 Stück"
"","",Wandteppich „Mann mit Hirsch“
07.03.2012 ,Zentrale ,(Erdtöne)
07.03.2012 ,Zentrale ,8 Münzen in lackierter Holzbox
08.03.2012 ,Zentrale ,Wanduhr mit Dorfmotiv (Kupfer)
"","",Ovale goldfarbene Plakette in
11.03.2012 ,Zentrale ,grüner Box
11.03.2012 ,Zentrale ,Gerahmtes Foto BM mit GS GCC
11.03.2012 ,Zentrale ,Handbemalter Holzteller
"","",Nachbildung aus Terrakotta von
13.03.2012 ,Zentrale ,Mutter Teresa
??? ,Zentrale ,3 gerahmte Bilder
??? ,Zentrale ,Schwert
??? ,Zentrale ,Rahmen mit Silberfiguren
??? ,Zentrale ,Kleiner Wandläufer
"","",Holzkiste mit Silberfrosch +
??? ,Zentrale ,Grüne Schale
02.12.2010 ,Zentrale ,Rahmen mit Goldfigur
15.12.2010 ,Zentrale ,Tischdecke/ Überwurf
01.12.2011 ,Zentrale ,CD
01.12.2011 ,Zentrale ,CD-Sammlung
18.10.2011 ,Zentrale ,Porzellanfigur
"","",Weihnachstgeschenke 2011,""
01.12.2011 ,Zentrale ,Druck Sondermarke,""
04.01.2012 ,Zentrale ,Tischdecke,""
15.02.2012 ,Zentrale ,Silberner Stift,""
15.02.2012 ,Zentrale ,Holzkästchen,""
15.02.2012 ,Zentrale ,Silbernes Kästchen,""
15.02.2012 ,Zentrale ,Holzskulptur,""
15.02.2012 ,Zentrale ,Teekanne,""
12.07.2012 ,Zentrale ,Silberschale,""
??? ,Zentrale ,Teetassen,""
??? ,Zentrale ,Holzaufsteller (mit Gold verziert),""
??? ,Zentrale ,Skyline (Glas),""
??? ,Zentrale ,Glasaufsteller,""
"","",Diverse Bücher -,""
??? ,Zentrale ,Weihnachtsgeschenke,""
??? ,Zentrale ,Babuschka,""
??? ,Zentrale ,Teppich,""
??? ,Zentrale ,Figur mit Schnaps,""
08.03.2012 ,Harare ,"Goldmünze (32 karat, 40 gr.) ","ca. 1600,--"
08.03.2012 ,Zentrale ,Parfum „Amouage Gold“ ,"ca. 200,--"
02.03.2012 ,Bern ,Tuch „Königliche Bayern Edition“,""
14.03.2012 ,Zentrale ,"Bild einer Uni, brauner Rahmen",""
"","","Bild, spielende Kinder mit",""
14.03.2012 ,Zentrale ,goldbraunem Rahmen,""
"","","Buch mit Teppichmotiven,",""
14.03.2012 ,Zentrale ,lilafarbener Einband,""
"","",4 quadratische Münzen in,""
14.03.2012 ,Zentrale ,dunkelbraunem Lederkasten,""
14.03.2012 ,Zentrale ,"Ölbild, Tasse mit Blumen",""
20.03.2012 ,Zentrale ,Windlicht aus Holz geschnitzt,""
"","",Mont Blanc Kugelschreiber +,""
05.03.2012 ,Djidda ,Mont Blanc Lederbörse,""
"","","1 Krawattennadel, 1 Paar",""
"","","Manschettenknöpfe, 1 Karaffe mit",""
21.02.2012 ,Prag ,6 Gläsern,""
15.03.2012 ,Zentrale ,4teiliges Schreibtischset aus Holz,""
15.03.2012 ,Zentrale ,Schmuckanhänger,""
15.03.2012 ,Zentrale ,"Reliefbild, 30x30cm",""
"","","„Dove Earrings“, gold in braunem",""
20.03.2012 ,Zentrale ,Rahmen,""
21.03.2012 ,Zentrale ,Russische Puppe „Matruschka“,""
14.03.2012 ,Zentrale ,I-Pod 8 GB,""
23.03.2012 ,Zentrale ,Brille Porsche Design,""
23.03.2012 ,Zentrale ,Brille Polo Ralph Lauren,""
"","",Korean Genre Painting coffee set,""
26.03.2012 ,Zentrale ,with Mandarin duck lids,""
"","",Abbildung (Perlmutoptik),""
"","",Verwaltungsgebäude der,""
"","",Universität in braunem,""
26.03.2012 ,Zentrale ,Holzrahmen,""
"","",Samsung Galaxy Tablet GT-,""
"","",P7500 mit Zubehör und Gipfel-,""
26.03.2012 ,Zentrale ,Silbermünze,""
03.05.2012 ,Zentrale ,Buch: Earthworks Bildband ,25 Euro
"","","Rolens Uhr, mit Lederarmband",""
"","","",50 Euro?
"","",Tag Heuer Uhr Aquaracer CAF,""
03.05.2012 ,Zentrale ,1111 Fz 5693 ,Ca. 900 Euro
"","","",Nicht
03.05.2012 ,Zentrale ,Vase ,feststellbar
03.05.2012 ,Zentrale ,Cloisone 2 Porzellanschalen ,Ca. 35 Euro?
03.05.2012 ,Zentrale ,Bilderrahmen Holz ,Ca. 15 Euro
03.05.2012 ,Zentrale ,Präsentierteller,""
"","","Bild mit Strand, Palmen, Hütten-",""
23.04.2012 ,Zentrale ,Motiv,""
"","",Organizer in hellbraunem,""
24.04.2012 ,Zentrale ,"Ledereinband, Faber-Castell",""
"","","Louis Vuitton Tasche, Modell",""
27.04.2012 ,Zentrale ,Vassili PM (Büro des BM),""
27.04.2012 ,Zentrale ,Gedenkmedaille ASEAN Treffen,""
"","",Glas-Gedenktafel mit Abbildung,""
27.04.2012 ,Zentrale ,Medical Park,""
27.04.2012 ,Zentrale ,Seidentuch in grüner Papprolle,""
28.04.2012 ,Zentrale ,Bilderrahmen Emaille blau,""
"","",Handgemaltes Porzellangefäß,""
28.04.2012 ,Zentrale ,bunt,""
"","",Handgemaltes 4teiliges,""
"","",Teetassenservice – schwarz-weiß-,""
28.04.2012 ,Zentrale ,bordeaux,""
"","",Kleine Holzbox bemalt mit,""
28.04.2012 ,Zentrale ,Buddakopf,""
"","",Anstecker kleiner vergoldeter,""
28.04.2012 ,Zentrale ,Elefant,""
"","",Gerahmtes Bild,""
29.04.2012 ,Zentrale ,“Präsidentenpalast”,""
29.04.2012 ,Zentrale ,Gerahmtes Bild “Pagode”,""
"","",Kunststofftasche schwarz mit,""
09.05.2012 ,Pjöngjang ,Signierte Vase mit floralem Motiv
"","",Porzellangefäß mit floralem Motiv
09.05.2012 ,Pjöngjang ,und Wappen Portugal
09.05.2012 ,Pjöngjang ,Maske mit rotem Bilderrahmen
"","",silberfarbener Kugelschreiber mit
09.05.2012 ,Pjöngjang ,Visitenkartenetui
"","",Kugelschreiben mit den Insignien
"","",des Sultans von Brunei
09.05.2012 ,Pjöngjang ,Darussalam
"","",1Al-Quds-Gedenmünze
09.05.2012 ,Pjöngjang ,„Palastine“
09.05.2012 ,Pjöngjang ,Seidenschal
"","",Silberplakette gerahmt Bosnien
09.05.2012 ,Pjöngjang ,Herzegowina
"","",irdenes Teeservice mit
"","","vergoldetem Besatz (1 Kanne, 6"
09.05.2012 ,Pjöngjang ,Tassen)
29.04.2012 ,Zentrale ,Certificate for Meritorial Deeds
"","",Bild Moredechai Rosenstein in
04.05.2012 ,Zentrale ,schwarzem Rahmen
"","","Olbild auf Leinwand, Motiv Strand"
09.05.2012 ,Zentrale ,in schwarzer Rolle
"","",“Tagua” Kugelschreiber schwarz
08.05.2012 ,Zentrale ,in “Ebano” Holzbox
"","",Mehrarmiger Kerzenständer
16.05.2012 ,Zentrale ,(Lapislazuli) in blauer Samtbox
"","",Porzellan Schale rechteckig
"","","(Pickard China, McLaughlin"
20.05.2012 ,Zentrale ,Glazeware) mit Chicago Motiv
"","",Briefbeschwerer aus Glas mit
03.06.2012 ,Zentrale ,zwei goldenen Pyramiden
"","",Handbemalter Teller “Talavera”
"","","mit Blumendekor (blau, gelb,"
03.06.2012 ,Zentrale ,"grün, rot)"
"",Zentrale ,Goldfarbener Teller in roter Box
"","",Kleine Glasweltkugel mit Sockel
04.06.2012 ,Zentrale ,aus Glas in blauer Samtbox
"","",Nachbildung Federal National
06.06.2012 ,Zentrale ,"Council (Glas, goldfarben)"
"","",Standbild mit silbernem Motiv
06.05.2012 ,Zentrale ,“Adler mit Burgturm”
"","",Goldfarbener Teller mit Abbildung
07.06.2012 ,Zentrale ,“Kuleli Military Academy”
"","",Silberfarbene längliche Platte und
07.06.2012 ,Zentrale ,Untertassen mit Tassen
"","",S&S Haddad Jezzine's traditional
"","",cutlery in blauer Box
07.06.2012 ,Zentrale ,(Käsemesserset)
"","",S&S Haddad Jezzine's traditional
"","",cutlery in cremefarbener Box
07.06.2012 ,Zentrale ,(Kuchengabelset)
"","",Gerahmtes Bild “Byblos Figurines
"","",– Temple of the Obelisks – 1800
07.06.2012 ,Zentrale ,B.C.)
"","",AZEZANA-Schal aus Seide
13.06.2012 ,Zentrale ,(Violetttöne)
21.06.2012 ,Zentrale ,Braune Picard Ledertasche
"","",6-teiliges Porzellan Tee-Service
"","",“Shinepukur” (weiß mit silbernen
23.06.2012 ,Zentrale ,Farbsegmenten)
"","",Silberne Schale mit Aufschrift
"","","“South Africa”, am Rand"
"","",Abbildung von verschiedenen
26.06.2012 ,Zentrale ,Tieren
"","",Dunkle Holztafel mit der Insel
26.06.2012 ,Zentrale ,Zypern als Abbildung in silber
"","",Weinrot-lackierte Holzschatulle,""
"","",von Hazorfim Silver Decor mit,""
"","",Abbildung Jerusalem auf dem,""
28.06.2012 ,Zentrale ,Deckel in silber,""
"","",USB-Stick (silber) der Marke,""
"","",Montejo mit Aufdruck,""
02.07.2012 ,Zentrale ,Außenministerium Spanien,""
"","","Porzellan-Teller, weiß mit",""
"","","goldfarbener Umrandung, mit",""
09.07.2012 ,Zentrale ,Initialien des Fürsten,""
"","",Damenarmbanduhr „Escisse Gio,""
06.06.2012 ,Zentrale ,"Monaco, Genf“ ","Über 3.000,-"
22.06.2012 ,Zentrale ,Münzen,""
22.06.2012 ,Zentrale ,Teeservice,""
22.06.2012 ,Zentrale ,Manschettenknöpfe,""
22.06.2012 ,Zentrale ,Gedenkmünze,""
22.06.2012 ,Zentrale ,2 Gedenkmünzen,""
22.06.2012 ,Zentrale ,Ledermappe,""
"",Botschaft,"",""
04.06.2012 ,Prag ,2 Sektgläser der Fa. Moser ,"Über 500,-"
"",Botschaft ,Konfektschale von Imperial,""
14.03.2012 ,Moskau ,Porcelain St. Petersburg,""
"",Botschaft ,Kugelschreiber der Marke Caran,""
16.04.2012 ,New York ,d'Arche ,"Über 100,-"
11.07.2012 ,Zentrale ,"Haddad Libanon, Kuchenset",""
20.06.2012 ,Zentrale ,Kilim – handgeknüpfter Läufer,""
02.05.2012 ,Zentrale ,Tischuhr,""
21.06.2012 ,Zentrale ,2 Tücher,""
"","",kl. Modell eines landestyp.,""
23.04.2012 ,Zentrale ,Hauses,""
20.06.2012 ,Zentrale ,Fächer zum Auf-stellen,""
19.03.2012 ,Zentrale ,Vase
Weihnachte,"",""
n 2011 ,Zentrale ,Offsetlithographie
30.05.2012 ,Zentrale ,Wandbehang
06.07.2012 ,Zentrale ,kl. Dolch
n.n. ,Zentrale ,Eau de Toilette
26.03.2012 ,Zentrale ,Stickerei
09.05.2012 ,Zentrale ,gerahmtes Foto
"","","Große Stahlschale länglich,"
19.07.2012 ,Zentrale ,silberfarben
22.08.2012 ,Zentrale ,Glaskaraffe
22.08.2012 ,Zentrale ,2 Gläser
"","",100 Jahre Liechtenstein
22.08.2012 ,Zentrale ,Briefmarken
24.08.2012 ,Zentrale ,Rotes Keramikschälchen
24.08.2012 ,Zentrale ,Kochbuch Bent Stiansen
"","",Manschettenknöpfe und
24.08.2012 ,Zentrale ,Kravattennadel
"","",Waldmann Füller mit
28.08.2012 ,Zentrale ,Namensgravur
28.08.2012 ,Zentrale ,"“Sakurai Lacquer” Dose, schwarz"
"","",Holzrahmen 16x17 cm mit
"","","Einlegemotiv silber, gold,"
30.08.2012 ,Zentrale ,kupferfarben mit Steinen
"","",Säule mit rundem Sockel mit
"","",kleiner Soldaten-Falken-Löwen
30.08.2012 ,Zentrale ,Statue
"","",Bild mit zwei Frauen in
"","",Landestracht mit braunem
30.08.2012 ,Zentrale ,Schwarze Aktentasche
"","",Nachbildungen von sechs “Dow-
02.09.2012 ,Zentrale ,Booten” in roter Box
"","",6 Parfümflacons und 1 Box
"","",Duftholz in weiß lackierter
02.09.2012 ,Zentrale ,Holzbox
12.09.2012 ,Zentrale ,Silberfarbene Pferdestatue
12.09.2012 ,Zentrale ,Mosaik
12.09.2012 ,Zentrale ,zwei Porzellanschälchen
12.09.2012 ,Zentrale ,eine Vase
28.09.2012 ,Zentrale ,"Orientalisches Schmuckset, Silber"
"",Addis ,"2 Paar Damenschuhe, Leder, von"
26.07.2012 ,Abeba ,ARA
28.09.2012 ,N.N. ,Maniküreset
"","",Porzellan-Teller von Güral
07.08.2012 ,Jakarta ,Porselen Türkei
21.09.2012 ,Zentrale ,Teppich
04.09.2012 ,Zentrale ,Teppich in grünem Beutel
07.09.2012 ,Zentrale ,USB-Stick
07.09.2012 ,Zentrale ,Silbernes Lesezeichen
07.09.2012 ,Zentrale ,Terrakotta Glockenform-Figur
"","",Silver Picture of Hoan Kiem Lake
20.09.2012 ,Zentrale ,– Phuc Tin Shop
24.09.2012 ,Zentrale ,Brauner Ledergeldbeutel
24.09.2012 ,Zentrale ,Minh Long Vase mit Blumenmotiv
24.09.2012 ,Zentrale ,Holzsegelboot in Holzkiste
"","","Hohe Keramikschale, tief, Muster"
"","","innen rot, außen weiß/braun"
11.10.2012 ,Zentrale ,gesprenkelt
"","",1:18 Kyosho Original Die-Cast
11.10.2012 ,Zentrale ,BMW X1 xDrive 28i
"","","750 ml Flasche Sekt, Weinhandel"
"","","und Versand Bremer Ratskeller,"
"","",Gusto Bistro-Café Shanghai in
11.10.2012 ,Zentrale ,dunkelblauem Lederetui
"","",4-teiliges Teeservice mit
"","","Teekanne, weiß mit"
"","",Seerosenmotiv in braunem
11.10.2012 ,Zentrale ,Lederkoffer
"","","Flacher Glasteller,"
"","",dunkelblau/gelb gesprenkelt mit
"","",Bildmotiv in der Mitte (Stadt am
13.10.2012 ,Zentrale ,Meer)
"","",Bilderrahmen dunkelbraun mit
"","","Figur aus 925 Silber,"
15.10.2012 ,Zentrale ,handgemacht
18.10.2012 ,Zentrale ,"Teeglas, goldfarbener Sockel"
"","","Teller aus Urushi-Holz, schwarz"
19.10.2012 ,Zentrale ,mit Blumenmuster
"","",Gezeichnete Karikatur des
13.10.2012 ,Zentrale ,Ministers
"","",Kupferfarbenes Bild mit
"","","mongolischen Reitern, Yurten,"
"","",Vieh: breiter dunkelbrauner
23.10.2012 ,Zentrale ,Rahmen
26.10.2012 ,Zentrale ,Hippo aus Jade
"","",Bild (ca. 200x150) auf
31.10.2012 ,Zentrale ,"Leinwand,Rottöne"
"","",Holzschnitzerei auf Rahmen mit
"","",Pferdekopf Holzschnitzerei (1m,""
01.11.2012 ,Zentrale ,hoch),""
06.11.2012 ,Zentrale ,Silber-Gedenkmütze,""
06.11.2012 ,Zentrale ,"Männer-Sakko, blau",""
"","","Gemälde, Straßenmotiv 120x120,",""
14.11.2012 ,Zentrale ,schwarzer Rahmen,""
21.11.2012 ,Zentrale ,Porzellan Mauerelement,""
23.11.2012 ,Zentrale ,Kamelminiatur silberfarben,""
"","","Armbanduhr Swiss Continental,",""
"","",Armband weist Gebrauchsspuren,""
06.12.2012 ,Zentrale ,auf. ,ca.200
06.12.2012 ,Zentrale ,Bild,""
06.12.2012 ,Zentrale ,Baumwoll-/Seidentuch,""
06.12.2012 ,Zentrale ,Gerry Weber Tasche hellbraun ,"ca. 50,-"
06.12.2012 ,Zentrale ,Gerry Weber Tasche dunkelbraun ,"ca. 50,-"
06.12.2012 ,Zentrale ,"Orientalisches Schmuckset, Silber",""
06.12.2012 ,Zentrale ,1 Krawatte Chan Soma,""
06.12.2012 ,Zentrale ,1 Jambia Krumdolch,""
"","",Münze (Replika Silber Dinar 1345-,""
21.11.2012 ,Zentrale ,1355),""
26.11.2012 ,Zentrale ,Blumenvase (Lapislazuli),""
"","",Beige Tischdecke mit,""
13.12.2012 ,Zentrale ,Blumenstickerei,""
"","",Kleines Silberschälchen in roter,""
13.12.2012 ,Zentrale ,Box,""
19.12.2012 ,Zentrale ,Stifteständer aus Holz,""
15.01.2013 ,Zentrale ,Holzskulptur „Intimité“,""
"","",Gemälde „Porte de Chef“ -,""
16.01.2013 ,Zentrale ,N'Guessan Essah Marcel,""
"","",Porzellanvase „The Great Silk,""
01.02.2013 ,Zentrale ,Road“,""
"","",Kristallbriefbeschwerer (beim,""
"","",Transport von 1-PV-511 fallen,""
"","","gelassen, an der linken Ecke",""
29.01.2013 ,Prag ,beschädigt),""
29.01.2013 ,Prag ,Kristallkaraffe,""
14.01.2013 ,Zentrale ,T-Shirt in Folie verpackt,""
14.01.2013 ,Zentrale ,Tischfigur,""
14.01.2013 ,Zentrale ,Sammler Briefmarken,""
14.01.2013 ,Zentrale ,Steinschatulle aus Lapislazuli,""
22.01.2013 ,Zentrale ,Stifteset der Marke Cross ,"ca. 150,-"
22.01.2013 ,Zentrale ,Herrenarmbanduhr EDOX,""
14.01.2013 ,Zentrale ,Weinset Xsara (3 Flaschen),""
14.01.2013 ,Zentrale ,"Brieföffner, versilbert",""
14.01.2013 ,Zentrale ,Tischlupe,""
14.01.2013 ,Zentrale ,"Lesezeichen, versilbert",""
14.01.2013 ,Zentrale ,Handspiegel,""
14.01.2013 ,Zentrale ,Brieföffner und Lupe (Set),""
14.01.2013 ,Zentrale ,Halskette,""
14.01.2013 ,Zentrale ,Seidentuch Louis Vuitton,""
"","",Eau de Toilette „Mont Blanc,""
14.01.2013 ,Zentrale ,Legend“,""
11.01.2013 ,Zentrale ,Schreibset Cerruti 1881,""
11.01.2013 ,Zentrale ,Schreibset Cerruti 1882,""
11.01.2013 ,Zentrale ,Schreibset Cerruti 1883
14.01.2013 ,Zentrale ,Konfektschale
14.01.2013 ,Zentrale ,Brieföffner
14.01.2013 ,Zentrale ,Parfum „Hugo Boss“
14.01.2013 ,Zentrale ,"Armbändchen, versilbert"
14.01.2013 ,Zentrale ,Halskette
"","",Alabaster Kerzenhalter mit
"","","Blumenmotiv Lapis, Malachit,"
28.01.2013 ,Zentrale ,"Koralle, Türkis"
"","",Nachbildung vergoldet Tempel
11.02.2013 ,Zentrale ,Borobodur
11.02.2013 ,Zentrale ,3D Darstellung Borobodur in Glas
"","",Laute mit Steinbockkopf Silber
21.02.2013 ,Zentrale ,(gerahmt)
"","",Landeswappen Albanien Silber
21.02.2013 ,Zentrale ,(gerahmt)
21.02.2013 ,Zentrale ,Tintenfässchen mit Feder Silber
"","",3 D Darstellung Thomas
25.02.2013 ,Zentrale ,Jefferson in Glas
"","",Acryl auf Leinwand 40/60 “Neues
05.02.2013 ,Zentrale ,wächst” - Sven Zeughardt
04.03.2013 ,Zentrale ,2 Enten aus Holz
"","",Silberner Matetee-Becher mit
13.03.2013 ,Zentrale ,Trinkhalm (Bombilla) in Holzkiste
"","",Silberne Blüte auf schwarzem
"","",Samt in einem goldenen
"","",4-er Set Gedenkmünzen (eckig)
14.03.2013 ,Zentrale ,in Schatulle in Buchform
"","","Silberner, spitzenförmiger Ständer"
19.03.2013 ,Zentrale ,für Duftblüten
"","",Silberner Zweig mit Blättern und
19.03.2013 ,Zentrale ,Früchten aus Duftholz
"","",Baumskulptur mit silbernen
"","",Blättern und Holzfrüchten (in
19.03.2013 ,Zentrale ,verziertem Silberrahmen)
"","",Russische Lackminiatur-Malerrei
"","",zum Anbringen an die Wand (ca.
22.03.2013 ,Zentrale ,50 cm x 25 cm)
08.04.2013 ,Zentrale ,Schuhputzset im Etui
"","",Jemenitischer Krummdolch mit
19.02.2013 ,Zentrale ,Gurt
"","",Bilderrahmen mit
"","",Miniaturreitzubehör (Aperos
08.04.2013 ,Zentrale ,Criollos)
"","",Niederländische Holzschuhe Gr.
09.04.2013 ,Zentrale ,45
10.04.2013 ,Zentrale ,Silberner Bilderrahmen
18.04.2013 ,Zentrale ,Bemalter Prozellan Teller “Yildiz”
"","",Kleiner Holzstuhl mit Plakette Kofi
27.04.2013 ,Zentrale ,Anan Center
"","",Gewebter Schal (Blautöne) Kofi
27.04.2013 ,Zentrale ,Anan Center
"","",Bunte Tonschale (beschädigt –
28.04.2013 ,Zentrale ,abgebrochene Randstücke)
"","",Dunkle Holzskulptur
30.04.2013 ,Zentrale ,(verschlungene Körper)
30.04.2013 ,Zentrale ,Holzuntergestell für einen Tisch
"","",Glasabbildung Belgien “Val Saint
26.04.2013 ,Zentrale ,Lambert”
"","",Kleiner Tonkrug mit
"","",Silberverzierung “Arieh Klein Ltd
06.05.2013 ,Zentrale ,Jerusalem”
"","",Rote Stickerei in braunem
18.05.2013 ,Zentrale ,Holzrahmen (50x50)
"","",Holzkästchen (Künsterlin Marija
19.05.2013 ,Zentrale ,Jovanovic)
19.05.2013 ,Zentrale ,Labarum Abbildung auf Holzplatte
"","",Runde Plakette mit serbischem
19.05.2013 ,Zentrale ,Nationalwappen
"","","Kleine ""Mutter Teresa"" Statue,"
20.05.2013 ,Zentrale ,goldfarben
"","",Silberfarbener Rahmen mit
20.05.2013 ,Zentrale ,Blumenabbildung (silberfarben)
"","",Rot bemalte Holzvase in blauer
26.05.2013 ,Zentrale ,Kiste
28.05.2013 ,Zentrale ,Roter Teppich
"","",Bild von Guenther Uecker (in
"","",Besitz BM - materieller Wert
"","",durch BM an Bundeskasse
"","",überwiesen am 24.05.-Vermerk
01.05.2013 ,Zentrale ,an 109-011)
29.05.2013 ,Zentrale ,Manschettenknöpfe (Verbleib BM)
30.05.2013 ,Zentrale ,Manschettenknöpfe (Verbleib BM)
01.06.2013 ,Zentrale ,Manschettenknöpfe (Verbleib BM)
"","","Ölgemälde ""Der Weise"""
"","",(in den Kunstbestand des AA
03.06.2013 ,Zentrale ,übernommen - Fr. Welther 115-2)
"","",Benjarong handbemaltes
05.06.2013 ,Zentrale ,Porzellanpferd (Büro BM)
"","","Schiffsabbildung ""Bernstein"" in"
06.06.2013 ,Zentrale ,Holzrahmen
08.06.2013 ,Zentrale ,Teppich
"","",Urnenartiges Gefäß (blau-rot-
08.06.2013 ,Zentrale ,okka)
09.06.2013 ,Zentrale ,Plakette mit Gesicht
09.06.2013 ,Zentrale ,Kannengefäß Lapislazuli
09.06.2013 ,Zentrale ,Traditioneller Kaftan
07.11.2012 ,Zentrale ,Fruchtschale
24.10.2012 ,Zentrale ,Bastvase/DVD
22.10.2012 ,Zentrale ,"Beutel, Vogel/ Schachtel aus Holz"
09.11.2012 ,Zentrale ,Dose
N.N. ,Zentrale ,"Anhänger,"
N.N. ,Zentrale ,Briefbeschwerer (Lupe)
N.N. ,Zentrale ,Teelichthalter
29.05.2013 ,Zentrale ,Lackdose
21.11.2012 ,Zentrale ,Schreibgarnitur/ Holzschild
26.11.2012 ,Zentrale ,Teller
02.11.2012 ,Zentrale ,Brosche
22.10.2012 ,Zentrale ,Armband
25.09.2012 ,Zentrale ,Münze
14.09.2012 ,Zentrale ,Teppich
07.11.2012 ,Zentrale ,Münze
11.09.2012 ,Zentrale ,Bezug
01.03.2013 Zentrale ,Gefäß
20.11.2012 Zentrale ,Tuch
N.N. Zentrale ,Manschettenknöpfe
17.12.2012 Zentrale ,Tuch
N.N. Zentrale ,Tischdecke
N.N. Zentrale ,"Geldbörse, Schlüsseltasche"
N.N. Zentrale ,Sandbild
14.01.2013 Zentrale ,Teller
11.06.2012 Zentrale ,Bild
06.05.2013 Zentrale ,Rahmen
28.05.2013 Zentrale ,Münzen
30.11.2012 Zentrale ,Tuch/DVD/Broschüre
"",Messing Eiswagen mit Eismann
04.06.2013 Zentrale ,und Sonnenschirm
13.06.2013 Zentrale ,Runder silberfarbener Teller
18.06.2013 Zentrale ,Armreif aus Jade
26.06.2013 Zentrale ,"Symbols of Ireland ""Harp"""
02.07.2013 Zentrale ,Silberschale in Schwanenform
02.07.2013 Zentrale ,Silbermünze und Silber Banknote
"","Teller mit Motiv ""Red Castle"
03.07.2013 Zentrale ,"Tripolis"""
04.07.1905 Zentrale ,"Buch ""American National Parks"""
"",Wappen der Palästinensischen
2012 Zentrale ,Polizei
2012 Zentrale ,Holzvase mit Schatulle
"",Porzellan-Teedose u. Porzellan-
2012 Zentrale ,Schale mit Deckel
2012 Zentrale ,Silberschatulle in Holzschatulle
"","Porzellanteller, versch. Grüntöne"
"",und rosa (Größe eines
2012 Zentrale ,Desserttellers)
2012 Zentrale ,Bilderrahmen
"","Buch ""Ein Reformer auf dem"
2012 Zentrale ,"Thron"""
"","Afghanischer Teppich (Brücke),"
2012 Zentrale ,Maße ca. 100cm x 120cm
"",2x Bahrain Delmon Seals 3000
2012 Zentrale ,B.C.
"",Bilderrahmen sowie bild mit
"",Blumen und Schmetterlingsmotiv
2012 Zentrale ,aus Edelsteinen
"",Bilderrahmen mit Papyrusbild
"",(From the tomp (!) of Queen
2012 Zentrale ,Nefertari
"",Lederbrieftasche A4
26.06.2013 Zentrale ,(schwarz/braun)
04.07.2013 Zentrale ,kleines Silbertablett mit Gravur
"",Porzellanskulptur LLADRO
"","""Fraternitas"", 26x31, Ernest"
19.07.2013 Zentrale ,Massuet
12.08.2013 Zentrale ,Gerahmte Wandstickerei
12.08.2013 Zentrale ,"Bild ""Olivenbaum/Friedenstaube"""
14.08.2013 Zentrale ,Teppich 170x90cm
14.08.2013 Zentrale ,silberfarbener Flacon
Botschaft ,Herrenarmbanduhr Marke Jovial
09.09.2013 Bagdad ,(4545 G)
"",Vase und Elefantenstatuette -
09.09.2013 Zentrale ,vergoldet
"",vergoldetes Schalenset mit
09.09.2013 Zentrale ,Tablett
"",Kugelschreiber mit Krokodilsleder
09.09.2013 Zentrale ,in Holzbox
"","Seidentuch, silberner Fotorahmen"
09.09.2013 Zentrale ,mit Email-Einlage (Italien)
"",traditionelle usbekische
09.09.2013 Zentrale ,Damenjacke - bestickt
"",The Michael Werner Collection -
"",Bildband der Galerie Michael
"","Werner ""I sat Beauty on my knees"
09.09.2013 Zentrale ,… and I relived her
09.09.2013 Zentrale ,persische Pfeife
"",elektronisches Gerät
09.09.2013 Zentrale ,(Lautsprechersystem)
"",Schreibset (Füller und
Botschaft ,Kugelschreiber der Marke Daniel
09.09.2013 Conakry ,Hechter)
09.09.2013 Zentrale ,Perlenkette
"",4 Audio-CDs Die Saga von egill
09.09.2013 Zentrale ,und von Grettir
Botschaft,""
09.09.2013 Bagdad ,Damenuhr der Firma OPTIMA
GK ,Fayence-Schale und Mokka-
09.09.2013 Bordeaux ,Tassen + Büchlein Sagesoes
Botschaft,""
Botschaft ,Schale aus böhmischem Glas mit,""
09.09.2013 Prag ,Granatsteinen,""
09.09.2013 Zentrale ,"Kästchen, Lapislazuli",""
09.09.2013 Zentrale ,"Schale , Lapislazuli",""
09.09.2013 Zentrale ,Silberteller mit Porzellan,""
09.09.2013 Zentrale ,Kunstmappe,""
09.09.2013 Zentrale ,2 Satz Tischwäsche,""
09.09.2013 Zentrale ,Satz Olympia-Abzeichen,""
09.09.2013 Zentrale ,"Porzellanschale, bemalt",""
"",silberne Gedenkmünze zu 130,""
09.09.2013 Zentrale ,Jahre Nationalbank,""
"","Kugelschreiber, Mont Blanc",""
Botschaft ,"(Princesse de Monaco, Mod.",""
09.09.2013 Bagdad ,106632) ,ca. 650
Botschaft ,"Kugelschreiber (Thailand),",""
09.09.2013 Rom ,Kästchen mit Münze (Libanon),""
"",Vase und Elefantenstatuette -,""
09.09.2013 Zentrale ,vergoldet,""
09.09.2013 Zentrale ,Damenuhr,""
17.09.2013 Zentrale ,Bild Tempel in Bagan,""
19.11.2013 Zentrale ,Silberschale,""
05.11.2013 Zentrale ,Holzkiste mit buntem Deckel,""
"","Replica Bronze ""Kolkhetian",""
07.10.2013 Zentrale ,"Buckle"" Giorgi Eteria",""
"",Holzbox mit 2 Silbermünzen mit,""
31.10.2013 Zentrale ,Kirchenmotiven,""
30.10.2013 Zentrale ,Vase,""
"","Gerahmtes Bild ""Laiko tekma,",""
07.09.2013 Zentrale ,"1995"" Alfonsas Cepauskas",""
30.10.2013 Zentrale ,Teppich,""
19.11.2013 Zentrale ,Bild Abbas,""
21.06.2013 Zentrale ,Bild,""
10.11.2013 Zentrale ,silberne Manschettenknöpfe,""
"",Abbildung Maqta Fort Abu Dhabi,""
12.11.2013 Zentrale ,in braunem Rahmen in Box,""
12.11.2013 Zentrale ,Segelschiff in blauem Koffer,""
"",Glasschale Villeroy & Boch mit,""
18.11.2013 Zentrale ,EAD Logo,""
"",Füllhorn silberfarben mit,""
18.11.2013 Zentrale ,Pferdekopf als Fuß,""
"",Stich Berg-Gletschermotiv mit,""
"",Bergsteigern (schwarz-weiß) mit,""
27.11.2013 Zentrale ,silbernen Rahmen,""
"",Gemälde Berg/Savanne mit,""
02.12.2013 Zentrale ,Zebras,""
"",Faber-Castell Intuition Füllhalter ,Internet ca.
02.12.2013 Zentrale ,und Drehkugelschreiber Terra ,500
02.12.2013 Zentrale ,Manschettenknöpfe,""
16.12.2013 Zentrale ,Porzellan Elefant,""
10.12.2013 Zentrale ,Narai Phand Porzellangefäß,""
